id,tvt
000d7d20_1442,11755.567138239649
000d7d20_1443,11755.646779178694
000d7d20_1444,11756.238105531642
000d7d20_1445,11756.941472016313
000d7d20_1446,11757.645954956688
000d7d20_1447,11757.67253019555
000d7d20_1448,11757.07717181326
000d7d20_1449,11756.516845835284
000d7d20_1450,11755.88916985092
000d7d20_1451,11754.284528173608
000d7d20_1452,11754.184368900847
000d7d20_1453,11753.41833848606
000d7d20_1454,11754.955093473522
000d7d20_1455,11755.634473927566
000d7d20_1456,11756.655759305431
000d7d20_1457,11756.945079971221
000d7d20_1458,11756.405526154276
000d7d20_1459,11756.71724875755
000d7d20_1460,11757.331491550814
000d7d20_1461,11757.631613429048
000d7d20_1462,11757.30171190075
000d7d20_1463,11754.851333182072
000d7d20_1464,11755.213968948234
000d7d20_1465,11755.687791956349
000d7d20_1466,11757.636680402617
000d7d20_1467,11757.447316763319
000d7d20_1468,11757.69624463959
000d7d20_1469,11757.05482975814
000d7d20_1470,11756.919530447913
000d7d20_1471,11757.019647999661
000d7d20_1472,11760.25973306039
000d7d20_1473,11761.940931737481
000d7d20_1474,11767.229493904939
000d7d20_1475,11769.51084989035
000d7d20_1476,11771.662419649809
000d7d20_1477,11769.855045417136
000d7d20_1478,11769.263925223822
000d7d20_1479,11769.391159418412
000d7d20_1480,11770.849573110265
000d7d20_1481,11770.145129221472
000d7d20_1482,11769.911506441791
000d7d20_1483,11767.831150643005
000d7d20_1484,11767.820356352982
000d7d20_1485,11768.127476018011
000d7d20_1486,11768.425682887979
000d7d20_1487,11767.934993315654
000d7d20_1488,11767.582388627809
000d7d20_1489,11766.685824346283
000d7d20_1490,11762.393392390011
000d7d20_1491,11759.068079496306
000d7d20_1492,11756.561583379409
000d7d20_1493,11757.80903605641
000d7d20_1494,11757.932634531251
000d7d20_1495,11757.528710850356
000d7d20_1496,11756.969442402413
000d7d20_1497,11755.898445016495
000d7d20_1498,11756.373508023062
000d7d20_1499,11757.268040714256
000d7d20_1500,11758.203340707238
000d7d20_1501,11757.668023634162
000d7d20_1502,11760.204919617501
000d7d20_1503,11765.514994924699
000d7d20_1504,11769.520315739013
000d7d20_1505,11769.190239192758
000d7d20_1506,11767.26910895844
000d7d20_1507,11768.92612001216
000d7d20_1508,11769.563174946588
000d7d20_1509,11766.070957417838
000d7d20_1510,11761.280780237275
000d7d20_1511,11758.355377164791
000d7d20_1512,11760.66052224476
000d7d20_1513,11764.145460725702
000d7d20_1514,11765.58674903048
000d7d20_1515,11765.153505451524
000d7d20_1516,11763.756221176378
000d7d20_1517,11764.624176768353
000d7d20_1518,11766.887656696052
000d7d20_1519,11770.03249761705
000d7d20_1520,11772.833616929112
000d7d20_1521,11770.12706878035
000d7d20_1522,11768.071708458965
000d7d20_1523,11766.415001523588
000d7d20_1524,11770.269110518107
000d7d20_1525,11771.670775595527
000d7d20_1526,11772.67034759409
000d7d20_1527,11768.904343915812
000d7d20_1528,11766.204659905407
000d7d20_1529,11765.27073320663
000d7d20_1530,11768.242058705102
000d7d20_1531,11770.610745656393
000d7d20_1532,11772.207932367142
000d7d20_1533,11771.481953810204
000d7d20_1534,11770.466615264775
000d7d20_1535,11768.582437161689
000d7d20_1536,11767.28869451702
000d7d20_1537,11765.314252109572
000d7d20_1538,11762.058262325365
000d7d20_1539,11759.568378571334
000d7d20_1540,11757.503866545676
000d7d20_1541,11755.89017777033
000d7d20_1542,11752.091764678853
000d7d20_1543,11751.187050706632
000d7d20_1544,11752.760062362053
000d7d20_1545,11757.117800401378
000d7d20_1546,11758.990917562936
000d7d20_1547,11759.901746524227
000d7d20_1548,11759.505293765375
000d7d20_1549,11758.45942568437
000d7d20_1550,11757.103413724408
000d7d20_1551,11756.714174539697
000d7d20_1552,11757.73946975327
000d7d20_1553,11758.199905836145
000d7d20_1554,11755.34644878179
000d7d20_1555,11752.093033839083
000d7d20_1556,11751.659698307552
000d7d20_1557,11753.746748337386
000d7d20_1558,11755.076120936683
000d7d20_1559,11749.407400151578
000d7d20_1560,11747.85291940975
000d7d20_1561,11746.450027337743
000d7d20_1562,11751.56996306209
000d7d20_1563,11753.206377666129
000d7d20_1564,11754.537023172816
000d7d20_1565,11753.875502277471
000d7d20_1566,11754.274962943573
000d7d20_1567,11756.170929312706
000d7d20_1568,11758.309950995628
000d7d20_1569,11758.524693427482
000d7d20_1570,11757.908704736605
000d7d20_1571,11754.03278954918
000d7d20_1572,11754.589984012753
000d7d20_1573,11756.617507895864
000d7d20_1574,11760.015825405399
000d7d20_1575,11757.77757642245
000d7d20_1576,11753.301541402909
000d7d20_1577,11751.038747034037
000d7d20_1578,11750.322114261573
000d7d20_1579,11750.779098682904
000d7d20_1580,11752.546497035664
000d7d20_1581,11756.108869190779
000d7d20_1582,11758.995189644369
000d7d20_1583,11759.764195874284
000d7d20_1584,11756.191134291206
000d7d20_1585,11752.326998702956
000d7d20_1586,11750.203656222731
000d7d20_1587,11752.336504589337
000d7d20_1588,11752.185439128143
000d7d20_1589,11753.731079667574
000d7d20_1590,11753.700983808294
000d7d20_1591,11755.527474794804
000d7d20_1592,11755.244387366196
000d7d20_1593,11755.194988217947
000d7d20_1594,11755.932124067098
000d7d20_1595,11756.010709662989
000d7d20_1596,11756.02220692185
000d7d20_1597,11756.078834402411
000d7d20_1598,11755.898906280467
000d7d20_1599,11756.014837873683
000d7d20_1600,11756.199683475774
000d7d20_1601,11756.984744309457
000d7d20_1602,11757.738583826917
000d7d20_1603,11758.99466910427
000d7d20_1604,11759.07902208136
000d7d20_1605,11758.84367629932
000d7d20_1606,11757.890542382927
000d7d20_1607,11758.072623357817
000d7d20_1608,11758.299814119731
000d7d20_1609,11758.13081297065
000d7d20_1610,11757.157684478929
000d7d20_1611,11756.07235968351
000d7d20_1612,11755.42085110245
000d7d20_1613,11755.250561910892
000d7d20_1614,11755.984882811083
000d7d20_1615,11756.813045181256
000d7d20_1616,11757.469045033615
000d7d20_1617,11756.66365503383
000d7d20_1618,11755.905399967947
000d7d20_1619,11755.22292885719
000d7d20_1620,11755.73114389638
000d7d20_1621,11756.817659290726
000d7d20_1622,11757.97876952328
000d7d20_1623,11758.45980115899
000d7d20_1624,11758.428652489689
000d7d20_1625,11758.30182665927
000d7d20_1626,11758.476257683253
000d7d20_1627,11758.751189658868
000d7d20_1628,11759.34871278031
000d7d20_1629,11759.939216189001
000d7d20_1630,11759.951871375777
000d7d20_1631,11759.7136320433
000d7d20_1632,11759.293731612774
000d7d20_1633,11758.553648516941
000d7d20_1634,11757.613311962055
000d7d20_1635,11756.566752558538
000d7d20_1636,11756.385779503378
000d7d20_1637,11756.998631980263
000d7d20_1638,11758.019296867029
000d7d20_1639,11758.842201261788
000d7d20_1640,11758.937227381242
000d7d20_1641,11758.785886157622
000d7d20_1642,11758.627599420768
000d7d20_1643,11758.532573301314
000d7d20_1644,11758.644147798585
000d7d20_1645,11758.440805095643
000d7d20_1646,11758.558083432481
000d7d20_1647,11759.012232345689
000d7d20_1648,11760.474778716603
000d7d20_1649,11761.616053006073
000d7d20_1650,11762.045688559747
000d7d20_1651,11761.57548796616
000d7d20_1652,11761.632713532223
000d7d20_1653,11761.971590788125
000d7d20_1654,11761.939229092968
000d7d20_1655,11760.882036787805
000d7d20_1656,11759.460174033864
000d7d20_1657,11758.72351177101
000d7d20_1658,11758.956267783864
000d7d20_1659,11760.067362783711
000d7d20_1660,11761.306587335312
000d7d20_1661,11762.110419155308
000d7d20_1662,11761.776046495657
000d7d20_1663,11760.833868321495
000d7d20_1664,11759.76909142786
000d7d20_1665,11759.099323696253
000d7d20_1666,11758.932942424695
000d7d20_1667,11759.274128383753
000d7d20_1668,11760.491217518686
000d7d20_1669,11761.592549405468
000d7d20_1670,11762.266595072775
000d7d20_1671,11761.608927492134
000d7d20_1672,11760.672518170579
000d7d20_1673,11757.593428156759
000d7d20_1674,11755.311910733946
000d7d20_1675,11754.768324422781
000d7d20_1676,11756.474411931418
000d7d20_1677,11757.536242132477
000d7d20_1678,11757.382308925005
000d7d20_1679,11757.585752736408
000d7d20_1680,11757.882815684774
000d7d20_1681,11757.436626464352
000d7d20_1682,11756.70387584343
000d7d20_1683,11756.204742136275
000d7d20_1684,11756.14310606818
000d7d20_1685,11755.86692042544
000d7d20_1686,11756.085565200905
000d7d20_1687,11756.497541998266
000d7d20_1688,11757.104325794016
000d7d20_1689,11757.370712183721
000d7d20_1690,11755.341091998853
000d7d20_1691,11755.338535766079
000d7d20_1692,11755.357713863586
000d7d20_1693,11758.195630847134
000d7d20_1694,11757.868528607272
000d7d20_1695,11756.825892134044
000d7d20_1696,11754.66761029126
000d7d20_1697,11754.901038952688
000d7d20_1698,11756.003632757123
000d7d20_1699,11757.050331771794
000d7d20_1700,11757.110702376165
000d7d20_1701,11756.786664353922
000d7d20_1702,11756.952014331668
000d7d20_1703,11756.770647358835
000d7d20_1704,11756.908583410519
000d7d20_1705,11757.319032551643
000d7d20_1706,11757.581921231884
000d7d20_1707,11758.009240891188
000d7d20_1708,11758.707577628744
000d7d20_1709,11759.650951980126
000d7d20_1710,11760.060998250245
000d7d20_1711,11759.61671200618
000d7d20_1712,11759.112784909885
000d7d20_1713,11758.49632990158
000d7d20_1714,11758.933701107688
000d7d20_1715,11759.170658423338
000d7d20_1716,11759.734856959607
000d7d20_1717,11758.975763469925
000d7d20_1718,11759.166419967522
000d7d20_1719,11759.593460898606
000d7d20_1720,11758.454957449723
000d7d20_1721,11758.353858086082
000d7d20_1722,11758.935353791721
000d7d20_1723,11761.386089726577
000d7d20_1724,11762.159100856528
000d7d20_1725,11762.159100856528
000d7d20_1726,11762.449181701066
000d7d20_1727,11762.449181701066
000d7d20_1728,11761.827943249815
000d7d20_1729,11760.835031613087
000d7d20_1730,11760.037237043349
000d7d20_1731,11759.644688874527
000d7d20_1732,11759.75683080161
000d7d20_1733,11760.793232142181
000d7d20_1734,11760.542870852069
000d7d20_1735,11757.686300075287
000d7d20_1736,11755.943010610892
000d7d20_1737,11755.816054178882
000d7d20_1738,11756.99565271962
000d7d20_1739,11757.733124686938
000d7d20_1740,11756.038319812147
000d7d20_1741,11757.342167753894
000d7d20_1742,11756.797228081261
000d7d20_1743,11757.488978778465
000d7d20_1744,11757.025897553971
000d7d20_1745,11757.225658606978
000d7d20_1746,11758.797856471714
000d7d20_1747,11758.742979270975
000d7d20_1748,11758.480427971628
000d7d20_1749,11757.718841530972
000d7d20_1750,11758.54826531517
000d7d20_1751,11758.976975574667
000d7d20_1752,11757.561683360647
000d7d20_1753,11755.857140878135
000d7d20_1754,11753.448229361156
000d7d20_1755,11753.419621363262
000d7d20_1756,11753.687161278538
000d7d20_1757,11754.702748271106
000d7d20_1758,11755.586851363538
000d7d20_1759,11755.424528533535
000d7d20_1760,11755.423478263367
000d7d20_1761,11755.143332120448
000d7d20_1762,11755.349069697693
000d7d20_1763,11752.28736431656
000d7d20_1764,11750.060077106993
000d7d20_1765,11747.853547284161
000d7d20_1766,11749.890603012807
000d7d20_1767,11751.370053216517
000d7d20_1768,11753.02264449174
000d7d20_1769,11753.438007940293
000d7d20_1770,11751.327086540156
000d7d20_1771,11751.350682529848
000d7d20_1772,11752.131910757415
000d7d20_1773,11755.45168869895
000d7d20_1774,11756.6947696076
000d7d20_1775,11757.934721826765
000d7d20_1776,11758.898331972248
000d7d20_1777,11758.883142849822
000d7d20_1778,11757.940801915245
000d7d20_1779,11756.731504265472
000d7d20_1780,11755.986833664894
000d7d20_1781,11754.82792789125
000d7d20_1782,11753.505197077631
000d7d20_1783,11752.238540800967
000d7d20_1784,11752.786774616383
000d7d20_1785,11753.512887306193
000d7d20_1786,11754.225387450795
000d7d20_1787,11753.717900117552
000d7d20_1788,11753.432391185917
000d7d20_1789,11753.303813835419
000d7d20_1790,11753.291410476491
000d7d20_1791,11753.8892004231
000d7d20_1792,11753.416109695469
000d7d20_1793,11753.212346274491
000d7d20_1794,11753.287661653167
000d7d20_1795,11754.416919050886
000d7d20_1796,11755.307429263868
000d7d20_1797,11755.34114030643
000d7d20_1798,11755.03471785606
000d7d20_1799,11756.127522259523
000d7d20_1800,11756.358132700383
000d7d20_1801,11754.286932015077
000d7d20_1802,11752.401350951573
000d7d20_1803,11752.359466802258
000d7d20_1804,11755.080800462338
000d7d20_1805,11756.490648093104
000d7d20_1806,11756.029010087164
000d7d20_1807,11754.798918908637
000d7d20_1808,11753.40415429901
000d7d20_1809,11753.73362997151
000d7d20_1810,11752.467994443614
000d7d20_1811,11752.995464441206
000d7d20_1812,11752.680029573661
000d7d20_1813,11755.47551624165
000d7d20_1814,11756.263873123055
000d7d20_1815,11757.610892556055
000d7d20_1816,11756.878895274305
000d7d20_1817,11756.085305321894
000d7d20_1818,11754.047129535616
000d7d20_1819,11752.279097226283
000d7d20_1820,11752.481534060746
000d7d20_1821,11753.031295238887
000d7d20_1822,11754.312651492983
000d7d20_1823,11753.443186004348
000d7d20_1824,11752.823837793738
000d7d20_1825,11751.61777026525
000d7d20_1826,11748.280622783617
000d7d20_1827,11746.630355311725
000d7d20_1828,11745.793122642348
000d7d20_1829,11747.182942330883
000d7d20_1830,11747.091652075183
000d7d20_1831,11749.185095485422
000d7d20_1832,11751.313850528795
000d7d20_1833,11753.33241597975
000d7d20_1834,11752.994370474562
000d7d20_1835,11753.421243416675
000d7d20_1836,11753.369478591725
000d7d20_1837,11753.268266469922
000d7d20_1838,11752.466777623025
000d7d20_1839,11752.217241884086
000d7d20_1840,11752.118647523544
000d7d20_1841,11752.179651743218
000d7d20_1842,11752.050462309327
000d7d20_1843,11752.1602326129
000d7d20_1844,11752.244708107684
000d7d20_1845,11752.492101793088
000d7d20_1846,11752.741927328832
000d7d20_1847,11753.040779781784
000d7d20_1848,11753.093692409166
000d7d20_1849,11752.924185149759
000d7d20_1850,11752.938235271698
000d7d20_1851,11753.103877692474
000d7d20_1852,11753.1733736182
000d7d20_1853,11753.053326006551
000d7d20_1854,11752.736953297403
000d7d20_1855,11752.973203209951
000d7d20_1856,11753.068184098765
000d7d20_1857,11753.457732570203
000d7d20_1858,11753.381880760951
000d7d20_1859,11753.538094189897
000d7d20_1860,11753.728476505952
000d7d20_1861,11753.993276661182
000d7d20_1862,11754.952175221973
000d7d20_1863,11756.10040755931
000d7d20_1864,11756.979964850974
000d7d20_1865,11756.994981211557
000d7d20_1866,11756.480659047122
000d7d20_1867,11756.209389541595
000d7d20_1868,11755.529803574522
000d7d20_1869,11754.983951334661
000d7d20_1870,11754.494808721147
000d7d20_1871,11753.888599379112
000d7d20_1872,11753.749230264808
000d7d20_1873,11753.526612879143
000d7d20_1874,11754.143560684834
000d7d20_1875,11755.133585913996
000d7d20_1876,11756.259875898388
000d7d20_1877,11756.351574964305
000d7d20_1878,11756.064262145255
000d7d20_1879,11754.652900255753
000d7d20_1880,11754.805416316687
000d7d20_1881,11754.61077660702
000d7d20_1882,11755.411910446264
000d7d20_1883,11754.620118040928
000d7d20_1884,11753.610558961978
000d7d20_1885,11752.52975790978
000d7d20_1886,11752.27140499525
000d7d20_1887,11752.24737407734
000d7d20_1888,11752.280847297603
000d7d20_1889,11752.619499678833
000d7d20_1890,11753.242651638227
000d7d20_1891,11752.923948903015
000d7d20_1892,11752.197128163827
000d7d20_1893,11751.455176336058
000d7d20_1894,11751.932347475478
000d7d20_1895,11752.46843788573
000d7d20_1896,11753.343232723064
000d7d20_1897,11753.696790750313
000d7d20_1898,11754.0176793567
000d7d20_1899,11752.982225452875
000d7d20_1900,11751.692889501383
000d7d20_1901,11751.567821186523
000d7d20_1902,11751.642603897206
000d7d20_1903,11750.57892490118
000d7d20_1904,11747.92704750866
000d7d20_1905,11747.340015073629
000d7d20_1906,11748.271930567884
000d7d20_1907,11749.967854719114
000d7d20_1908,11749.969056335613
000d7d20_1909,11750.248931917557
000d7d20_1910,11749.853264302292
000d7d20_1911,11749.661695271447
000d7d20_1912,11749.894041397645
000d7d20_1913,11750.540284305776
000d7d20_1914,11751.106824692915
000d7d20_1915,11751.106824692915
000d7d20_1916,11750.997492310365
000d7d20_1917,11751.49304594238
000d7d20_1918,11752.158936538419
000d7d20_1919,11750.305821524313
000d7d20_1920,11746.990666943291
000d7d20_1921,11744.675077212882
000d7d20_1922,11745.385850889483
000d7d20_1923,11747.374674138975
000d7d20_1924,11749.321682011258
000d7d20_1925,11750.570038985345
000d7d20_1926,11752.572347340232
000d7d20_1927,11752.66550001783
000d7d20_1928,11752.94657918484
000d7d20_1929,11753.102276828555
000d7d20_1930,11750.034799276882
000d7d20_1931,11746.296564080394
000d7d20_1932,11740.433770474512
000d7d20_1933,11736.6126925324
000d7d20_1934,11741.104438457938
000d7d20_1935,11746.97521370744
000d7d20_1936,11750.781882690018
000d7d20_1937,11744.12277221164
000d7d20_1938,11740.718392986053
000d7d20_1939,11741.615936315446
000d7d20_1940,11744.761006554216
000d7d20_1941,11744.093334162217
000d7d20_1942,11743.50253023683
000d7d20_1943,11744.922296611852
000d7d20_1944,11747.73043864884
000d7d20_1945,11749.919854517982
000d7d20_1946,11751.037512260285
000d7d20_1947,11751.256704120256
000d7d20_1948,11750.861159780712
000d7d20_1949,11750.861354095243
000d7d20_1950,11750.668707473678
000d7d20_1951,11751.141239611099
000d7d20_1952,11750.291409508993
000d7d20_1953,11750.254370041077
000d7d20_1954,11749.822126920888
000d7d20_1955,11750.466992883034
000d7d20_1956,11745.220445370136
000d7d20_1957,11740.414252067918
000d7d20_1958,11738.07198932801
000d7d20_1959,11742.008255897415
000d7d20_1960,11748.404689789446
000d7d20_1961,11752.28637402422
000d7d20_1962,11754.747959237908
000d7d20_1963,11752.599592243254
000d7d20_1964,11752.872122291665
000d7d20_1965,11753.387867319421
000d7d20_1966,11755.410549842365
000d7d20_1967,11751.83266414928
000d7d20_1968,11749.168015928108
000d7d20_1969,11747.745292312595
000d7d20_1970,11749.959582329584
000d7d20_1971,11751.720902707182
000d7d20_1972,11753.749286385899
000d7d20_1973,11754.945858028828
000d7d20_1974,11755.659791329881
000d7d20_1975,11755.659791329877
000d7d20_1976,11755.638905592868
000d7d20_1977,11755.57051977807
000d7d20_1978,11754.86863942045
000d7d20_1979,11753.935214117018
000d7d20_1980,11752.806937099776
000d7d20_1981,11752.57931493214
000d7d20_1982,11753.463124272368
000d7d20_1983,11754.576396306727
000d7d20_1984,11756.84121616907
000d7d20_1985,11755.463175987183
000d7d20_1986,11755.915689438165
000d7d20_1987,11754.791856486003
000d7d20_1988,11756.689418155443
000d7d20_1989,11757.17358296053
000d7d20_1990,11758.44719311854
000d7d20_1991,11759.480927177972
000d7d20_1992,11760.120131215488
000d7d20_1993,11759.438394849296
000d7d20_1994,11758.708753803445
000d7d20_1995,11757.977350368865
000d7d20_1996,11757.674227709214
000d7d20_1997,11757.246774676236
000d7d20_1998,11756.65967849517
000d7d20_1999,11755.440310016294
000d7d20_2000,11754.59709378735
000d7d20_2001,11751.106865133508
000d7d20_2002,11751.418383501115
000d7d20_2003,11751.218544518053
000d7d20_2004,11757.073393690467
000d7d20_2005,11756.958437510053
000d7d20_2006,11758.638755200978
000d7d20_2007,11757.763011649395
000d7d20_2008,11757.443068971368
000d7d20_2009,11757.723222628047
000d7d20_2010,11755.682366017487
000d7d20_2011,11754.424431303933
000d7d20_2012,11752.550789151881
000d7d20_2013,11751.958051567448
000d7d20_2014,11755.712300679084
000d7d20_2015,11757.830701899811
000d7d20_2016,11755.299035471073
000d7d20_2017,11756.62322158753
000d7d20_2018,11755.6089576316
000d7d20_2019,11760.498711455211
000d7d20_2020,11757.13507539058
000d7d20_2021,11756.964120043123
000d7d20_2022,11758.882104011102
000d7d20_2023,11760.9286160479
000d7d20_2024,11762.429162188791
000d7d20_2025,11758.79971915058
000d7d20_2026,11759.518843458087
000d7d20_2027,11757.091695115925
000d7d20_2028,11758.999565186014
000d7d20_2029,11756.905744685375
000d7d20_2030,11754.941570906574
000d7d20_2031,11750.883436466725
000d7d20_2032,11752.844230065637
000d7d20_2033,11754.959332084154
000d7d20_2034,11759.749640423363
000d7d20_2035,11759.842719467992
000d7d20_2036,11759.656332407016
000d7d20_2037,11757.203818347594
000d7d20_2038,11754.545859510916
000d7d20_2039,11754.763546467499
000d7d20_2040,11753.006772022685
000d7d20_2041,11752.942933161996
000d7d20_2042,11752.98204760923
000d7d20_2043,11754.413148520842
000d7d20_2044,11754.365270574444
000d7d20_2045,11753.902655208823
000d7d20_2046,11753.69188046924
000d7d20_2047,11753.353793516559
000d7d20_2048,11753.923071864134
000d7d20_2049,11753.685248922551
000d7d20_2050,11754.428164586485
000d7d20_2051,11755.073197812933
000d7d20_2052,11754.383578948322
000d7d20_2053,11755.151729420686
000d7d20_2054,11755.021231242992
000d7d20_2055,11756.857983401287
000d7d20_2056,11756.60440267212
000d7d20_2057,11757.04447078235
000d7d20_2058,11758.293045548293
000d7d20_2059,11758.730276582706
000d7d20_2060,11758.161776643376
000d7d20_2061,11757.157070493357
000d7d20_2062,11756.643032971799
000d7d20_2063,11756.944980791099
000d7d20_2064,11756.778762279957
000d7d20_2065,11756.715241538646
000d7d20_2066,11756.589434092299
000d7d20_2067,11756.50519369101
000d7d20_2068,11756.39545443649
000d7d20_2069,11755.99239458263
000d7d20_2070,11756.41782094298
000d7d20_2071,11757.381502807888
000d7d20_2072,11757.978104414155
000d7d20_2073,11757.765827099365
000d7d20_2074,11756.166907753583
000d7d20_2075,11755.828231509591
000d7d20_2076,11754.166029456348
000d7d20_2077,11753.133455289268
000d7d20_2078,11751.291893732638
000d7d20_2079,11750.385295158223
000d7d20_2080,11750.8601048248
000d7d20_2081,11751.841906661515
000d7d20_2082,11753.311853516796
000d7d20_2083,11750.397458284302
000d7d20_2084,11749.102882376164
000d7d20_2085,11749.187305286308
000d7d20_2086,11753.072375460775
000d7d20_2087,11754.876419879418
000d7d20_2088,11753.886763058515
000d7d20_2089,11751.171816093847
000d7d20_2090,11751.099136086123
000d7d20_2091,11752.452128861942
000d7d20_2092,11754.8280322835
000d7d20_2093,11752.489707117493
000d7d20_2094,11750.85528367712
000d7d20_2095,11748.741084110843
000d7d20_2096,11749.536502247296
000d7d20_2097,11752.068143250324
000d7d20_2098,11755.146265711368
000d7d20_2099,11758.476115730025
000d7d20_2100,11757.125760016223
000d7d20_2101,11758.026881771866
000d7d20_2102,11757.780263390252
000d7d20_2103,11759.86059449685
000d7d20_2104,11757.151082355276
000d7d20_2105,11753.884231318836
000d7d20_2106,11750.45604254503
000d7d20_2107,11749.719946771205
000d7d20_2108,11751.512845274403
000d7d20_2109,11751.316156278379
000d7d20_2110,11750.773009115706
000d7d20_2111,11750.328352030427
000d7d20_2112,11751.45073909519
000d7d20_2113,11750.814013784226
000d7d20_2114,11748.456782609408
000d7d20_2115,11748.504496696754
000d7d20_2116,11750.563960284091
000d7d20_2117,11750.796844156152
000d7d20_2118,11751.222263879376
000d7d20_2119,11750.867436080962
000d7d20_2120,11751.01713612052
000d7d20_2121,11748.731982494704
000d7d20_2122,11749.111607607976
000d7d20_2123,11750.204625464728
000d7d20_2124,11751.526909068532
000d7d20_2125,11748.393930970973
000d7d20_2126,11749.387174302887
000d7d20_2127,11750.3500443249
000d7d20_2128,11753.330523955627
000d7d20_2129,11751.015189830336
000d7d20_2130,11750.6061770758
000d7d20_2131,11750.663667353196
000d7d20_2132,11752.018876435766
000d7d20_2133,11751.776642790704
000d7d20_2134,11751.9280604807
000d7d20_2135,11751.727088661166
000d7d20_2136,11752.020896038352
000d7d20_2137,11752.10288181527
000d7d20_2138,11751.04269904577
000d7d20_2139,11751.600062073929
000d7d20_2140,11752.17580254342
000d7d20_2141,11755.010145602426
000d7d20_2142,11756.063079605347
000d7d20_2143,11756.64999930984
000d7d20_2144,11758.088203898978
000d7d20_2145,11756.761897450691
000d7d20_2146,11757.928965304318
000d7d20_2147,11756.697951372173
000d7d20_2148,11757.882651328837
000d7d20_2149,11754.284317681135
000d7d20_2150,11753.734928279953
000d7d20_2151,11752.806136836749
000d7d20_2152,11754.706833450438
000d7d20_2153,11755.22191347521
000d7d20_2154,11755.259378914396
000d7d20_2155,11754.34992675056
000d7d20_2156,11751.2662975251
000d7d20_2157,11749.114731163902
000d7d20_2158,11750.246411885624
000d7d20_2159,11752.798466276736
000d7d20_2160,11755.194468878428
000d7d20_2161,11754.708080173508
000d7d20_2162,11754.05918405352
000d7d20_2163,11753.39183255859
000d7d20_2164,11752.782664876737
000d7d20_2165,11752.617649156504
000d7d20_2166,11752.344206880765
000d7d20_2167,11752.310419652655
000d7d20_2168,11752.253153883677
000d7d20_2169,11752.256452090254
000d7d20_2170,11751.641940170492
000d7d20_2171,11749.92555620141
000d7d20_2172,11748.152064258762
000d7d20_2173,11749.711672580626
000d7d20_2174,11752.592638702392
000d7d20_2175,11755.583242728797
000d7d20_2176,11754.53737621635
000d7d20_2177,11751.99290749421
000d7d20_2178,11749.638316209981
000d7d20_2179,11750.323815911193
000d7d20_2180,11752.936748497299
000d7d20_2181,11753.859158710364
000d7d20_2182,11754.919220022071
000d7d20_2183,11755.364991694092
000d7d20_2184,11757.187040080958
000d7d20_2185,11757.618234553564
000d7d20_2186,11757.672936206562
000d7d20_2187,11757.885030424653
000d7d20_2188,11757.697827969632
000d7d20_2189,11757.902743334214
000d7d20_2190,11757.928296719632
000d7d20_2191,11757.672925625882
000d7d20_2192,11756.901173171093
000d7d20_2193,11756.168767807649
000d7d20_2194,11755.114653251447
000d7d20_2195,11754.178981864878
000d7d20_2196,11752.963564720369
000d7d20_2197,11752.297570462222
000d7d20_2198,11751.939085736709
000d7d20_2199,11751.899938479874
000d7d20_2200,11751.98918545041
000d7d20_2201,11752.46598963032
000d7d20_2202,11753.622834477312
000d7d20_2203,11754.98409231445
000d7d20_2204,11755.848881020056
000d7d20_2205,11755.780951399729
000d7d20_2206,11755.699234122701
000d7d20_2207,11755.7458728701
000d7d20_2208,11756.000592922182
000d7d20_2209,11755.950116178179
000d7d20_2210,11755.735597949011
000d7d20_2211,11755.931789444745
000d7d20_2212,11756.583099191199
000d7d20_2213,11758.134948421008
000d7d20_2214,11759.217341062162
000d7d20_2215,11759.972535493429
000d7d20_2216,11760.042522472597
000d7d20_2217,11759.467394179317
000d7d20_2218,11758.737753133466
000d7d20_2219,11758.013971462615
000d7d20_2220,11757.672925625882
000d7d20_2221,11757.31188289599
000d7d20_2222,11756.759878018536
000d7d20_2223,11756.357266188747
000d7d20_2224,11756.0808338076
000d7d20_2225,11756.01829404626
000d7d20_2226,11756.209120803976
000d7d20_2227,11756.375433877583
000d7d20_2228,11756.210120603451
000d7d20_2229,11755.873356278562
000d7d20_2230,11755.520252773198
000d7d20_2231,11754.801119811416
000d7d20_2232,11753.763071041833
000d7d20_2233,11753.126864238684
000d7d20_2234,11753.399451606558
000d7d20_2235,11754.266605100405
000d7d20_2236,11754.33293678042
000d7d20_2237,11754.168009305757
000d7d20_2238,11754.27115916078
000d7d20_2239,11754.448652810082
000d7d20_2240,11757.58543188844
000d7d20_2241,11759.057560822606
000d7d20_2242,11761.211947657872
000d7d20_2243,11760.313959924388
000d7d20_2244,11761.285276182281
000d7d20_2245,11759.280599627886
000d7d20_2246,11757.124585296157
000d7d20_2247,11752.958312915975
000d7d20_2248,11752.793706812934
000d7d20_2249,11752.663733319976
000d7d20_2250,11754.467586066681
000d7d20_2251,11757.394401622885
000d7d20_2252,11760.539508808622
000d7d20_2253,11760.085722517253
000d7d20_2254,11757.476355823359
000d7d20_2255,11754.461222130582
000d7d20_2256,11754.369168010327
000d7d20_2257,11753.894440939213
000d7d20_2258,11753.392573472442
000d7d20_2259,11753.253795681563
000d7d20_2260,11752.750911713223
000d7d20_2261,11752.544620380739
000d7d20_2262,11753.089018195109
000d7d20_2263,11753.785821794007
000d7d20_2264,11754.60441150351
000d7d20_2265,11754.074260924857
000d7d20_2266,11754.051019752538
000d7d20_2267,11753.898835735163
000d7d20_2268,11754.10684984701
000d7d20_2269,11754.429218980025
000d7d20_2270,11754.774578471915
000d7d20_2271,11755.149380348344
000d7d20_2272,11754.831939809359
000d7d20_2273,11753.89869495249
000d7d20_2274,11753.32462817688
000d7d20_2275,11754.003539446489
000d7d20_2276,11755.384273593687
000d7d20_2277,11756.845189978581
000d7d20_2278,11758.039146770985
000d7d20_2279,11759.27250719675
000d7d20_2280,11759.041196668812
000d7d20_2281,11757.979165082137
000d7d20_2282,11754.36198364691
000d7d20_2283,11753.780719406199
000d7d20_2284,11752.409543870415
000d7d20_2285,11754.394015865206
000d7d20_2286,11752.210622723183
000d7d20_2287,11751.288383028035
000d7d20_2288,11750.912260129619
000d7d20_2289,11750.208222210926
000d7d20_2290,11750.312770909413
000d7d20_2291,11751.032582969377
000d7d20_2292,11753.56871768139
000d7d20_2293,11752.353373516606
000d7d20_2294,11749.087289432733
000d7d20_2295,11746.91149380293
000d7d20_2296,11746.993145610422
000d7d20_2297,11749.068424762736
000d7d20_2298,11751.5511961147
000d7d20_2299,11753.87899956084
000d7d20_2300,11753.626169008785
000d7d20_2301,11750.85725526669
000d7d20_2302,11748.733348463851
000d7d20_2303,11747.143909264118
000d7d20_2304,11749.254410702191
000d7d20_2305,11749.181021003924
000d7d20_2306,11752.405087258225
000d7d20_2307,11754.142282844987
000d7d20_2308,11759.095978148767
000d7d20_2309,11761.3197876924
000d7d20_2310,11766.28182338687
000d7d20_2311,11770.723103875314
000d7d20_2312,11774.386366156563
000d7d20_2313,11774.386366156563
000d7d20_2314,11773.349361230657
000d7d20_2315,11773.339084150159
000d7d20_2316,11773.249821787505
000d7d20_2317,11773.418518971448
000d7d20_2318,11772.91334199223
000d7d20_2319,11772.872242994616
000d7d20_2320,11770.17886059318
000d7d20_2321,11768.03063048595
000d7d20_2322,11765.886469389136
000d7d20_2323,11766.352974132855
000d7d20_2324,11764.999565196325
000d7d20_2325,11763.158553832798
000d7d20_2326,11761.858849826998
000d7d20_2327,11762.942049839825
000d7d20_2328,11763.725697817907
000d7d20_2329,11763.563918043641
000d7d20_2330,11760.491650339472
000d7d20_2331,11757.80080751056
000d7d20_2332,11755.8055879218
000d7d20_2333,11755.130075075906
000d7d20_2334,11754.809244144237
000d7d20_2335,11754.375643959087
000d7d20_2336,11754.751500288747
000d7d20_2337,11755.09791049952
000d7d20_2338,11755.791894952306
000d7d20_2339,11755.902591957556
000d7d20_2340,11755.96079732548
000d7d20_2341,11755.727437874666
000d7d20_2342,11755.632370825726
000d7d20_2343,11755.567650084826
000d7d20_2344,11754.810229438437
000d7d20_2345,11754.300106987532
000d7d20_2346,11754.306622360507
000d7d20_2347,11755.254057905331
000d7d20_2348,11755.479134827268
000d7d20_2349,11755.41120520694
000d7d20_2350,11755.308032821622
000d7d20_2351,11755.685915092443
000d7d20_2352,11755.753844712768
000d7d20_2353,11754.91918441785
000d7d20_2354,11754.052703241156
000d7d20_2355,11753.547463602748
000d7d20_2356,11754.195333465914
000d7d20_2357,11754.966974494208
000d7d20_2358,11755.762176949691
000d7d20_2359,11756.052139766764
000d7d20_2360,11755.753303624491
000d7d20_2361,11756.264657131462
000d7d20_2362,11756.415667591109
000d7d20_2363,11756.48839294064
000d7d20_2364,11755.467061904686
000d7d20_2365,11752.910357457033
000d7d20_2366,11753.390116023249
000d7d20_2367,11753.365360939262
000d7d20_2368,11755.380189234433
000d7d20_2369,11754.234888529005
000d7d20_2370,11753.332797173085
000d7d20_2371,11752.435953659047
000d7d20_2372,11751.112342636983
000d7d20_2373,11750.008026084057
000d7d20_2374,11749.93386585101
000d7d20_2375,11751.126285051878
000d7d20_2376,11751.213964850502
000d7d20_2377,11749.901667851203
000d7d20_2378,11747.760655725071
000d7d20_2379,11747.254388141408
000d7d20_2380,11747.248245101728
000d7d20_2381,11747.770568409376
000d7d20_2382,11748.635555052382
000d7d20_2383,11748.966452599057
000d7d20_2384,11750.328325628505
000d7d20_2385,11753.511096257664
000d7d20_2386,11753.83307451626
000d7d20_2387,11753.523165717377
000d7d20_2388,11749.638823400019
000d7d20_2389,11749.345902629977
000d7d20_2390,11750.99689813631
000d7d20_2391,11751.733614051433
000d7d20_2392,11753.682170752278
000d7d20_2393,11751.169190081286
000d7d20_2394,11752.612300573252
000d7d20_2395,11752.904087463641
000d7d20_2396,11752.079199199941
000d7d20_2397,11750.622690673752
000d7d20_2398,11749.45932217117
000d7d20_2399,11752.302189750144
000d7d20_2400,11753.584214119706
000d7d20_2401,11754.233252338672
000d7d20_2402,11754.34715788172
000d7d20_2403,11754.463893734346
000d7d20_2404,11755.985235063317
000d7d20_2405,11757.629784597782
000d7d20_2406,11759.306250807844
000d7d20_2407,11759.567443947208
000d7d20_2408,11759.560017706819
000d7d20_2409,11759.987197841538
000d7d20_2410,11760.315032555749
000d7d20_2411,11761.192348484452
000d7d20_2412,11761.186396289804
000d7d20_2413,11758.255360131972
000d7d20_2414,11756.848926703991
000d7d20_2415,11756.272364687247
000d7d20_2416,11758.344328276764
000d7d20_2417,11759.05890522177
000d7d20_2418,11760.093432239015
000d7d20_2419,11761.320129026792
000d7d20_2420,11761.85383093565
000d7d20_2421,11762.32913814511
000d7d20_2422,11763.471214079582
000d7d20_2423,11764.153269239263
000d7d20_2424,11763.491630336577
000d7d20_2425,11762.58512806791
000d7d20_2426,11762.272767249868
000d7d20_2427,11762.593867481664
000d7d20_2428,11762.875586939124
000d7d20_2429,11762.92103482683
000d7d20_2430,11762.942967057767
000d7d20_2431,11762.16190260344
000d7d20_2432,11761.012247682656
000d7d20_2433,11759.634718195646
000d7d20_2434,11758.867994546023
000d7d20_2435,11758.98305448572
000d7d20_2436,11760.19248501774
000d7d20_2437,11761.315777753598
000d7d20_2438,11761.22899681236
000d7d20_2439,11760.338006303495
000d7d20_2440,11759.341405291781
000d7d20_2441,11759.104230056337
000d7d20_2442,11758.253790421673
000d7d20_2443,11758.06236445746
000d7d20_2444,11758.00629261309
000d7d20_2445,11759.303751447704
000d7d20_2446,11759.287950815255
000d7d20_2447,11759.214430546477
000d7d20_2448,11758.44167084826
000d7d20_2449,11758.27863535077
000d7d20_2450,11758.367477313797
000d7d20_2451,11758.259828553813
000d7d20_2452,11758.207572770361
000d7d20_2453,11758.427942172175
000d7d20_2454,11757.812945222664
000d7d20_2455,11757.423081707426
000d7d20_2456,11757.242064832944
000d7d20_2457,11758.3733208217
000d7d20_2458,11759.756608315161
000d7d20_2459,11760.662919634464
000d7d20_2460,11761.153179909803
000d7d20_2461,11761.303338503547
000d7d20_2462,11761.954212100229
000d7d20_2463,11760.411897494088
000d7d20_2464,11760.529306184793
000d7d20_2465,11760.290468888206
000d7d20_2466,11760.676258799227
000d7d20_2467,11760.36327517286
000d7d20_2468,11759.641564574094
000d7d20_2469,11760.946837709336
000d7d20_2470,11761.207077604146
000d7d20_2471,11760.188773228054
000d7d20_2472,11758.681494770071
000d7d20_2473,11758.64010808325
000d7d20_2474,11759.78069139975
000d7d20_2475,11758.951581235457
000d7d20_2476,11758.528092722749
000d7d20_2477,11755.7049119893
000d7d20_2478,11756.823488870885
000d7d20_2479,11755.973949958252
000d7d20_2480,11755.97449044126
000d7d20_2481,11755.540402583865
000d7d20_2482,11753.793836034858
000d7d20_2483,11755.23196805644
000d7d20_2484,11755.580670621677
000d7d20_2485,11757.298896797269
000d7d20_2486,11757.550413792958
000d7d20_2487,11757.642784709076
000d7d20_2488,11757.666333930714
000d7d20_2489,11758.280000908575
000d7d20_2490,11758.810219945766
000d7d20_2491,11759.791322750563
000d7d20_2492,11760.32686089555
000d7d20_2493,11760.439165438418
000d7d20_2494,11760.052027678006
000d7d20_2495,11760.081605220601
000d7d20_2496,11759.893441441951
000d7d20_2497,11760.31657839956
000d7d20_2498,11760.461149775285
000d7d20_2499,11761.821636549224
000d7d20_2500,11761.314378791896
000d7d20_2501,11760.33374994983
000d7d20_2502,11758.485715205714
000d7d20_2503,11757.920855376158
000d7d20_2504,11757.53132918934
000d7d20_2505,11757.488591050127
000d7d20_2506,11757.61821468298
000d7d20_2507,11757.6668142476
000d7d20_2508,11757.490086041806
000d7d20_2509,11757.100749807962
000d7d20_2510,11758.041156017722
000d7d20_2511,11759.223836863895
000d7d20_2512,11760.488370948524
000d7d20_2513,11760.348285825205
000d7d20_2514,11760.67810586423
000d7d20_2515,11761.150819558168
000d7d20_2516,11761.16711105496
000d7d20_2517,11760.679011803319
000d7d20_2518,11759.957491397567
000d7d20_2519,11758.116607219048
000d7d20_2520,11756.413695009433
000d7d20_2521,11756.548770167276
000d7d20_2522,11758.532168712723
000d7d20_2523,11760.506914911084
000d7d20_2524,11760.989667307973
000d7d20_2525,11761.438373057057
000d7d20_2526,11761.359705945843
000d7d20_2527,11761.131140075362
000d7d20_2528,11761.064193707565
000d7d20_2529,11761.143323004575
000d7d20_2530,11761.478078149185
000d7d20_2531,11761.788275682382
000d7d20_2532,11762.313892067885
000d7d20_2533,11762.247365396586
000d7d20_2534,11761.502642491241
000d7d20_2535,11760.72494020444
000d7d20_2536,11760.072968211714
000d7d20_2537,11759.993081298555
000d7d20_2538,11760.0137890994
000d7d20_2539,11760.09373855951
000d7d20_2540,11761.059906351637
000d7d20_2541,11761.752581408859
000d7d20_2542,11762.544923652911
000d7d20_2543,11762.344163061285
000d7d20_2544,11762.386612990565
000d7d20_2545,11762.345760125982
000d7d20_2546,11762.473397859912
000d7d20_2547,11762.429050237102
000d7d20_2548,11762.276792458042
000d7d20_2549,11762.04979408047
000d7d20_2550,11761.945952934637
000d7d20_2551,11761.926879777295
000d7d20_2552,11761.823822244949
000d7d20_2553,11761.716044660521
000d7d20_2554,11761.660543358435
000d7d20_2555,11761.89491835844
000d7d20_2556,11762.129293358435
000d7d20_2557,11762.388082420937
000d7d20_2558,11762.388082420937
000d7d20_2559,11762.23229682463
000d7d20_2560,11762.079115394985
000d7d20_2561,11762.068698728319
000d7d20_2562,11762.025265574628
000d7d20_2563,11761.601437892472
000d7d20_2564,11761.8297825547
000d7d20_2565,11761.941875313067
000d7d20_2566,11762.487990134294
000d7d20_2567,11762.341302459492
000d7d20_2568,11761.02862256563
000d7d20_2569,11760.809740045283
000d7d20_2570,11761.514604019781
000d7d20_2571,11762.608327618562
000d7d20_2572,11763.012641094647
000d7d20_2573,11762.137030445607
000d7d20_2574,11762.34421559658
000d7d20_2575,11762.237204973082
000d7d20_2576,11762.13765230948
000d7d20_2577,11761.472922318475
000d7d20_2578,11761.257981893985
000d7d20_2579,11761.590858524045
000d7d20_2580,11762.21199705911
000d7d20_2581,11762.151937183837
000d7d20_2582,11761.873704621305
000d7d20_2583,11761.281951778716
000d7d20_2584,11760.812697039883
000d7d20_2585,11758.496444494396
000d7d20_2586,11758.07612709931
000d7d20_2587,11756.507867534388
000d7d20_2588,11758.03442032731
000d7d20_2589,11757.208872517082
000d7d20_2590,11759.3395259049
000d7d20_2591,11760.479495718952
000d7d20_2592,11763.130182638568
000d7d20_2593,11762.775955073774
000d7d20_2594,11763.362094053897
000d7d20_2595,11764.087599297069
000d7d20_2596,11766.062500376858
000d7d20_2597,11765.159480832961
000d7d20_2598,11763.597219454745
000d7d20_2599,11759.805841848976
000d7d20_2600,11757.916804524377
000d7d20_2601,11757.835938561171
000d7d20_2602,11757.848542347841
000d7d20_2603,11757.448532072238
000d7d20_2604,11756.96180705807
000d7d20_2605,11759.676613180825
000d7d20_2606,11763.402784777196
000d7d20_2607,11763.386733290556
000d7d20_2608,11761.616331510382
000d7d20_2609,11760.572129083497
000d7d20_2610,11759.615683633368
000d7d20_2611,11759.477502735921
000d7d20_2612,11759.259946459148
000d7d20_2613,11760.760524070409
000d7d20_2614,11762.088917408388
000d7d20_2615,11761.404201342111
000d7d20_2616,11761.042785348407
000d7d20_2617,11761.469144437915
000d7d20_2618,11762.693781835886
000d7d20_2619,11763.321175899646
000d7d20_2620,11763.574964993022
000d7d20_2621,11763.815336899408
000d7d20_2622,11763.81201620686
000d7d20_2623,11764.472452888389
000d7d20_2624,11765.023905333137
000d7d20_2625,11764.845254126261
000d7d20_2626,11761.569505489691
000d7d20_2627,11759.961996295622
000d7d20_2628,11759.921868575222
000d7d20_2629,11762.560296516951
000d7d20_2630,11763.25054030652
000d7d20_2631,11763.78645383229
000d7d20_2632,11763.28988595854
000d7d20_2633,11762.811057843013
000d7d20_2634,11762.389434993054
000d7d20_2635,11762.33639210386
000d7d20_2636,11762.343191754908
000d7d20_2637,11761.825234815982
000d7d20_2638,11761.237272784034
000d7d20_2639,11760.62272880946
000d7d20_2640,11760.88054130946
000d7d20_2641,11760.818652992368
000d7d20_2642,11761.422509133603
000d7d20_2643,11761.507517427732
000d7d20_2644,11761.895180609303
000d7d20_2645,11761.796250138608
000d7d20_2646,11761.524119128824
000d7d20_2647,11761.44381191198
000d7d20_2648,11760.459785999525
000d7d20_2649,11759.812033778513
000d7d20_2650,11759.036009343501
000d7d20_2651,11759.041089179578
000d7d20_2652,11759.026939506626
000d7d20_2653,11759.718393900492
000d7d20_2654,11759.957460127567
000d7d20_2655,11758.519415773218
000d7d20_2656,11758.083657042795
000d7d20_2657,11757.937777425634
000d7d20_2658,11759.50223375747
000d7d20_2659,11759.286217473424
000d7d20_2660,11759.243625644587
000d7d20_2661,11759.29820120568
000d7d20_2662,11759.409576402613
000d7d20_2663,11759.05944464574
000d7d20_2664,11759.347789998506
000d7d20_2665,11759.256861704269
000d7d20_2666,11758.076627209994
000d7d20_2667,11758.081810529498
000d7d20_2668,11755.743442794157
000d7d20_2669,11755.509952737253
000d7d20_2670,11755.59394179147
000d7d20_2671,11758.541203206412
000d7d20_2672,11761.007262373421
000d7d20_2673,11761.314160313026
000d7d20_2674,11760.808708677694
000d7d20_2675,11761.19063037506
000d7d20_2676,11761.505679072396
000d7d20_2677,11762.40837735637
000d7d20_2678,11761.470284735478
000d7d20_2679,11761.278063393014
000d7d20_2680,11760.456312081376
000d7d20_2681,11758.700515806035
000d7d20_2682,11758.141164178478
000d7d20_2683,11758.272881665705
000d7d20_2684,11760.37212420071
000d7d20_2685,11760.647127955146
000d7d20_2686,11762.227432773603
000d7d20_2687,11762.832945256558
000d7d20_2688,11762.916184548687
000d7d20_2689,11762.011238497202
000d7d20_2690,11760.854621562836
000d7d20_2691,11759.649052043858
000d7d20_2692,11759.82169269096
000d7d20_2693,11760.980941072963
000d7d20_2694,11762.710322398241
000d7d20_2695,11762.879290797346
000d7d20_2696,11763.153869109925
000d7d20_2697,11762.520502786962
000d7d20_2698,11761.589558800057
000d7d20_2699,11758.899099593933
000d7d20_2700,11759.107547888058
000d7d20_2701,11759.257331810273
000d7d20_2702,11760.305736045382
000d7d20_2703,11760.007286833095
000d7d20_2704,11760.585073074413
000d7d20_2705,11761.980243749747
000d7d20_2706,11765.340869395632
000d7d20_2707,11767.099565458186
000d7d20_2708,11770.102943935868
000d7d20_2709,11771.064017806624
000d7d20_2710,11772.777130765398
000d7d20_2711,11773.126672015476
000d7d20_2712,11768.22801190865
000d7d20_2713,11766.769792687626
000d7d20_2714,11762.151920119912
000d7d20_2715,11763.489754583163
000d7d20_2716,11761.769454366515
000d7d20_2717,11763.304516760962
000d7d20_2718,11763.268321007045
000d7d20_2719,11762.932474543086
000d7d20_2720,11762.529001530716
000d7d20_2721,11762.767152193794
000d7d20_2722,11763.148319922482
000d7d20_2723,11763.220775468699
000d7d20_2724,11763.081490942981
000d7d20_2725,11762.621349884075
000d7d20_2726,11762.688341641422
000d7d20_2727,11763.035196402074
000d7d20_2728,11765.5763901173
000d7d20_2729,11768.486976075175
000d7d20_2730,11770.139411341268
000d7d20_2731,11770.571222742486
000d7d20_2732,11770.103110732127
000d7d20_2733,11766.473378159499
000d7d20_2734,11763.47198597742
000d7d20_2735,11761.24129164496
000d7d20_2736,11763.036624563547
000d7d20_2737,11763.48364692364
000d7d20_2738,11763.53589301739
000d7d20_2739,11763.384471510135
000d7d20_2740,11762.902919898406
000d7d20_2741,11765.892149949526
000d7d20_2742,11768.684838386698
000d7d20_2743,11771.898532109104
000d7d20_2744,11771.03368908632
000d7d20_2745,11769.791138242303
000d7d20_2746,11768.540653624921
000d7d20_2747,11767.897924089883
000d7d20_2748,11768.490865975751
000d7d20_2749,11769.39274343309
000d7d20_2750,11769.94852867903
000d7d20_2751,11770.265054681577
000d7d20_2752,11770.245364550668
000d7d20_2753,11770.636193499531
000d7d20_2754,11770.445912275298
000d7d20_2755,11770.494047224223
000d7d20_2756,11770.737214465697
000d7d20_2757,11771.13901949487
000d7d20_2758,11771.076626549162
000d7d20_2759,11771.256313605138
000d7d20_2760,11772.184795760812
000d7d20_2761,11772.966962530283
000d7d20_2762,11773.00239614009
000d7d20_2763,11772.493781478808
000d7d20_2764,11772.236390552715
000d7d20_2765,11772.173104881704
000d7d20_2766,11769.146924387102
000d7d20_2767,11766.220315627028
000d7d20_2768,11762.925964311915
000d7d20_2769,11762.594453275045
000d7d20_2770,11762.31679406476
000d7d20_2771,11762.251260422325
000d7d20_2772,11762.029650416174
000d7d20_2773,11762.038792160309
000d7d20_2774,11762.429083437122
000d7d20_2775,11762.81079611133
000d7d20_2776,11761.864229032268
000d7d20_2777,11760.799777835835
000d7d20_2778,11759.915273124345
000d7d20_2779,11759.974680177484
000d7d20_2780,11759.995365057423
000d7d20_2781,11759.925127019795
000d7d20_2782,11760.03848419757
000d7d20_2783,11760.146845407144
000d7d20_2784,11760.222809542125
000d7d20_2785,11760.246393274365
000d7d20_2786,11760.285714739539
000d7d20_2787,11761.157932089782
000d7d20_2788,11761.817791874113
000d7d20_2789,11762.275647375793
000d7d20_2790,11762.198442727555
000d7d20_2791,11761.937498094741
000d7d20_2792,11761.519801156051
000d7d20_2793,11760.712625573718
000d7d20_2794,11760.205317744674
000d7d20_2795,11759.896351718618
000d7d20_2796,11759.711883728565
000d7d20_2797,11759.543052204519
000d7d20_2798,11760.68710989414
000d7d20_2799,11761.663695660798
000d7d20_2800,11763.450752046507
000d7d20_2801,11763.178711393235
000d7d20_2802,11763.174698844285
000d7d20_2803,11762.100845040144
000d7d20_2804,11761.304140612956
000d7d20_2805,11760.474186934938
000d7d20_2806,11760.390339264042
000d7d20_2807,11761.15263440545
000d7d20_2808,11760.394259649189
000d7d20_2809,11761.725055487996
000d7d20_2810,11762.07785310325
000d7d20_2811,11763.659306238818
000d7d20_2812,11760.653120029669
000d7d20_2813,11758.300487866438
000d7d20_2814,11756.226430029203
000d7d20_2815,11756.47779548583
000d7d20_2816,11756.66063716149
000d7d20_2817,11757.880598251295
000d7d20_2818,11759.395346284078
000d7d20_2819,11760.847218025134
000d7d20_2820,11761.367095810805
000d7d20_2821,11761.297220096314
000d7d20_2822,11761.23022246516
000d7d20_2823,11760.440184095563
000d7d20_2824,11759.167922575163
000d7d20_2825,11759.63119541502
000d7d20_2826,11760.882061990958
000d7d20_2827,11762.361400313695
000d7d20_2828,11761.547065357829
000d7d20_2829,11759.616053578497
000d7d20_2830,11759.243434185759
000d7d20_2831,11759.648069207755
000d7d20_2832,11760.912980590145
000d7d20_2833,11760.891769332302
000d7d20_2834,11760.152456262475
000d7d20_2835,11759.635512615141
000d7d20_2836,11759.667228668672
000d7d20_2837,11760.442594963291
000d7d20_2838,11760.45665849202
000d7d20_2839,11760.746027037885
000d7d20_2840,11760.193221729796
000d7d20_2841,11758.551890915218
000d7d20_2842,11757.726210574963
000d7d20_2843,11758.251738843746
000d7d20_2844,11759.79437071293
000d7d20_2845,11760.730953094244
000d7d20_2846,11761.270440023358
000d7d20_2847,11763.242963115923
000d7d20_2848,11763.438712724592
000d7d20_2849,11763.712722353239
000d7d20_2850,11763.201494312338
000d7d20_2851,11763.090260908815
000d7d20_2852,11762.681019589001
000d7d20_2853,11762.182376060911
000d7d20_2854,11762.028796753902
000d7d20_2855,11761.15401201424
000d7d20_2856,11760.229146591131
000d7d20_2857,11759.94844845907
000d7d20_2858,11760.678627813686
000d7d20_2859,11760.891070105185
000d7d20_2860,11760.802339238304
000d7d20_2861,11760.506842567062
000d7d20_2862,11760.859306542237
000d7d20_2863,11760.877535708903
000d7d20_2864,11760.883720604737
000d7d20_2865,11759.062206707551
000d7d20_2866,11759.066438478383
000d7d20_2867,11758.56494232956
000d7d20_2868,11758.350276144403
000d7d20_2869,11759.037279226352
000d7d20_2870,11760.396661367624
000d7d20_2871,11763.073894945768
000d7d20_2872,11764.202142252587
000d7d20_2873,11765.219853757246
000d7d20_2874,11766.629792417205
000d7d20_2875,11766.885417338926
000d7d20_2876,11766.937227555105
000d7d20_2877,11766.811213445268
000d7d20_2878,11765.89482001659
000d7d20_2879,11764.916315786291
000d7d20_2880,11763.124367622911
000d7d20_2881,11761.873280924876
000d7d20_2882,11760.805629678247
000d7d20_2883,11760.574258656547
000d7d20_2884,11761.791200065714
000d7d20_2885,11762.902636825025
000d7d20_2886,11763.815743440538
000d7d20_2887,11763.544412708916
000d7d20_2888,11763.470792664099
000d7d20_2889,11763.672850374167
000d7d20_2890,11763.374858640806
000d7d20_2891,11762.418660179152
000d7d20_2892,11760.042473540589
000d7d20_2893,11759.349186893567
000d7d20_2894,11759.03891335664
000d7d20_2895,11760.19554138757
000d7d20_2896,11760.18474679639
000d7d20_2897,11760.333759833053
000d7d20_2898,11760.289700850224
000d7d20_2899,11760.34289505505
000d7d20_2900,11760.81000344672
000d7d20_2901,11761.303517191214
000d7d20_2902,11761.410226966807
000d7d20_2903,11761.163324371031
000d7d20_2904,11760.916421775257
000d7d20_2905,11760.927168919066
000d7d20_2906,11760.927168919066
000d7d20_2907,11760.927819960734
000d7d20_2908,11760.9284710024
000d7d20_2909,11760.929122044066
000d7d20_2910,11760.897872044066
000d7d20_2911,11760.947488007272
000d7d20_2912,11761.271843553806
000d7d20_2913,11761.615242069094
000d7d20_2914,11761.605263402133
000d7d20_2915,11761.268700824345
000d7d20_2916,11760.956552309057
000d7d20_2917,11760.960997121854
000d7d20_2918,11761.239078428514
000d7d20_2919,11761.362244328484
000d7d20_2920,11761.40767474132
000d7d20_2921,11761.238178526452
000d7d20_2922,11761.396051295409
000d7d20_2923,11761.45935667051
000d7d20_2924,11761.453304933928
000d7d20_2925,11761.261778786868
000d7d20_2926,11761.501745408337
000d7d20_2927,11761.771488759072
000d7d20_2928,11762.074760755646
000d7d20_2929,11761.552439622137
000d7d20_2930,11761.2826962714
000d7d20_2931,11761.14295563022
000d7d20_2932,11761.538366520692
000d7d20_2933,11761.708883744539
000d7d20_2934,11762.266958782277
000d7d20_2935,11763.4889085159
000d7d20_2936,11764.083814988806
000d7d20_2937,11764.15302343192
000d7d20_2938,11763.520949443599
000d7d20_2939,11764.204628130663
000d7d20_2940,11763.11961384165
000d7d20_2941,11762.230502880624
000d7d20_2942,11761.777099121058
000d7d20_2943,11762.86211341007
000d7d20_2944,11763.7758017085
000d7d20_2945,11763.545526781003
000d7d20_2946,11763.614065966889
000d7d20_2947,11764.28617850322
000d7d20_2948,11764.808628636589
000d7d20_2949,11765.16019074336
000d7d20_2950,11764.944800593434
000d7d20_2951,11765.082755601434
000d7d20_2952,11764.199822726958
000d7d20_2953,11762.227073425938
000d7d20_2954,11758.627805479957
000d7d20_2955,11757.659084300401
000d7d20_2956,11756.800786738693
000d7d20_2957,11758.472969043769
000d7d20_2958,11758.591282868054
000d7d20_2959,11760.211711447946
000d7d20_2960,11760.918654554036
000d7d20_2961,11761.49629568395
000d7d20_2962,11761.103976074788
000d7d20_2963,11760.033769809015
000d7d20_2964,11759.212207749415
000d7d20_2965,11758.787751553895
000d7d20_2966,11759.334245580138
000d7d20_2967,11759.71083024783
000d7d20_2968,11759.702689554155
000d7d20_2969,11760.222578850693
000d7d20_2970,11760.544503189556
000d7d20_2971,11760.40794230347
000d7d20_2972,11759.362378272104
000d7d20_2973,11758.63540749177
000d7d20_2974,11759.11942948486
000d7d20_2975,11760.40484641999
000d7d20_2976,11761.877351292196
000d7d20_2977,11762.45980472733
000d7d20_2978,11762.125925325125
000d7d20_2979,11762.167717764949
000d7d20_2980,11763.43173403224
000d7d20_2981,11764.043748464936
000d7d20_2982,11763.79478994278
000d7d20_2983,11762.471651362668
000d7d20_2984,11761.385498525206
000d7d20_2985,11760.641060187423
000d7d20_2986,11760.480605520215
000d7d20_2987,11760.812228070092
000d7d20_2988,11760.372326544231
000d7d20_2989,11759.46700597209
000d7d20_2990,11758.549781014188
000d7d20_2991,11758.45343673456
000d7d20_2992,11758.639989058638
000d7d20_2993,11758.276980532813
000d7d20_2994,11757.726797766669
000d7d20_2995,11756.029376087956
000d7d20_2996,11754.888898639401
000d7d20_2997,11753.82919877246
000d7d20_2998,11753.906510622131
000d7d20_2999,11753.944548671803
000d7d20_3000,11753.968945939128
000d7d20_3001,11755.209620996866
000d7d20_3002,11756.0134926744
000d7d20_3003,11756.857440128844
000d7d20_3004,11757.038935483624
000d7d20_3005,11757.66706080867
000d7d20_3006,11757.982851724892
000d7d20_3007,11757.47824159581
000d7d20_3008,11756.920010071166
000d7d20_3009,11756.721441026186
000d7d20_3010,11756.598257522259
000d7d20_3011,11756.505813289297
000d7d20_3012,11756.414894221933
000d7d20_3013,11756.534227279879
000d7d20_3014,11756.474175876145
000d7d20_3015,11756.23462333146
000d7d20_3016,11756.3275680094
000d7d20_3017,11756.576598380474
000d7d20_3018,11756.921568753802
000d7d20_3019,11756.926284663961
000d7d20_3020,11757.00549191894
000d7d20_3021,11757.067799030223
000d7d20_3022,11757.278461940092
000d7d20_3023,11757.292513035522
000d7d20_3024,11757.440198229842
000d7d20_3025,11757.644153344081
000d7d20_3026,11758.36018714239
000d7d20_3027,11759.353581438918
000d7d20_3028,11759.512373724283
000d7d20_3029,11758.66028619546
000d7d20_3030,11757.388649590595
000d7d20_3031,11756.782501473446
000d7d20_3032,11757.42126281449
000d7d20_3033,11757.08196833115
000d7d20_3034,11757.95075592954
000d7d20_3035,11758.712726199787
000d7d20_3036,11759.95002896605
000d7d20_3037,11759.936279447065
000d7d20_3038,11758.712027526175
000d7d20_3039,11757.506735870009
000d7d20_3040,11755.587684471238
000d7d20_3041,11754.457341908945
000d7d20_3042,11753.88590228747
000d7d20_3043,11754.586936009648
000d7d20_3044,11755.695919026226
000d7d20_3045,11755.542476443856
000d7d20_3046,11755.099328227001
000d7d20_3047,11756.054560421993
000d7d20_3048,11757.881963897678
000d7d20_3049,11759.361447629002
000d7d20_3050,11758.305497394218
000d7d20_3051,11757.328876439453
000d7d20_3052,11756.278639479846
000d7d20_3053,11755.908462785266
000d7d20_3054,11755.48168275499
000d7d20_3055,11754.910134270476
000d7d20_3056,11754.42901478327
000d7d20_3057,11754.103504820252
000d7d20_3058,11754.17885850068
000d7d20_3059,11755.139541764685
000d7d20_3060,11756.375673008639
000d7d20_3061,11758.374368351318
000d7d20_3062,11759.429117056832
000d7d20_3063,11759.720209464387
000d7d20_3064,11758.026457662234
000d7d20_3065,11756.424627281778
000d7d20_3066,11755.010809705753
000d7d20_3067,11754.580119721722
000d7d20_3068,11754.102723580081
000d7d20_3069,11754.676616403247
000d7d20_3070,11755.404975439165
000d7d20_3071,11756.070778025975
000d7d20_3072,11756.093948849426
000d7d20_3073,11755.984937761206
000d7d20_3074,11756.086288192097
000d7d20_3075,11756.215142105611
000d7d20_3076,11756.287382556033
000d7d20_3077,11756.702067389551
000d7d20_3078,11757.067186532215
000d7d20_3079,11757.58950507547
000d7d20_3080,11757.100985882853
000d7d20_3081,11756.79760534178
000d7d20_3082,11756.37667338893
000d7d20_3083,11756.237067793734
000d7d20_3084,11756.010849583792
000d7d20_3085,11756.028579133696
000d7d20_3086,11756.153528443298
000d7d20_3087,11754.609908077966
000d7d20_3088,11753.215249829824
000d7d20_3089,11751.887275007764
000d7d20_3090,11753.262060484527
000d7d20_3091,11754.41527889314
000d7d20_3092,11755.944995885797
000d7d20_3093,11756.138945688808
000d7d20_3094,11755.634170256048
000d7d20_3095,11754.79222563327
000d7d20_3096,11754.709351349264
000d7d20_3097,11755.87818086202
000d7d20_3098,11756.349956658858
000d7d20_3099,11755.689539795387
000d7d20_3100,11755.112586841775
000d7d20_3101,11754.08759247061
000d7d20_3102,11753.8667317368
000d7d20_3103,11759.726911166115
000d7d20_3104,11767.660186084127
000d7d20_3105,11772.463608945749
000d7d20_3106,11771.583743279183
000d7d20_3107,11771.421988549764
000d7d20_3108,11773.87547741857
000d7d20_3109,11775.735912411985
000d7d20_3110,11775.100990501423
000d7d20_3111,11775.122867467871
000d7d20_3112,11773.594759821412
000d7d20_3113,11767.963620526483
000d7d20_3114,11761.665185430677
000d7d20_3115,11756.844517484853
000d7d20_3116,11757.42060176466
000d7d20_3117,11758.400442370223
000d7d20_3118,11762.110613371296
000d7d20_3119,11765.057486910053
000d7d20_3120,11767.310643221253
000d7d20_3121,11769.600390170255
000d7d20_3122,11771.976041779795
000d7d20_3123,11774.988364577148
000d7d20_3124,11775.253378054227
000d7d20_3125,11775.242021063976
000d7d20_3126,11775.097374500547
000d7d20_3127,11774.759382537808
000d7d20_3128,11775.31097103448
000d7d20_3129,11773.005619209973
000d7d20_3130,11767.935781625065
000d7d20_3131,11761.818998123681
000d7d20_3132,11758.704782521088
000d7d20_3133,11758.515201373642
000d7d20_3134,11759.006982167672
000d7d20_3135,11757.836045598073
000d7d20_3136,11756.283841227189
000d7d20_3137,11754.338774637023
000d7d20_3138,11754.749021381664
000d7d20_3139,11755.326042649533
000d7d20_3140,11755.3420154232
000d7d20_3141,11756.673293141457
000d7d20_3142,11757.467344977233
000d7d20_3143,11759.116739611234
000d7d20_3144,11758.608393047396
000d7d20_3145,11757.814261324085
000d7d20_3146,11757.006632157681
000d7d20_3147,11757.297161131466
000d7d20_3148,11760.937660367119
000d7d20_3149,11767.193597100662
000d7d20_3150,11771.869053870274
000d7d20_3151,11774.786595977246
000d7d20_3152,11775.731538557928
000d7d20_3153,11775.914527880917
000d7d20_3154,11775.334258363893
000d7d20_3155,11773.81160633576
000d7d20_3156,11771.936605616467
000d7d20_3157,11766.853564609233
000d7d20_3158,11762.017674942055
000d7d20_3159,11758.621670601186
000d7d20_3160,11757.779513599666
000d7d20_3161,11757.063505829685
000d7d20_3162,11756.356257012792
000d7d20_3163,11756.08619673896
000d7d20_3164,11755.919874362351
000d7d20_3165,11756.03040745449
000d7d20_3166,11756.162894433655
000d7d20_3167,11756.175620285627
000d7d20_3168,11756.169267805693
000d7d20_3169,11755.592325616586
000d7d20_3170,11755.002369383947
000d7d20_3171,11754.427520622421
000d7d20_3172,11754.522700273263
000d7d20_3173,11755.088972823092
000d7d20_3174,11755.672558243443
000d7d20_3175,11756.181784196975
000d7d20_3176,11755.939563088627
000d7d20_3177,11755.50319141018
000d7d20_3178,11754.690338205377
000d7d20_3179,11754.364386463398
000d7d20_3180,11754.548212534735
000d7d20_3181,11754.492733729441
000d7d20_3182,11754.694182987783
000d7d20_3183,11755.129091873081
000d7d20_3184,11755.515288250012
000d7d20_3185,11755.200761005673
000d7d20_3186,11757.02811530499
000d7d20_3187,11757.03449092905
000d7d20_3188,11757.355687201229
000d7d20_3189,11755.91923578645
000d7d20_3190,11756.570590198682
000d7d20_3191,11757.091273877437
000d7d20_3192,11756.97024380909
000d7d20_3193,11758.083933251279
000d7d20_3194,11758.466108018127
000d7d20_3195,11758.301191020762
000d7d20_3196,11756.934054923217
000d7d20_3197,11755.891508691042
000d7d20_3198,11754.861114599787
000d7d20_3199,11754.036865353215
000d7d20_3200,11753.766832843132
000d7d20_3201,11753.718001904339
000d7d20_3202,11753.925725917572
000d7d20_3203,11754.076437508678
000d7d20_3204,11754.741630882838
000d7d20_3205,11755.512168618501
000d7d20_3206,11757.077777204782
000d7d20_3207,11758.368480151883
000d7d20_3208,11759.342920771936
000d7d20_3209,11759.451538202078
000d7d20_3210,11759.26519622506
000d7d20_3211,11759.164627172557
000d7d20_3212,11758.51409393741
000d7d20_3213,11757.774547782754
000d7d20_3214,11756.900984271388
000d7d20_3215,11756.600500849008
000d7d20_3216,11757.19087300598
000d7d20_3217,11758.677350022966
000d7d20_3218,11759.83629653808
000d7d20_3219,11759.52150296109
000d7d20_3220,11759.336314197935
000d7d20_3221,11759.639247870458
000d7d20_3222,11760.291653309163
000d7d20_3223,11759.992038331671
000d7d20_3224,11759.512370447403
000d7d20_3225,11759.479751479064
000d7d20_3226,11758.78657198976
000d7d20_3227,11755.863036211822
000d7d20_3228,11753.720381738378
000d7d20_3229,11752.857328090437
000d7d20_3230,11754.337580686793
000d7d20_3231,11755.033089343115
000d7d20_3232,11755.370853340826
000d7d20_3233,11755.628442418427
000d7d20_3234,11755.330523505865
000d7d20_3235,11755.176102672653
000d7d20_3236,11755.200375324413
000d7d20_3237,11756.67740736258
000d7d20_3238,11759.700029781734
000d7d20_3239,11762.475743264915
000d7d20_3240,11763.133402984276
000d7d20_3241,11761.249187783673
000d7d20_3242,11760.22608053612
000d7d20_3243,11760.602489021529
000d7d20_3244,11762.119946904631
000d7d20_3245,11763.187486839468
000d7d20_3246,11762.068083292528
000d7d20_3247,11759.391670802774
000d7d20_3248,11760.608986992034
000d7d20_3249,11764.182286671587
000d7d20_3250,11767.072494278189
000d7d20_3251,11766.019854551909
000d7d20_3252,11762.828083178776
000d7d20_3253,11759.685634340785
000d7d20_3254,11756.53562992751
000d7d20_3255,11757.297105458829
000d7d20_3256,11759.89034595799
000d7d20_3257,11761.329766655012
000d7d20_3258,11760.271014634338
000d7d20_3259,11759.459689388152
000d7d20_3260,11759.222142285435
000d7d20_3261,11760.031532856117
000d7d20_3262,11760.434892558173
000d7d20_3263,11760.488818885553
000d7d20_3264,11760.030300819139
000d7d20_3265,11759.33253806885
000d7d20_3266,11759.269367645831
000d7d20_3267,11759.001813002838
000d7d20_3268,11759.004427522883
000d7d20_3269,11759.005078564549
000d7d20_3270,11759.346336001523
000d7d20_3271,11759.29499117186
000d7d20_3272,11760.249527102593
000d7d20_3273,11761.020544387515
000d7d20_3274,11762.820154981518
000d7d20_3275,11762.814295606518
000d7d20_3276,11762.287376064633
000d7d20_3277,11760.813989162032
000d7d20_3278,11759.856849064634
000d7d20_3279,11759.264652990818
000d7d20_3280,11758.979026985267
000d7d20_3281,11758.987490526933
000d7d20_3282,11759.36358364938
000d7d20_3283,11759.33176467265
000d7d20_3284,11759.486569210252
000d7d20_3285,11759.229232651933
000d7d20_3286,11759.25975621253
000d7d20_3287,11759.195433832445
000d7d20_3288,11758.52344334466
000d7d20_3289,11758.558303278018
000d7d20_3290,11759.299183320962
000d7d20_3291,11761.230808688766
000d7d20_3292,11762.954557735664
000d7d20_3293,11763.35179464979
000d7d20_3294,11762.878474259296
000d7d20_3295,11762.812391013033
000d7d20_3296,11762.749763300271
000d7d20_3297,11762.26708064841
000d7d20_3298,11760.852020366365
000d7d20_3299,11759.955995580947
000d7d20_3300,11759.283960565925
000d7d20_3301,11758.616281649078
000d7d20_3302,11758.35549706337
000d7d20_3303,11758.632870307423
000d7d20_3304,11759.443975738892
000d7d20_3305,11759.271670606977
000d7d20_3306,11758.600731028348
000d7d20_3307,11757.664114497835
000d7d20_3308,11757.289240747612
000d7d20_3309,11758.090693624972
000d7d20_3310,11758.968562911823
000d7d20_3311,11760.846127221543
000d7d20_3312,11762.817922040906
000d7d20_3313,11768.17373848218
000d7d20_3314,11772.703840076812
000d7d20_3315,11775.302584259523
000d7d20_3316,11770.897807918192
000d7d20_3317,11765.632640966347
000d7d20_3318,11762.581296381048
000d7d20_3319,11765.655349761035
000d7d20_3320,11768.179428139636
000d7d20_3321,11771.925249325388
000d7d20_3322,11771.757470839633
000d7d20_3323,11772.874133854251
000d7d20_3324,11772.155339306773
000d7d20_3325,11773.465821164617
000d7d20_3326,11774.774637924857
000d7d20_3327,11775.684884460885
000d7d20_3328,11776.004706690626
000d7d20_3329,11777.10382288886
000d7d20_3330,11776.779117571428
000d7d20_3331,11775.159245551607
000d7d20_3332,11772.72328728209
000d7d20_3333,11772.40704752458
000d7d20_3334,11774.393550782092
000d7d20_3335,11777.245966286711
000d7d20_3336,11778.355042759673
000d7d20_3337,11777.193941069852
000d7d20_3338,11775.873385981473
000d7d20_3339,11775.455216255801
000d7d20_3340,11774.656017417701
000d7d20_3341,11774.055641447167
000d7d20_3342,11774.0405348668
000d7d20_3343,11775.327707752353
000d7d20_3344,11774.935054200803
000d7d20_3345,11774.127578880574
000d7d20_3346,11772.834989411249
000d7d20_3347,11772.279721056271
000d7d20_3348,11772.915519219794
000d7d20_3349,11774.745632341253
000d7d20_3350,11774.978488331444
000d7d20_3351,11770.9483681641
000d7d20_3352,11766.205923739568
000d7d20_3353,11766.321827125323
000d7d20_3354,11768.552245885585
000d7d20_3355,11772.293122383206
000d7d20_3356,11771.910339261261
000d7d20_3357,11769.999370949537
000d7d20_3358,11766.542136976253
000d7d20_3359,11764.152749461407
000d7d20_3360,11766.77550421193
000d7d20_3361,11770.225902247716
000d7d20_3362,11774.782288053975
000d7d20_3363,11774.973864088608
000d7d20_3364,11774.497171075885
000d7d20_3365,11769.691371063738
000d7d20_3366,11767.01723935656
000d7d20_3367,11763.466095601669
000d7d20_3368,11762.22319956313
000d7d20_3369,11760.62269224389
000d7d20_3370,11759.080917498308
000d7d20_3371,11758.942093433026
000d7d20_3372,11758.19693236094
000d7d20_3373,11759.121097172303
000d7d20_3374,11758.980279498079
000d7d20_3375,11759.426025009807
000d7d20_3376,11759.061394088734
000d7d20_3377,11759.149995886497
000d7d20_3378,11759.47855801097
000d7d20_3379,11759.47074551097
000d7d20_3380,11759.380802611828
000d7d20_3381,11758.49004978447
000d7d20_3382,11758.450499735307
000d7d20_3383,11758.676188085345
000d7d20_3384,11759.51970295291
000d7d20_3385,11758.908287335595
000d7d20_3386,11758.678542609292
000d7d20_3387,11757.299598093532
000d7d20_3388,11758.249510648757
000d7d20_3389,11759.29762289123
000d7d20_3390,11761.492020849362
000d7d20_3391,11762.070322022882
000d7d20_3392,11762.287089542764
000d7d20_3393,11761.644619629675
000d7d20_3394,11761.188030347175
000d7d20_3395,11761.235356511783
000d7d20_3396,11761.79317753425
000d7d20_3397,11762.672057173846
000d7d20_3398,11762.542003833138
000d7d20_3399,11762.778139808319
000d7d20_3400,11762.440463100515
000d7d20_3401,11761.88416313266
000d7d20_3402,11761.296767735983
000d7d20_3403,11760.99662543257
000d7d20_3404,11760.92457382627
000d7d20_3405,11760.845844770649
000d7d20_3406,11761.454527826261
000d7d20_3407,11761.47433333881
000d7d20_3408,11761.503719604285
000d7d20_3409,11761.323045551353
000d7d20_3410,11761.641829846323
000d7d20_3411,11763.609280413182
000d7d20_3412,11765.679603480006
000d7d20_3413,11770.883765699591
000d7d20_3414,11774.310441111178
000d7d20_3415,11777.130241578061
000d7d20_3416,11777.386054844521
000d7d20_3417,11777.568576773136
000d7d20_3418,11774.678488328942
000d7d20_3419,11771.580897776046
000d7d20_3420,11771.391876627005
000d7d20_3421,11775.275512727247
000d7d20_3422,11777.987947916146
000d7d20_3423,11775.103217550937
000d7d20_3424,11774.384842192616
000d7d20_3425,11774.719605474806
000d7d20_3426,11777.50187462021
000d7d20_3427,11775.789543646097
000d7d20_3428,11773.656869633587
000d7d20_3429,11774.491144254733
000d7d20_3430,11773.97523711793
000d7d20_3431,11775.238559467545
000d7d20_3432,11775.64377127325
000d7d20_3433,11776.60131591114
000d7d20_3434,11778.47575121755
000d7d20_3435,11778.665348509536
000d7d20_3436,11781.189997054533
000d7d20_3437,11781.785824838962
000d7d20_3438,11777.280577111998
000d7d20_3439,11770.918212473698
000d7d20_3440,11764.732842997555
000d7d20_3441,11762.695279669037
000d7d20_3442,11762.799425850122
000d7d20_3443,11761.855112873624
000d7d20_3444,11761.793828622407
000d7d20_3445,11761.507145134545
000d7d20_3446,11761.785163456881
000d7d20_3447,11762.11750501759
000d7d20_3448,11762.129779636656
000d7d20_3449,11762.096713566585
000d7d20_3450,11762.060847002169
000d7d20_3451,11761.917019197512
000d7d20_3452,11762.005294683286
000d7d20_3453,11762.11798423156
000d7d20_3454,11762.347971636575
000d7d20_3455,11762.451376837644
000d7d20_3456,11762.583916153295
000d7d20_3457,11762.61001015645
000d7d20_3458,11762.767647100372
000d7d20_3459,11762.497868575441
000d7d20_3460,11762.357921994417
000d7d20_3461,11762.138058234841
000d7d20_3462,11761.652173079101
000d7d20_3463,11760.916214826795
000d7d20_3464,11761.117161248754
000d7d20_3465,11762.004121434766
000d7d20_3466,11763.408548408683
000d7d20_3467,11763.087108812826
000d7d20_3468,11762.644357121773
000d7d20_3469,11761.985022090592
000d7d20_3470,11761.957502106217
000d7d20_3471,11762.095963489546
000d7d20_3472,11762.204516394044
000d7d20_3473,11763.123890167379
000d7d20_3474,11764.147133474611
000d7d20_3475,11765.196522297878
000d7d20_3476,11764.304668508916
000d7d20_3477,11763.447816612023
000d7d20_3478,11762.164606355705
000d7d20_3479,11762.237898925969
000d7d20_3480,11762.193140992145
000d7d20_3481,11762.012289059194
000d7d20_3482,11762.923593712294
000d7d20_3483,11762.812977662566
000d7d20_3484,11763.227651028568
000d7d20_3485,11762.295950940621
000d7d20_3486,11762.380846255275
000d7d20_3487,11762.64332993706
000d7d20_3488,11762.168173177575
000d7d20_3489,11761.538478414208
000d7d20_3490,11761.22687167507
000d7d20_3491,11761.721284562096
000d7d20_3492,11762.745789535062
000d7d20_3493,11764.619055561014
000d7d20_3494,11767.464131866089
000d7d20_3495,11772.01082144129
000d7d20_3496,11773.048688919633
000d7d20_3497,11772.321355612752
000d7d20_3498,11767.453284472416
000d7d20_3499,11764.213766736148
000d7d20_3500,11763.904404113715
000d7d20_3501,11764.893558583799
000d7d20_3502,11767.10276561625
000d7d20_3503,11768.040791138837
000d7d20_3504,11769.32700780029
000d7d20_3505,11768.306510325458
000d7d20_3506,11766.646725173721
000d7d20_3507,11765.427598648128
000d7d20_3508,11765.878757385062
000d7d20_3509,11764.511660056947
000d7d20_3510,11762.8319726149
000d7d20_3511,11761.252466725151
000d7d20_3512,11761.72502996043
000d7d20_3513,11761.613448347032
000d7d20_3514,11761.466677750106
000d7d20_3515,11760.840558896554
000d7d20_3516,11760.98355435465
000d7d20_3517,11760.959815623137
000d7d20_3518,11761.127007532583
000d7d20_3519,11761.513203744316
000d7d20_3520,11761.708605478432
000d7d20_3521,11762.775798916358
000d7d20_3522,11764.626622810732
000d7d20_3523,11769.49374912755
000d7d20_3524,11774.512556609154
000d7d20_3525,11777.580190936627
000d7d20_3526,11778.146292226513
000d7d20_3527,11774.048390220509
000d7d20_3528,11769.984432259786
000d7d20_3529,11764.660827555837
000d7d20_3530,11763.136376883054
000d7d20_3531,11762.463204265994
000d7d20_3532,11762.555105599413
000d7d20_3533,11763.056107394563
000d7d20_3534,11763.837328540603
000d7d20_3535,11764.923868324235
000d7d20_3536,11765.139168065885
000d7d20_3537,11765.023243985343
000d7d20_3538,11765.229124542777
000d7d20_3539,11766.055115462543
000d7d20_3540,11767.557477011731
000d7d20_3541,11771.488619765152
000d7d20_3542,11776.097497408662
000d7d20_3543,11780.330474373359
000d7d20_3544,11779.966646845054
000d7d20_3545,11778.65608246454
000d7d20_3546,11777.355822104635
000d7d20_3547,11777.414952144754
000d7d20_3548,11777.142046866671
000d7d20_3549,11776.72885790687
000d7d20_3550,11776.963818802915
000d7d20_3551,11774.0682936305
000d7d20_3552,11770.381718830513
000d7d20_3553,11765.25999911981
000d7d20_3554,11763.937614250603
000d7d20_3555,11763.997110215978
000d7d20_3556,11769.03275106207
000d7d20_3557,11774.86867803471
000d7d20_3558,11779.673128552153
000d7d20_3559,11780.010565966133
000d7d20_3560,11779.131837637738
000d7d20_3561,11779.206069376583
000d7d20_3562,11780.215850737963
000d7d20_3563,11779.833013720701
000d7d20_3564,11775.326071275378
000d7d20_3565,11769.12706762845
000d7d20_3566,11765.63700954502
000d7d20_3567,11765.1930659962
000d7d20_3568,11766.61379579871
000d7d20_3569,11766.445623395231
000d7d20_3570,11766.64193342094
000d7d20_3571,11766.315146009476
000d7d20_3572,11765.838676976104
000d7d20_3573,11765.294436446236
000d7d20_3574,11765.672642109663
000d7d20_3575,11766.326487533239
000d7d20_3576,11767.543414958134
000d7d20_3577,11767.904602694922
000d7d20_3578,11768.493767499485
000d7d20_3579,11768.342837432463
000d7d20_3580,11768.773872020482
000d7d20_3581,11769.062295521648
000d7d20_3582,11769.756942358328
000d7d20_3583,11770.052168679853
000d7d20_3584,11769.740441962058
000d7d20_3585,11769.424971420098
000d7d20_3586,11768.783330532066
000d7d20_3587,11769.131343397426
000d7d20_3588,11769.753942845637
000d7d20_3589,11770.718753570987
000d7d20_3590,11770.993475580608
000d7d20_3591,11770.689411788633
000d7d20_3592,11770.212170913326
000d7d20_3593,11770.029065444576
000d7d20_3594,11769.943574223542
000d7d20_3595,11769.845293930937
000d7d20_3596,11769.824297837187
000d7d20_3597,11769.256380924306
000d7d20_3598,11769.637199779425
000d7d20_3599,11768.254760478916
000d7d20_3600,11768.186354946634
000d7d20_3601,11767.4992684128
000d7d20_3602,11769.843296254972
000d7d20_3603,11769.537670026953
000d7d20_3604,11769.848006716085
000d7d20_3605,11767.308128376038
000d7d20_3606,11768.297346905982
000d7d20_3607,11768.422184480145
000d7d20_3608,11769.740524141287
000d7d20_3609,11769.151102013362
000d7d20_3610,11768.165804549819
000d7d20_3611,11768.121973532834
000d7d20_3612,11768.055171272557
000d7d20_3613,11768.535501794411
000d7d20_3614,11768.126442288229
000d7d20_3615,11767.516029358892
000d7d20_3616,11766.626556210229
000d7d20_3617,11765.79784034917
000d7d20_3618,11765.614474681353
000d7d20_3619,11764.102827750981
000d7d20_3620,11762.82212765445
000d7d20_3621,11762.929387606559
000d7d20_3622,11764.293121885255
000d7d20_3623,11765.66513103555
000d7d20_3624,11765.88360188493
000d7d20_3625,11766.030041804777
000d7d20_3626,11765.527780852351
000d7d20_3627,11764.527366746857
000d7d20_3628,11763.909715881751
000d7d20_3629,11764.339679496721
000d7d20_3630,11762.615573850222
000d7d20_3631,11762.158024509363
000d7d20_3632,11761.777253492512
000d7d20_3633,11763.62786995458
000d7d20_3634,11764.036490760454
000d7d20_3635,11763.954240861553
000d7d20_3636,11764.095337641178
000d7d20_3637,11763.641546513687
000d7d20_3638,11763.55726891347
000d7d20_3639,11763.59281517294
000d7d20_3640,11764.218718431759
000d7d20_3641,11764.171734885094
000d7d20_3642,11764.057466120488
000d7d20_3643,11764.065441380904
000d7d20_3644,11764.422211524414
000d7d20_3645,11765.002889684018
000d7d20_3646,11765.484717312896
000d7d20_3647,11765.606295773652
000d7d20_3648,11766.015368378858
000d7d20_3649,11766.901186791418
000d7d20_3650,11767.746936002286
000d7d20_3651,11766.825026307677
000d7d20_3652,11767.608591473494
000d7d20_3653,11768.610299643784
000d7d20_3654,11771.208863949658
000d7d20_3655,11770.854660984407
000d7d20_3656,11769.882939286757
000d7d20_3657,11768.075707241529
000d7d20_3658,11766.997605845034
000d7d20_3659,11766.537144700764
000d7d20_3660,11766.113218420955
000d7d20_3661,11765.192749690972
000d7d20_3662,11764.46985752837
000d7d20_3663,11764.269843085092
000d7d20_3664,11764.44375154566
000d7d20_3665,11764.705256236199
000d7d20_3666,11764.805517254446
000d7d20_3667,11764.64424290121
000d7d20_3668,11764.533042307745
000d7d20_3669,11764.609696223279
000d7d20_3670,11765.405247000454
000d7d20_3671,11764.994190596597
000d7d20_3672,11764.081118152446
000d7d20_3673,11761.29851604346
000d7d20_3674,11759.448587748338
000d7d20_3675,11759.285655251542
000d7d20_3676,11760.587853137438
000d7d20_3677,11761.67838244477
000d7d20_3678,11761.574651938034
000d7d20_3679,11762.1044248877
000d7d20_3680,11763.026438884908
000d7d20_3681,11763.585897494342
000d7d20_3682,11763.661085691814
000d7d20_3683,11763.986007716258
000d7d20_3684,11764.627096068622
000d7d20_3685,11765.616247729044
000d7d20_3686,11766.258350892182
000d7d20_3687,11766.83087747366
000d7d20_3688,11767.010291743529
000d7d20_3689,11767.110443829793
000d7d20_3690,11767.577712869272
000d7d20_3691,11768.022943812311
000d7d20_3692,11768.66377089826
000d7d20_3693,11769.27707609567
000d7d20_3694,11770.0394064336
000d7d20_3695,11770.54620291736
000d7d20_3696,11769.92703834495
000d7d20_3697,11768.355210988891
000d7d20_3698,11766.657740884586
000d7d20_3699,11765.33439389994
000d7d20_3700,11764.804486661034
000d7d20_3701,11764.490940296082
000d7d20_3702,11764.578523833103
000d7d20_3703,11764.56623576184
000d7d20_3704,11764.45974698533
000d7d20_3705,11764.424100549402
000d7d20_3706,11764.386316073798
000d7d20_3707,11764.46065965716
000d7d20_3708,11764.508180072744
000d7d20_3709,11764.992657386181
000d7d20_3710,11765.525390261862
000d7d20_3711,11765.862541608187
000d7d20_3712,11765.867734568312
000d7d20_3713,11766.3070566435
000d7d20_3714,11767.682308835885
000d7d20_3715,11770.163676836224
000d7d20_3716,11776.102771465039
000d7d20_3717,11780.686327548901
000d7d20_3718,11781.764084153998
000d7d20_3719,11778.08848933043
000d7d20_3720,11774.94840979464
000d7d20_3721,11774.058800779641
000d7d20_3722,11773.87378640811
000d7d20_3723,11773.47022514148
000d7d20_3724,11773.475823542374
000d7d20_3725,11773.675196079681
000d7d20_3726,11776.106185355464
000d7d20_3727,11779.171358086242
000d7d20_3728,11780.500770388842
000d7d20_3729,11776.249214344723
000d7d20_3730,11769.804783707834
000d7d20_3731,11764.988736640764
000d7d20_3732,11764.492812407496
000d7d20_3733,11765.513668982967
000d7d20_3734,11766.695106940168
000d7d20_3735,11767.480862716346
000d7d20_3736,11768.663399920586
000d7d20_3737,11769.796750868098
000d7d20_3738,11770.597424383725
000d7d20_3739,11770.811495170201
000d7d20_3740,11770.62397017832
000d7d20_3741,11770.268158333774
000d7d20_3742,11770.58502553138
000d7d20_3743,11771.273176573048
000d7d20_3744,11771.525617979298
000d7d20_3745,11769.768421844588
000d7d20_3746,11770.563180100144
000d7d20_3747,11770.32660530733
000d7d20_3748,11774.908581476497
000d7d20_3749,11778.076387877694
000d7d20_3750,11786.16488278473
000d7d20_3751,11788.14416202421
000d7d20_3752,11788.975618247512
000d7d20_3753,11785.62367571422
000d7d20_3754,11786.36280548703
000d7d20_3755,11786.676102145744
000d7d20_3756,11788.007083318102
000d7d20_3757,11787.859143389216
000d7d20_3758,11787.979594499557
000d7d20_3759,11787.822359535052
000d7d20_3760,11786.758187306745
000d7d20_3761,11785.323855926807
000d7d20_3762,11783.933172546715
000d7d20_3763,11783.862764094534
000d7d20_3764,11784.807765447453
000d7d20_3765,11785.966024567308
000d7d20_3766,11786.943370283292
000d7d20_3767,11787.84499378546
000d7d20_3768,11787.68646752486
000d7d20_3769,11786.727124039482
000d7d20_3770,11785.766645078993
000d7d20_3771,11786.262747231
000d7d20_3772,11788.192620304095
000d7d20_3773,11790.06100241015
000d7d20_3774,11791.432631322532
000d7d20_3775,11791.844806757537
000d7d20_3776,11790.458489869727
000d7d20_3777,11788.166313615133
000d7d20_3778,11780.618229156384
000d7d20_3779,11776.705475620945
000d7d20_3780,11771.759469779508
000d7d20_3781,11771.3176346905
000d7d20_3782,11768.836932629005
000d7d20_3783,11767.126138601825
000d7d20_3784,11765.051864599225
000d7d20_3785,11761.648591040406
000d7d20_3786,11756.903740175685
000d7d20_3787,11757.924933433707
000d7d20_3788,11760.160267814805
000d7d20_3789,11764.563886151373
000d7d20_3790,11764.317006017316
000d7d20_3791,11763.169305209967
000d7d20_3792,11761.820190534929
000d7d20_3793,11761.270372042085
000d7d20_3794,11761.408065933378
000d7d20_3795,11762.088887933342
000d7d20_3796,11762.766929967152
000d7d20_3797,11763.300188552186
000d7d20_3798,11764.054161036083
000d7d20_3799,11763.756139392559
000d7d20_3800,11763.230170112924
000d7d20_3801,11762.791750761467
000d7d20_3802,11763.426763754736
000d7d20_3803,11762.949642326581
000d7d20_3804,11763.77720268033
000d7d20_3805,11762.155142840696
000d7d20_3806,11762.878843152435
000d7d20_3807,11762.587122893909
000d7d20_3808,11764.705040755995
000d7d20_3809,11765.799152198264
000d7d20_3810,11764.703990206284
000d7d20_3811,11763.498582224065
000d7d20_3812,11762.09204153011
000d7d20_3813,11762.539947890902
000d7d20_3814,11763.01085812523
000d7d20_3815,11763.971602401929
000d7d20_3816,11765.543206973562
000d7d20_3817,11769.590473995311
000d7d20_3818,11769.227821166709
000d7d20_3819,11766.192612879997
000d7d20_3820,11761.685373912058
000d7d20_3821,11763.788537559414
000d7d20_3822,11767.574045025205
000d7d20_3823,11768.632293384944
000d7d20_3824,11768.205615816993
000d7d20_3825,11767.844688255007
000d7d20_3826,11767.615682802878
000d7d20_3827,11767.889201035125
000d7d20_3828,11768.297518939886
000d7d20_3829,11769.985212104884
000d7d20_3830,11770.098595142847
000d7d20_3831,11771.057458588808
000d7d20_3832,11771.709107376095
000d7d20_3833,11772.322104791232
000d7d20_3834,11771.273526824612
000d7d20_3835,11770.070200297583
000d7d20_3836,11769.19856998831
000d7d20_3837,11773.173811518884
000d7d20_3838,11778.61367566207
000d7d20_3839,11789.105743835216
000d7d20_3840,11797.872781544645
000d7d20_3841,11805.55249142672
000d7d20_3842,11808.107574423253
000d7d20_3843,11808.274447814072
000d7d20_3844,11807.711103126136
000d7d20_3845,11807.180869594498
000d7d20_3846,11805.091391271193
000d7d20_3847,11803.32230441198
000d7d20_3848,11800.35624156049
000d7d20_3849,11797.058472979834
000d7d20_3850,11793.371071005595
000d7d20_3851,11791.06220220775
000d7d20_3852,11785.670159110612
000d7d20_3853,11779.778733429523
000d7d20_3854,11773.988863786688
000d7d20_3855,11770.4300671007
000d7d20_3856,11770.12825953588
000d7d20_3857,11768.10139034398
000d7d20_3858,11768.74981920994
000d7d20_3859,11766.71619497167
000d7d20_3860,11766.187388228855
000d7d20_3861,11766.90813768094
000d7d20_3862,11766.798116467418
000d7d20_3863,11767.592409663039
000d7d20_3864,11767.421130534407
000d7d20_3865,11768.590374187906
000d7d20_3866,11769.961598957669
000d7d20_3867,11771.515947268519
000d7d20_3868,11773.143896024825
000d7d20_3869,11773.720719032803
000d7d20_3870,11773.945580414193
000d7d20_3871,11774.235203442244
000d7d20_3872,11774.204527962822
000d7d20_3873,11774.501460503656
000d7d20_3874,11774.5310949578
000d7d20_3875,11774.762989051595
000d7d20_3876,11772.971849113192
000d7d20_3877,11771.325099426447
000d7d20_3878,11771.607715036522
000d7d20_3879,11773.134669911342
000d7d20_3880,11776.855804813269
000d7d20_3881,11773.432780341464
000d7d20_3882,11769.67314758336
000d7d20_3883,11763.6968651953
000d7d20_3884,11763.30260122739
000d7d20_3885,11763.936641211287
000d7d20_3886,11764.615266989305
000d7d20_3887,11764.841988573962
000d7d20_3888,11764.252153436608
000d7d20_3889,11764.669600199852
000d7d20_3890,11764.654205863446
000d7d20_3891,11766.369555293897
000d7d20_3892,11767.578383912505
000d7d20_3893,11768.877603447405
000d7d20_3894,11771.780690334092
000d7d20_3895,11769.682671990066
000d7d20_3896,11767.493607035334
000d7d20_3897,11762.299481308224
000d7d20_3898,11759.842663533142
000d7d20_3899,11758.879484745203
000d7d20_3900,11759.35875971885
000d7d20_3901,11766.969281569769
000d7d20_3902,11775.569546324024
000d7d20_3903,11781.282182006544
000d7d20_3904,11778.114719825686
000d7d20_3905,11774.06991023643
000d7d20_3906,11771.496818456077
000d7d20_3907,11769.512988721652
000d7d20_3908,11766.445930121568
000d7d20_3909,11763.88614091082
000d7d20_3910,11763.477083859705
000d7d20_3911,11762.55541871099
000d7d20_3912,11760.529961353363
000d7d20_3913,11758.732197937146
000d7d20_3914,11757.634997759262
000d7d20_3915,11756.570801512928
000d7d20_3916,11757.364235683768
000d7d20_3917,11758.117589881927
000d7d20_3918,11760.414902004217
000d7d20_3919,11762.085778712828
000d7d20_3920,11765.106675825402
000d7d20_3921,11765.278505599941
000d7d20_3922,11763.054488586497
000d7d20_3923,11760.519010650722
000d7d20_3924,11760.664226718005
000d7d20_3925,11763.71329748827
000d7d20_3926,11766.496663551967
000d7d20_3927,11769.224862785986
000d7d20_3928,11773.35616346955
000d7d20_3929,11777.715305816542
000d7d20_3930,11780.452281588216
000d7d20_3931,11778.296097858567
000d7d20_3932,11776.972623397915
000d7d20_3933,11777.665960349294
000d7d20_3934,11779.551278084924
000d7d20_3935,11774.880645625648
000d7d20_3936,11768.687837024103
000d7d20_3937,11763.83778431917
000d7d20_3938,11763.838068485938
000d7d20_3939,11764.185034572962
000d7d20_3940,11762.728460658926
000d7d20_3941,11761.55146215697
000d7d20_3942,11762.16214668234
000d7d20_3943,11764.142066205075
000d7d20_3944,11765.028975429837
000d7d20_3945,11764.56548342751
000d7d20_3946,11764.942196446253
000d7d20_3947,11766.704244467932
000d7d20_3948,11768.877107416569
000d7d20_3949,11773.408692221346
000d7d20_3950,11774.338325525145
000d7d20_3951,11774.114030383853
000d7d20_3952,11769.133398272841
000d7d20_3953,11768.758684221459
000d7d20_3954,11768.886215380766
000d7d20_3955,11770.297004605882
000d7d20_3956,11770.372102792433
000d7d20_3957,11771.936441468513
000d7d20_3958,11773.542672471294
000d7d20_3959,11774.777994682408
000d7d20_3960,11774.048835231772
000d7d20_3961,11775.767770312828
000d7d20_3962,11776.82726505941
000d7d20_3963,11778.335603292153
000d7d20_3964,11777.616045544972
000d7d20_3965,11772.975458835708
000d7d20_3966,11765.831604587094
000d7d20_3967,11759.763945519871
000d7d20_3968,11759.006346844353
000d7d20_3969,11758.705659740146
000d7d20_3970,11757.083044252351
000d7d20_3971,11756.195360735934
000d7d20_3972,11757.605669063933
000d7d20_3973,11759.381176966786
000d7d20_3974,11759.916369239136
000d7d20_3975,11760.419212954434
000d7d20_3976,11760.02603147015
000d7d20_3977,11760.673290409695
000d7d20_3978,11758.56216572233
000d7d20_3979,11757.33477784783
000d7d20_3980,11756.17312113118
000d7d20_3981,11756.518762941254
000d7d20_3982,11757.469046747776
000d7d20_3983,11757.589324385022
000d7d20_3984,11760.71324789134
000d7d20_3985,11763.35730590908
000d7d20_3986,11765.061891783727
000d7d20_3987,11763.41861436108
000d7d20_3988,11763.133147446852
000d7d20_3989,11763.098995092994
000d7d20_3990,11764.409905987553
000d7d20_3991,11762.187243100096
000d7d20_3992,11759.0808165559
000d7d20_3993,11756.730290568079
000d7d20_3994,11760.33201513982
000d7d20_3995,11764.65128782216
000d7d20_3996,11766.276660097792
000d7d20_3997,11765.385215928827
000d7d20_3998,11764.847795703283
000d7d20_3999,11769.492951312668
000d7d20_4000,11771.391153053037
000d7d20_4001,11769.674847644614
000d7d20_4002,11765.314957501767
000d7d20_4003,11762.499855267006
000d7d20_4004,11763.844668724872
000d7d20_4005,11767.503114145942
000d7d20_4006,11772.896907486436
000d7d20_4007,11777.424671527528
000d7d20_4008,11778.965268468719
000d7d20_4009,11778.39537946276
000d7d20_4010,11777.705272035659
000d7d20_4011,11774.14077081051
000d7d20_4012,11769.117226256894
000d7d20_4013,11761.663811355216
000d7d20_4014,11760.278251463591
000d7d20_4015,11760.609892277951
000d7d20_4016,11765.12039160308
000d7d20_4017,11769.3294614424
000d7d20_4018,11773.051273823354
000d7d20_4019,11769.96918658466
000d7d20_4020,11757.345872925454
000d7d20_4021,11745.495740106382
000d7d20_4022,11738.991710448565
000d7d20_4023,11739.033451717727
000d7d20_4024,11738.745248006657
000d7d20_4025,11738.542581213815
000d7d20_4026,11738.554653731486
000d7d20_4027,11738.080063270236
000d7d20_4028,11738.051677447676
000d7d20_4029,11738.377686562259
000d7d20_4030,11739.297507082161
000d7d20_4031,11739.606374743418
000d7d20_4032,11738.542767428038
000d7d20_4033,11738.264035362774
000d7d20_4034,11740.639565967673
000d7d20_4035,11743.351410744246
000d7d20_4036,11744.766096543333
000d7d20_4037,11743.568519277942
000d7d20_4038,11743.283986735967
000d7d20_4039,11742.859983807715
000d7d20_4040,11743.20292034021
000d7d20_4041,11742.387383972957
000d7d20_4042,11740.763624336876
000d7d20_4043,11738.733207859192
000d7d20_4044,11737.158035269475
000d7d20_4045,11737.346042210645
000d7d20_4046,11738.097483977013
000d7d20_4047,11738.944990230413
000d7d20_4048,11739.535025240235
000d7d20_4049,11739.12880274579
000d7d20_4050,11739.621917143699
000d7d20_4051,11739.985280025952
000d7d20_4052,11740.739379582716
000d7d20_4053,11741.71270372108
000d7d20_4054,11742.876864526812
000d7d20_4055,11743.571769477583
000d7d20_4056,11743.444296321031
000d7d20_4057,11743.361921976486
000d7d20_4058,11743.68626679421
000d7d20_4059,11743.329180388819
000d7d20_4060,11742.178598909362
000d7d20_4061,11740.917912838391
000d7d20_4062,11741.171825051293
000d7d20_4063,11740.295412187634
000d7d20_4064,11738.713666716525
000d7d20_4065,11736.65143745699
000d7d20_4066,11736.737113059391
000d7d20_4067,11737.879971920376
000d7d20_4068,11738.720019368693
000d7d20_4069,11738.196710342207
000d7d20_4070,11737.554797077566
000d7d20_4071,11739.917539594258
000d7d20_4072,11742.61857522378
000d7d20_4073,11743.05089010133
000d7d20_4074,11741.517048645648
000d7d20_4075,11739.61478359696
000d7d20_4076,11740.231681097825
000d7d20_4077,11738.41712773552
000d7d20_4078,11737.516806029156
000d7d20_4079,11736.020182264225
000d7d20_4080,11738.5825611545
000d7d20_4081,11740.568585714473
000d7d20_4082,11743.078018101724
000d7d20_4083,11742.585906365966
000d7d20_4084,11742.155203478871
000d7d20_4085,11742.335669393477
000d7d20_4086,11741.766507022656
000d7d20_4087,11739.123035195493
000d7d20_4088,11735.19041682753
000d7d20_4089,11734.439289510934
000d7d20_4090,11735.337579136482
000d7d20_4091,11737.67600740793
000d7d20_4092,11739.196686813906
000d7d20_4093,11741.479527939919
000d7d20_4094,11742.858463394945
000d7d20_4095,11741.572872663062
000d7d20_4096,11741.746062282828
000d7d20_4097,11742.703200850454
000d7d20_4098,11742.751769253226
000d7d20_4099,11741.06875305747
000d7d20_4100,11739.252966772701
000d7d20_4101,11737.02270872962
000d7d20_4102,11737.52251752332
000d7d20_4103,11738.832526259774
000d7d20_4104,11739.697487404948
000d7d20_4105,11738.564513515177
000d7d20_4106,11734.123077318078
000d7d20_4107,11736.67907291431
000d7d20_4108,11739.007220950027
000d7d20_4109,11742.00564031066
000d7d20_4110,11741.96371043761
000d7d20_4111,11740.815966218119
000d7d20_4112,11741.191093670712
000d7d20_4113,11740.439970979154
000d7d20_4114,11741.881129558262
000d7d20_4115,11741.792661826219
000d7d20_4116,11741.826538471722
000d7d20_4117,11740.723063415324
000d7d20_4118,11740.348999852102
000d7d20_4119,11740.59822617574
000d7d20_4120,11741.696167377972
000d7d20_4121,11743.5650574959
000d7d20_4122,11744.6504520199
000d7d20_4123,11744.544656414999
000d7d20_4124,11743.707326914295
000d7d20_4125,11743.18769394276
000d7d20_4126,11742.147300711806
000d7d20_4127,11739.815651956385
000d7d20_4128,11738.065088198642
000d7d20_4129,11736.082600415422
000d7d20_4130,11735.058332542461
000d7d20_4131,11735.38091887771
000d7d20_4132,11737.178750093322
000d7d20_4133,11738.721041239967
000d7d20_4134,11738.16475219583
000d7d20_4135,11737.309321133944
000d7d20_4136,11738.960788266733
000d7d20_4137,11741.676086152509
000d7d20_4138,11743.561919985514
000d7d20_4139,11742.935285708614
000d7d20_4140,11741.258230669715
000d7d20_4141,11740.385504557498
000d7d20_4142,11740.168604562501
000d7d20_4143,11739.407662987418
000d7d20_4144,11738.895261232328
000d7d20_4145,11738.478381102335
000d7d20_4146,11738.916665989897
000d7d20_4147,11739.10519478062
000d7d20_4148,11739.609176311244
000d7d20_4149,11740.526281099179
000d7d20_4150,11740.910326419333
000d7d20_4151,11740.770420074945
000d7d20_4152,11738.659223659304
000d7d20_4153,11735.221504077772
000d7d20_4154,11732.72533185396
000d7d20_4155,11730.299893734265
000d7d20_4156,11727.911184644241
000d7d20_4157,11724.425137090111
000d7d20_4158,11722.307059655532
000d7d20_4159,11722.824486330845
000d7d20_4160,11723.702227683394
000d7d20_4161,11725.229444964845
000d7d20_4162,11727.55858109125
000d7d20_4163,11729.861240174221
000d7d20_4164,11731.84933678917
000d7d20_4165,11729.642723841876
000d7d20_4166,11730.872186890278
000d7d20_4167,11732.777136301687
000d7d20_4168,11729.164983176654
000d7d20_4169,11725.433890815808
000d7d20_4170,11722.499091173566
000d7d20_4171,11728.415578537593
000d7d20_4172,11733.517008928618
000d7d20_4173,11739.064472427055
000d7d20_4174,11744.880562948822
000d7d20_4175,11747.094930106678
000d7d20_4176,11746.667074444047
000d7d20_4177,11745.452875889378
000d7d20_4178,11745.016164216378
000d7d20_4179,11745.02625536221
000d7d20_4180,11744.681949631338
000d7d20_4181,11743.414979094203
000d7d20_4182,11742.05409579665
000d7d20_4183,11739.648732024214
000d7d20_4184,11738.12800616816
000d7d20_4185,11736.69093916627
000d7d20_4186,11736.53029463502
000d7d20_4187,11736.273317752622
000d7d20_4188,11736.600936787516
000d7d20_4189,11737.551431534986
000d7d20_4190,11737.784645396552
000d7d20_4191,11737.015782872075
000d7d20_4192,11734.935200560134
000d7d20_4193,11733.635621743917
000d7d20_4194,11733.86037203095
000d7d20_4195,11734.442274110079
000d7d20_4196,11735.327627665882
000d7d20_4197,11734.547993528884
000d7d20_4198,11733.881392220575
000d7d20_4199,11733.214790912263
000d7d20_4200,11733.116582568498
000d7d20_4201,11733.426032084712
000d7d20_4202,11734.303874565472
000d7d20_4203,11735.465926984121
000d7d20_4204,11736.491942697301
000d7d20_4205,11736.828887010191
000d7d20_4206,11736.881621385191
000d7d20_4207,11736.603707984943
000d7d20_4208,11736.055522499604
000d7d20_4209,11735.54428362885
000d7d20_4210,11735.581067483014
000d7d20_4211,11736.129252968354
000d7d20_4212,11736.29976822702
000d7d20_4213,11736.514516666228
000d7d20_4214,11736.181079620097
000d7d20_4215,11734.981677581416
000d7d20_4216,11733.781765613974
000d7d20_4217,11730.458023995874
000d7d20_4218,11728.720069364537
000d7d20_4219,11728.091474126028
000d7d20_4220,11730.383298101844
000d7d20_4221,11733.325569546168
000d7d20_4222,11734.857022129368
000d7d20_4223,11736.592870113405
000d7d20_4224,11738.539282725993
000d7d20_4225,11738.94920794443
000d7d20_4226,11738.578714648806
000d7d20_4227,11736.847659763664
000d7d20_4228,11736.43970453256
000d7d20_4229,11736.319253422223
000d7d20_4230,11736.43970453256
000d7d20_4231,11736.64049183911
000d7d20_4232,11736.760942949448
000d7d20_4233,11736.64049183911
000d7d20_4234,11735.859285524048
000d7d20_4235,11734.742707074163
000d7d20_4236,11733.648371390853
000d7d20_4237,11733.371854714345
000d7d20_4238,11733.583095886795
000d7d20_4239,11734.38527662219
000d7d20_4240,11734.894814128418
000d7d20_4241,11735.251965920514
000d7d20_4242,11735.116386493431
000d7d20_4243,11734.395607814755
000d7d20_4244,11733.886070308528
000d7d20_4245,11733.52891851643
000d7d20_4246,11734.127271765066
000d7d20_4247,11735.087634430762
000d7d20_4248,11736.640014978999
000d7d20_4249,11737.310625894375
000d7d20_4250,11737.287535109908
000d7d20_4251,11734.150074918318
000d7d20_4252,11732.724209712635
000d7d20_4253,11731.629874029322
000d7d20_4254,11733.783346637225
000d7d20_4255,11735.293491488352
000d7d20_4256,11737.8686629504
000d7d20_4257,11739.605882009006
000d7d20_4258,11742.29742935308
000d7d20_4259,11743.400830213717
000d7d20_4260,11744.410476532104
000d7d20_4261,11743.952601738283
000d7d20_4262,11744.15622425252
000d7d20_4263,11744.413711231688
000d7d20_4264,11744.763167079254
000d7d20_4265,11744.44604372758
000d7d20_4266,11744.09838484499
000d7d20_4267,11742.577739827982
000d7d20_4268,11742.306743734234
000d7d20_4269,11740.712516215068
000d7d20_4270,11740.902874260268
000d7d20_4271,11741.283953222706
000d7d20_4272,11743.614709861824
000d7d20_4273,11745.833223981608
000d7d20_4274,11746.937859809734
000d7d20_4275,11744.566207386795
000d7d20_4276,11740.497005418687
000d7d20_4277,11737.49642008735
000d7d20_4278,11740.28626808428
000d7d20_4279,11744.200017491457
000d7d20_4280,11745.947210574232
000d7d20_4281,11744.486304337186
000d7d20_4282,11742.301597319667
000d7d20_4283,11742.011485596768
000d7d20_4284,11742.39256397653
000d7d20_4285,11744.533827693225
000d7d20_4286,11746.067312425856
000d7d20_4287,11746.46991669936
000d7d20_4288,11745.910427640714
000d7d20_4289,11744.850019399135
000d7d20_4290,11744.675322746181
000d7d20_4291,11743.165391491886
000d7d20_4292,11740.62247310755
000d7d20_4293,11738.010173395909
000d7d20_4294,11736.853786721353
000d7d20_4295,11737.329949186633
000d7d20_4296,11738.719970026099
000d7d20_4297,11741.052823213138
000d7d20_4298,11742.22890048415
000d7d20_4299,11741.998106213316
000d7d20_4300,11739.72022568706
000d7d20_4301,11737.368755383503
000d7d20_4302,11735.65108942328
000d7d20_4303,11734.91699893516
000d7d20_4304,11735.72658369752
000d7d20_4305,11737.66853351191
000d7d20_4306,11740.486947853808
000d7d20_4307,11743.539146997156
000d7d20_4308,11742.942861759375
000d7d20_4309,11741.023146414833
000d7d20_4310,11737.958667814752
000d7d20_4311,11736.166292126647
000d7d20_4312,11733.144576228646
000d7d20_4313,11730.172309522955
000d7d20_4314,11727.510546643278
000d7d20_4315,11727.320887035385
000d7d20_4316,11726.92996710065
000d7d20_4317,11727.96469890156
000d7d20_4318,11728.651732770435
000d7d20_4319,11730.707843751217
000d7d20_4320,11732.665719489689
000d7d20_4321,11733.843046109963
000d7d20_4322,11734.103888002863
000d7d20_4323,11732.4107874378
000d7d20_4324,11731.125713421692
000d7d20_4325,11729.840151124334
000d7d20_4326,11731.111738528498
000d7d20_4327,11732.421203088577
000d7d20_4328,11734.314358262976
000d7d20_4329,11736.63882678142
000d7d20_4330,11738.911924271602
000d7d20_4331,11740.601819428717
000d7d20_4332,11740.663902537734
000d7d20_4333,11740.674156443985
000d7d20_4334,11740.684410350232
000d7d20_4335,11740.694664256484
000d7d20_4336,11740.694664256484
000d7d20_4337,11740.694664256484
000d7d20_4338,11740.694664256484
000d7d20_4339,11740.694664256484
000d7d20_4340,11740.694664256484
000d7d20_4341,11740.694664256484
000d7d20_4342,11740.694664256484
000d7d20_4343,11740.927316341526
000d7d20_4344,11740.927316341526
000d7d20_4345,11740.927316341526
000d7d20_4346,11739.713551695817
000d7d20_4347,11737.679145334398
000d7d20_4348,11737.175475135818
000d7d20_4349,11737.206114679075
000d7d20_4350,11738.290048023084
000d7d20_4351,11738.290048023087
000d7d20_4352,11738.737501883583
000d7d20_4353,11739.625077989893
000d7d20_4354,11740.12874818847
000d7d20_4355,11740.631767345383
000d7d20_4356,11740.553484915226
000d7d20_4357,11740.04981471665
000d7d20_4358,11739.085832584657
000d7d20_4359,11736.957595898379
000d7d20_4360,11735.287614327477
000d7d20_4361,11733.137742401808
000d7d20_4362,11732.969497398459
000d7d20_4363,11733.87739999046
000d7d20_4364,11735.823649401893
000d7d20_4365,11736.614599681197
000d7d20_4366,11735.38904853259
000d7d20_4367,11735.595926255157
000d7d20_4368,11736.136076749746
000d7d20_4369,11736.382599004268
000d7d20_4370,11734.801500862966
000d7d20_4371,11732.168595395442
000d7d20_4372,11730.408536433897
000d7d20_4373,11728.08683034529
000d7d20_4374,11727.585155007577
000d7d20_4375,11726.552590797983
000d7d20_4376,11726.242972719068
000d7d20_4377,11725.397844329096
000d7d20_4378,11724.92585208266
000d7d20_4379,11722.407295186475
000d7d20_4380,11719.50462620004
000d7d20_4381,11715.994654614486
000d7d20_4382,11715.062076924012
000d7d20_4383,11713.93749517924
000d7d20_4384,11713.347680908904
000d7d20_4385,11712.088319845372
000d7d20_4386,11710.551792462034
000d7d20_4387,11707.22998958583
000d7d20_4388,11702.526830297385
000d7d20_4389,11697.497543258098
000d7d20_4390,11694.453363636681
000d7d20_4391,11692.73134711099
000d7d20_4392,11691.95780973591
000d7d20_4393,11690.002935258997
000d7d20_4394,11691.882347987254
000d7d20_4395,11693.056323140927
000d7d20_4396,11695.106843488611
000d7d20_4397,11693.580659847385
000d7d20_4398,11692.791009335879
000d7d20_4399,11693.713655330232
000d7d20_4400,11697.503417980493
000d7d20_4401,11698.893304976527
000d7d20_4402,11698.31566842003
000d7d20_4403,11693.24069407086
000d7d20_4404,11691.037158998375
000d7d20_4405,11689.209730761026
000d7d20_4406,11693.583429763885
000d7d20_4407,11698.000131407687
000d7d20_4408,11703.89000338866
000d7d20_4409,11706.758884373603
000d7d20_4410,11705.348426715354
000d7d20_4411,11702.446431763625
000d7d20_4412,11697.592694633704
000d7d20_4413,11698.6119080531
000d7d20_4414,11699.745852355707
000d7d20_4415,11701.715973118044
000d7d20_4416,11702.681649791693
000d7d20_4417,11703.959117814607
000d7d20_4418,11704.835418434986
000d7d20_4419,11703.357847211133
000d7d20_4420,11701.394450112775
000d7d20_4421,11699.703523742608
000d7d20_4422,11699.704112188614
000d7d20_4423,11699.491219509313
000d7d20_4424,11698.162809274429
000d7d20_4425,11696.297827979439
000d7d20_4426,11693.957372142911
000d7d20_4427,11692.49548855669
000d7d20_4428,11691.162655019905
000d7d20_4429,11691.139720906125
000d7d20_4430,11690.99753792658
000d7d20_4431,11691.254887691008
000d7d20_4432,11693.336228285225
000d7d20_4433,11696.679766995503
000d7d20_4434,11700.035738162534
000d7d20_4435,11700.680045153655
000d7d20_4436,11699.319109009877
000d7d20_4437,11691.572901862188
000d7d20_4438,11686.720569639305
000d7d20_4439,11690.008812779006
000d7d20_4440,11704.890444827302
000d7d20_4441,11717.914483445886
000d7d20_4442,11723.700685006355
000d7d20_4443,11725.761075211114
000d7d20_4444,11728.887978032299
000d7d20_4445,11728.300904671547
000d7d20_4446,11723.19386735752
000d7d20_4447,11715.31195799249
000d7d20_4448,11712.387403242332
000d7d20_4449,11709.64594255913
000d7d20_4450,11710.635381883241
000d7d20_4451,11708.93704898862
000d7d20_4452,11710.953749067865
000d7d20_4453,11710.291739274633
000d7d20_4454,11708.609828547304
000d7d20_4455,11705.687073634757
000d7d20_4456,11704.278142964735
000d7d20_4457,11705.819839163712
000d7d20_4458,11707.809211495587
000d7d20_4459,11709.845203016483
000d7d20_4460,11709.506134032476
000d7d20_4461,11707.129473510568
000d7d20_4462,11703.301436049675
000d7d20_4463,11702.23677998511
000d7d20_4464,11704.680117307516
000d7d20_4465,11706.564041437634
000d7d20_4466,11703.984092156601
000d7d20_4467,11700.708896732782
000d7d20_4468,11697.683113099274
000d7d20_4469,11698.375760121387
000d7d20_4470,11698.177020474754
000d7d20_4471,11697.697083479901
000d7d20_4472,11701.180671110958
000d7d20_4473,11704.13822023892
000d7d20_4474,11708.010197293397
000d7d20_4475,11704.693341202312
000d7d20_4476,11701.37175128942
000d7d20_4477,11697.358866582887
000d7d20_4478,11696.751011475711
000d7d20_4479,11695.829569831394
000d7d20_4480,11697.254208017073
000d7d20_4481,11697.641541839073
000d7d20_4482,11699.102226079312
000d7d20_4483,11698.992324230785
000d7d20_4484,11699.55969672963
000d7d20_4485,11698.995019269089
000d7d20_4486,11698.36477205361
000d7d20_4487,11698.484047121901
000d7d20_4488,11698.989085230545
000d7d20_4489,11699.497560388865
000d7d20_4490,11699.264201161424
000d7d20_4491,11698.91868755431
000d7d20_4492,11697.59936946648
000d7d20_4493,11695.467181903894
000d7d20_4494,11693.408400556107
000d7d20_4495,11694.343371032455
000d7d20_4496,11696.300346493017
000d7d20_4497,11698.348681306932
000d7d20_4498,11697.989223954239
000d7d20_4499,11697.789351148132
000d7d20_4500,11694.945658154247
000d7d20_4501,11693.20101526739
000d7d20_4502,11690.60900714794
000d7d20_4503,11691.368563550912
000d7d20_4504,11690.875216037857
000d7d20_4505,11694.126301037826
000d7d20_4506,11695.754806627208
000d7d20_4507,11698.708562255428
000d7d20_4508,11697.974442420016
000d7d20_4509,11698.33590569951
000d7d20_4510,11698.040364520471
000d7d20_4511,11697.059033660777
000d7d20_4512,11696.17493776833
000d7d20_4513,11695.624701857892
000d7d20_4514,11695.637012692576
000d7d20_4515,11695.599083670275
000d7d20_4516,11694.879053131537
000d7d20_4517,11695.063543662896
000d7d20_4518,11696.510292363424
000d7d20_4519,11698.348620312752
000d7d20_4520,11699.517095824196
000d7d20_4521,11699.766258707334
000d7d20_4522,11699.489308798025
000d7d20_4523,11699.871928484805
000d7d20_4524,11697.602771021227
000d7d20_4525,11695.88501686829
000d7d20_4526,11694.84313697298
000d7d20_4527,11695.924775065136
000d7d20_4528,11696.750884566054
000d7d20_4529,11696.209316427232
000d7d20_4530,11695.25597938738
000d7d20_4531,11696.250698867661
000d7d20_4532,11697.554157295808
000d7d20_4533,11699.60787420114
000d7d20_4534,11700.108444916315
000d7d20_4535,11700.690372161645
000d7d20_4536,11700.897907509841
000d7d20_4537,11702.259001192613
000d7d20_4538,11704.71170153823
000d7d20_4539,11707.64920959779
000d7d20_4540,11708.87146568813
000d7d20_4541,11708.92797770216
000d7d20_4542,11708.794743144172
000d7d20_4543,11709.054724486079
000d7d20_4544,11708.71239697162
000d7d20_4545,11709.265494626927
000d7d20_4546,11709.735422967302
000d7d20_4547,11710.481669450413
000d7d20_4548,11709.039901683434
000d7d20_4549,11707.670905562723
000d7d20_4550,11706.137453544301
000d7d20_4551,11706.124995430242
000d7d20_4552,11706.375720852177
000d7d20_4553,11707.246280092504
000d7d20_4554,11707.767594199604
000d7d20_4555,11707.767594199604
000d7d20_4556,11707.675479706793
000d7d20_4557,11707.382762757145
000d7d20_4558,11707.182160300306
000d7d20_4559,11706.943185315125
000d7d20_4560,11706.894681319478
000d7d20_4561,11706.835305166627
000d7d20_4562,11707.035907623465
000d7d20_4563,11707.330416329176
000d7d20_4564,11707.858941723343
000d7d20_4565,11708.016636117978
000d7d20_4566,11707.267019173692
000d7d20_4567,11706.435299771605
000d7d20_4568,11706.179037892232
000d7d20_4569,11707.215361950914
000d7d20_4570,11708.18517592903
000d7d20_4571,11708.248483070283
000d7d20_4572,11708.033219473638
000d7d20_4573,11707.471678619775
000d7d20_4574,11707.53998981251
000d7d20_4575,11707.424563491533
000d7d20_4576,11707.986104345395
000d7d20_4577,11709.0367632074
000d7d20_4578,11710.229885015962
000d7d20_4579,11711.017784914016
000d7d20_4580,11711.166988989662
000d7d20_4581,11711.166988989662
000d7d20_4582,11711.166988989662
000d7d20_4583,11710.72254669967
000d7d20_4584,11710.76421336634
000d7d20_4585,11710.615009290696
000d7d20_4586,11710.051105627253
000d7d20_4587,11708.614687056572
000d7d20_4588,11707.42848766836
000d7d20_4589,11707.307908307354
000d7d20_4590,11707.710422247705
000d7d20_4591,11707.86153835925
000d7d20_4592,11707.428634934588
000d7d20_4593,11706.578247054675
000d7d20_4594,11707.085219192299
000d7d20_4595,11709.40008818964
000d7d20_4596,11711.178732729977
000d7d20_4597,11711.446661703609
000d7d20_4598,11710.594657745625
000d7d20_4599,11710.672650699897
000d7d20_4600,11709.721384402166
000d7d20_4601,11707.701062452265
000d7d20_4602,11703.927344725273
000d7d20_4603,11701.930965909318
000d7d20_4604,11701.126841433796
000d7d20_4605,11701.916491473743
000d7d20_4606,11702.180313937488
000d7d20_4607,11703.155798797578
000d7d20_4608,11704.170872151075
000d7d20_4609,11706.414424051041
000d7d20_4610,11707.597768471662
000d7d20_4611,11709.042216178967
000d7d20_4612,11709.207358428006
000d7d20_4613,11708.641759646875
000d7d20_4614,11707.998958263086
000d7d20_4615,11707.530136646068
000d7d20_4616,11708.904041408436
000d7d20_4617,11709.958640361589
000d7d20_4618,11711.366014315287
000d7d20_4619,11711.36064188747
000d7d20_4620,11710.702415826358
000d7d20_4621,11710.460200992713
000d7d20_4622,11710.348710107297
000d7d20_4623,11708.635033054745
000d7d20_4624,11705.797906916458
000d7d20_4625,11702.279977234279
000d7d20_4626,11701.165857425693
000d7d20_4627,11699.980732644923
000d7d20_4628,11700.06429849522
000d7d20_4629,11699.819726787297
000d7d20_4630,11700.623171371772
000d7d20_4631,11700.304747697295
000d7d20_4632,11700.441953708898
000d7d20_4633,11699.977814882515
000d7d20_4634,11700.221194281497
000d7d20_4635,11700.046558286702
000d7d20_4636,11700.555334216295
000d7d20_4637,11700.307715285335
000d7d20_4638,11700.457090624835
000d7d20_4639,11697.549098239659
000d7d20_4640,11696.289746106071
000d7d20_4641,11696.274371679574
000d7d20_4642,11697.851824688181
000d7d20_4643,11699.925281362433
000d7d20_4644,11697.892287822398
000d7d20_4645,11698.038966980717
000d7d20_4646,11697.383785636966
000d7d20_4647,11698.548326663096
000d7d20_4648,11699.09761354549
000d7d20_4649,11700.37484920052
000d7d20_4650,11701.93762450102
000d7d20_4651,11701.432879569707
000d7d20_4652,11700.464062454375
000d7d20_4653,11699.796027612298
000d7d20_4654,11700.694739509132
000d7d20_4655,11698.927226797181
000d7d20_4656,11699.451255531234
000d7d20_4657,11698.204235524652
000d7d20_4658,11699.540996194506
000d7d20_4659,11699.577212761673
000d7d20_4660,11700.120177786246
000d7d20_4661,11699.912400077346
000d7d20_4662,11699.35834736439
000d7d20_4663,11700.11559557013
000d7d20_4664,11699.417357418752
000d7d20_4665,11699.650004199531
000d7d20_4666,11699.41587874067
000d7d20_4667,11700.727821771441
000d7d20_4668,11700.68324627662
000d7d20_4669,11700.898090093811
000d7d20_4670,11700.933461507904
000d7d20_4671,11701.500567418472
000d7d20_4672,11702.013713689483
000d7d20_4673,11702.77888168625
000d7d20_4674,11702.727054954827
000d7d20_4675,11702.593343119137
000d7d20_4676,11702.593343119137
000d7d20_4677,11703.837489240612
000d7d20_4678,11705.762363182075
000d7d20_4679,11706.952227514592
000d7d20_4680,11707.949184362398
000d7d20_4681,11708.023501140398
000d7d20_4682,11706.769569572358
000d7d20_4683,11703.512145574323
000d7d20_4684,11700.017164778488
000d7d20_4685,11699.100889203226
000d7d20_4686,11697.998508014303
000d7d20_4687,11697.444501245742
000d7d20_4688,11697.783917742106
000d7d20_4689,11699.684348666808
000d7d20_4690,11701.089749170002
000d7d20_4691,11700.489254573868
000d7d20_4692,11699.874290760372
000d7d20_4693,11699.690979673613
000d7d20_4694,11699.704912296722
000d7d20_4695,11699.966356123032
000d7d20_4696,11698.675711933194
000d7d20_4697,11697.413840715135
000d7d20_4698,11697.34059951899
000d7d20_4699,11698.806595375981
000d7d20_4700,11700.403259597078
000d7d20_4701,11700.618753093493
000d7d20_4702,11701.04800127306
000d7d20_4703,11701.466740534925
000d7d20_4704,11701.861358809541
000d7d20_4705,11701.926173973503
000d7d20_4706,11701.639083907188
000d7d20_4707,11699.343859174629
000d7d20_4708,11698.429151103408
000d7d20_4709,11696.361068919674
000d7d20_4710,11696.457302991039
000d7d20_4711,11694.136923125465
000d7d20_4712,11693.059339512685
000d7d20_4713,11692.361406079404
000d7d20_4714,11693.207132771478
000d7d20_4715,11694.021943694648
000d7d20_4716,11694.746324299384
000d7d20_4717,11694.93724112661
000d7d20_4718,11694.667993617162
000d7d20_4719,11693.922419975259
000d7d20_4720,11693.399080213503
000d7d20_4721,11693.529473005683
000d7d20_4722,11693.81862760489
000d7d20_4723,11694.019522418786
000d7d20_4724,11694.16859843074
000d7d20_4725,11694.160623170323
000d7d20_4726,11694.15541483699
000d7d20_4727,11694.310950876641
000d7d20_4728,11693.737650772928
000d7d20_4729,11693.098361380898
000d7d20_4730,11692.203824501661
000d7d20_4731,11692.672203249987
000d7d20_4732,11691.821006476848
000d7d20_4733,11691.091287144469
000d7d20_4734,11689.44770138277
000d7d20_4735,11687.927662862394
000d7d20_4736,11686.727195792191
000d7d20_4737,11686.120257021483
000d7d20_4738,11686.219593160384
000d7d20_4739,11685.519736750344
000d7d20_4740,11685.496183606005
000d7d20_4741,11684.102601214603
000d7d20_4742,11686.388976966971
000d7d20_4743,11685.886520679445
000d7d20_4744,11690.709110260637
000d7d20_4745,11692.993291763194
000d7d20_4746,11697.740989909866
000d7d20_4747,11696.893369245954
000d7d20_4748,11695.462684732483
000d7d20_4749,11692.460362074116
000d7d20_4750,11693.977703213759
000d7d20_4751,11693.939454632035
000d7d20_4752,11696.131279992822
000d7d20_4753,11696.311474979515
000d7d20_4754,11699.382074552554
000d7d20_4755,11699.912341455065
000d7d20_4756,11700.615828917804
000d7d20_4757,11700.702236353847
000d7d20_4758,11704.297265515825
000d7d20_4759,11705.33802300209
000d7d20_4760,11707.435377530273
000d7d20_4761,11707.170768255339
000d7d20_4762,11709.388967409608
000d7d20_4763,11710.035836313104
000d7d20_4764,11709.747469871785
000d7d20_4765,11706.079281974899
000d7d20_4766,11703.576777940752
000d7d20_4767,11702.039928439555
000d7d20_4768,11703.856842226864
000d7d20_4769,11703.629988040835
000d7d20_4770,11703.32715916279
000d7d20_4771,11701.68192875759
000d7d20_4772,11699.77948813835
000d7d20_4773,11698.25336665503
000d7d20_4774,11698.92327792588
000d7d20_4775,11700.4196424486
000d7d20_4776,11699.067794568842
000d7d20_4777,11694.875172465145
000d7d20_4778,11690.084963749468
000d7d20_4779,11687.613670561264
000d7d20_4780,11686.752726813647
000d7d20_4781,11685.988187009447
000d7d20_4782,11684.466854596621
000d7d20_4783,11682.619124547697
000d7d20_4784,11685.423944025022
000d7d20_4785,11689.217280403818
000d7d20_4786,11692.714452298604
000d7d20_4787,11692.387731294031
000d7d20_4788,11691.391157143516
000d7d20_4789,11690.374585773054
000d7d20_4790,11687.87536385709
000d7d20_4791,11686.204142683202
000d7d20_4792,11685.29740036799
000d7d20_4793,11686.72245382159
000d7d20_4794,11688.92630091178
000d7d20_4795,11692.90468620394
000d7d20_4796,11697.35715752325
000d7d20_4797,11698.049901079576
000d7d20_4798,11697.353060122497
000d7d20_4799,11693.884076913382
000d7d20_4800,11691.652320594047
000d7d20_4801,11689.560962226575
000d7d20_4802,11689.425081342277
000d7d20_4803,11691.413381004806
000d7d20_4804,11692.949626029525
000d7d20_4805,11696.191004097118
000d7d20_4806,11696.292476188932
000d7d20_4807,11696.348061969404
000d7d20_4808,11693.903007793802
000d7d20_4809,11694.54504418218
000d7d20_4810,11696.139063735975
000d7d20_4811,11698.217833210927
000d7d20_4812,11700.416135207886
000d7d20_4813,11701.776431346958
000d7d20_4814,11702.791394891092
000d7d20_4815,11702.83173661103
000d7d20_4816,11703.151382560061
000d7d20_4817,11703.060953968328
000d7d20_4818,11703.87391197735
000d7d20_4819,11704.138572406742
000d7d20_4820,11704.787049232275
000d7d20_4821,11704.54667909592
000d7d20_4822,11704.294921338827
000d7d20_4823,11703.684059176181
000d7d20_4824,11704.210980794562
000d7d20_4825,11700.81447930553
000d7d20_4826,11696.319568512808
000d7d20_4827,11692.025804142164
000d7d20_4828,11692.627289984137
000d7d20_4829,11695.530053568227
000d7d20_4830,11698.056865245822
000d7d20_4831,11696.735701681793
000d7d20_4832,11694.478085603349
000d7d20_4833,11693.846922992801
000d7d20_4834,11695.930255367246
000d7d20_4835,11697.864188977706
000d7d20_4836,11697.639689243702
000d7d20_4837,11697.302131138387
000d7d20_4838,11696.030066993555
000d7d20_4839,11693.753024566244
000d7d20_4840,11692.72737932332
000d7d20_4841,11691.340800344855
000d7d20_4842,11689.230425995114
000d7d20_4843,11686.298969992158
000d7d20_4844,11687.454736686821
000d7d20_4845,11691.84126648172
000d7d20_4846,11696.105772544955
000d7d20_4847,11696.611776288866
000d7d20_4848,11691.49969487955
000d7d20_4849,11688.126525002726
000d7d20_4850,11686.338996438872
000d7d20_4851,11688.636529310243
000d7d20_4852,11687.939617184573
000d7d20_4853,11688.874902017042
000d7d20_4854,11688.40465236309
000d7d20_4855,11690.912039700537
000d7d20_4856,11692.908636949209
000d7d20_4857,11698.510603367962
000d7d20_4858,11702.773632294846
000d7d20_4859,11704.151312217335
000d7d20_4860,11705.041932567141
000d7d20_4861,11706.169283559444
000d7d20_4862,11707.856981708223
000d7d20_4863,11709.37750831681
000d7d20_4864,11709.410884556826
000d7d20_4865,11709.737321035636
000d7d20_4866,11708.442167310497
000d7d20_4867,11707.475224049093
000d7d20_4868,11705.886969682251
000d7d20_4869,11703.209548365447
000d7d20_4870,11699.556325923446
000d7d20_4871,11696.303817198625
000d7d20_4872,11693.540439846814
000d7d20_4873,11692.126403571194
000d7d20_4874,11691.314972044567
000d7d20_4875,11690.764003033715
000d7d20_4876,11688.414110447971
000d7d20_4877,11685.935158343147
000d7d20_4878,11683.497653691316
000d7d20_4879,11682.88926474515
000d7d20_4880,11684.126978430022
000d7d20_4881,11685.69454156619
000d7d20_4882,11686.515882332516
000d7d20_4883,11687.370728515154
000d7d20_4884,11684.775672740921
000d7d20_4885,11684.644077668258
000d7d20_4886,11683.989194310494
000d7d20_4887,11686.550995774067
000d7d20_4888,11690.040433255279
000d7d20_4889,11692.60978831647
000d7d20_4890,11696.030796611825
000d7d20_4891,11699.083588557123
000d7d20_4892,11701.294851174294
000d7d20_4893,11701.643031984824
000d7d20_4894,11700.915785927644
000d7d20_4895,11701.353011349267
000d7d20_4896,11702.575889616279
000d7d20_4897,11702.51358865897
000d7d20_4898,11701.156900332535
000d7d20_4899,11701.55328997541
000d7d20_4900,11703.501113622822
000d7d20_4901,11707.68574177013
000d7d20_4902,11710.81383268129
000d7d20_4903,11713.114481499717
000d7d20_4904,11714.10177192116
000d7d20_4905,11714.880103645706
000d7d20_4906,11715.473945128402
000d7d20_4907,11715.116727873685
000d7d20_4908,11712.484317474416
000d7d20_4909,11708.774294339526
000d7d20_4910,11705.724199187845
000d7d20_4911,11704.619974046576
000d7d20_4912,11703.833660628
000d7d20_4913,11702.339302727609
000d7d20_4914,11699.304208306714
000d7d20_4915,11695.644988602508
000d7d20_4916,11691.511509625236
000d7d20_4917,11688.111270995752
000d7d20_4918,11685.670067916844
000d7d20_4919,11685.019463058454
000d7d20_4920,11687.004027487708
000d7d20_4921,11689.556456349303
000d7d20_4922,11691.759599555708
000d7d20_4923,11692.071170855912
000d7d20_4924,11694.459939351475
000d7d20_4925,11696.912366187797
000d7d20_4926,11699.783530275536
000d7d20_4927,11700.079058361503
000d7d20_4928,11700.392420008511
000d7d20_4929,11702.704755413302
000d7d20_4930,11705.003002621015
000d7d20_4931,11706.992701163088
000d7d20_4932,11707.100285798506
000d7d20_4933,11707.519967095455
000d7d20_4934,11707.176806864349
000d7d20_4935,11707.262578050586
000d7d20_4936,11707.063270804456
000d7d20_4937,11707.49458057303
000d7d20_4938,11707.382589826497
000d7d20_4939,11707.330385152338
000d7d20_4940,11707.393803429033
000d7d20_4941,11706.47831014528
000d7d20_4942,11706.860670898686
000d7d20_4943,11706.719267278895
000d7d20_4944,11707.35640993323
000d7d20_4945,11706.935337478933
000d7d20_4946,11706.96771689783
000d7d20_4947,11707.832896469206
000d7d20_4948,11706.399889389422
000d7d20_4949,11705.575620622136
000d7d20_4950,11702.557716865102
000d7d20_4951,11700.68021155749
000d7d20_4952,11699.161992078138
000d7d20_4953,11699.39325879109
000d7d20_4954,11700.793786239918
000d7d20_4955,11700.80841369766
000d7d20_4956,11699.497164849286
000d7d20_4957,11697.73659979793
000d7d20_4958,11696.311400916094
000d7d20_4959,11692.826742249496
000d7d20_4960,11689.082692352209
000d7d20_4961,11685.814625409437
000d7d20_4962,11686.186915185399
000d7d20_4963,11686.12256710903
000d7d20_4964,11684.139767390274
000d7d20_4965,11682.259507966724
000d7d20_4966,11680.906788488275
000d7d20_4967,11681.079674569037
000d7d20_4968,11680.493512560364
000d7d20_4969,11680.72915901002
000d7d20_4970,11682.327803311762
000d7d20_4971,11685.728989168905
000d7d20_4972,11685.537002906538
000d7d20_4973,11687.58687716494
000d7d20_4974,11688.560425774695
000d7d20_4975,11691.08846798093
000d7d20_4976,11688.381201977325
000d7d20_4977,11686.450077730327
000d7d20_4978,11686.042731353882
000d7d20_4979,11687.992328098384
000d7d20_4980,11687.864791489168
000d7d20_4981,11687.2904502105
000d7d20_4982,11686.576061098278
000d7d20_4983,11686.803192224872
000d7d20_4984,11687.357967543858
000d7d20_4985,11686.177654249002
000d7d20_4986,11686.546763724458
000d7d20_4987,11685.224672097116
000d7d20_4988,11684.644275344848
000d7d20_4989,11684.605308052254
000d7d20_4990,11685.860163080166
000d7d20_4991,11687.012939816283
000d7d20_4992,11687.18812453557
000d7d20_4993,11687.239041147397
000d7d20_4994,11688.536298466459
000d7d20_4995,11688.21979955303
000d7d20_4996,11689.376616799856
000d7d20_4997,11688.49693308677
000d7d20_4998,11687.330058043672
000d7d20_4999,11685.652068802514
000d7d20_5000,11685.745235669006
000d7d20_5001,11687.307400032449
000d7d20_5002,11690.409638778843
000d7d20_5003,11691.650155196787
000d7d20_5004,11694.140710653466
000d7d20_5005,11693.556981887217
000d7d20_5006,11693.554519087973
000d7d20_5007,11691.345714750283
000d7d20_5008,11691.11946291906
000d7d20_5009,11692.412136429904
000d7d20_5010,11694.506705115316
000d7d20_5011,11703.082831237121
000d7d20_5012,11712.408721310001
000d7d20_5013,11720.109199131772
000d7d20_5014,11722.574584588183
000d7d20_5015,11723.613105920333
000d7d20_5016,11725.966758147471
000d7d20_5017,11724.448124784585
000d7d20_5018,11724.438854803171
000d7d20_5019,11724.272006510459
000d7d20_5020,11725.393309769692
000d7d20_5021,11724.910568521043
000d7d20_5022,11724.853955959325
000d7d20_5023,11725.267140641105
000d7d20_5024,11724.971497915301
000d7d20_5025,11723.772685173984
000d7d20_5026,11720.425747892092
000d7d20_5027,11718.597109010165
000d7d20_5028,11718.835145070256
000d7d20_5029,11719.984343683913
000d7d20_5030,11722.258356540971
000d7d20_5031,11721.707267964952
000d7d20_5032,11722.348658661815
000d7d20_5033,11721.118797580706
000d7d20_5034,11720.16054495052
000d7d20_5035,11719.234942072608
000d7d20_5036,11717.96522212321
000d7d20_5037,11717.782181578557
000d7d20_5038,11716.377031976728
000d7d20_5039,11716.6971621004
000d7d20_5040,11716.662117082373
000d7d20_5041,11717.737989780959
000d7d20_5042,11717.958303271735
000d7d20_5043,11716.750076019007
000d7d20_5044,11715.30302386205
000d7d20_5045,11714.772206187685
000d7d20_5046,11716.048090616969
000d7d20_5047,11718.004183688647
000d7d20_5048,11717.465461837657
000d7d20_5049,11717.109989766386
000d7d20_5050,11714.954618889124
000d7d20_5051,11715.557213914295
000d7d20_5052,11714.517723908846
000d7d20_5053,11716.016352667119
000d7d20_5054,11717.302667881508
000d7d20_5055,11717.915854210682
000d7d20_5056,11717.842513445466
000d7d20_5057,11717.12586421619
000d7d20_5058,11718.915741008857
000d7d20_5059,11718.780600277742
000d7d20_5060,11717.275971676383
000d7d20_5061,11716.069952619706
000d7d20_5062,11717.415601714092
000d7d20_5063,11719.250148703208
000d7d20_5064,11719.124203445695
000d7d20_5065,11718.546867668343
000d7d20_5066,11716.91973491422
000d7d20_5067,11716.563825754944
000d7d20_5068,11716.41716110253
000d7d20_5069,11715.078194445006
000d7d20_5070,11715.009704921373
000d7d20_5071,11714.192978145473
000d7d20_5072,11715.921024670919
000d7d20_5073,11716.657242352065
000d7d20_5074,11717.220912707096
000d7d20_5075,11718.05387362735
000d7d20_5076,11717.9907273423
000d7d20_5077,11718.320356597062
000d7d20_5078,11719.2095702074
000d7d20_5079,11719.415161028859
000d7d20_5080,11720.662619639936
000d7d20_5081,11720.991774812888
000d7d20_5082,11723.290798626193
000d7d20_5083,11723.7349091628
000d7d20_5084,11723.64747244765
000d7d20_5085,11722.752492440277
000d7d20_5086,11723.669782726976
000d7d20_5087,11724.416741909095
000d7d20_5088,11723.486221210695
000d7d20_5089,11720.796100281192
000d7d20_5090,11719.88202946884
000d7d20_5091,11719.394292491843
000d7d20_5092,11719.340562996878
000d7d20_5093,11717.899191842596
000d7d20_5094,11717.624671024974
000d7d20_5095,11717.548104736254
000d7d20_5096,11718.159889992465
000d7d20_5097,11719.108964271749
000d7d20_5098,11717.959890988595
000d7d20_5099,11715.657931690928
000d7d20_5100,11713.010064306922
000d7d20_5101,11712.951992513486
000d7d20_5102,11714.2402150345
000d7d20_5103,11710.737282735921
000d7d20_5104,11713.250911171233
000d7d20_5105,11715.969985656062
000d7d20_5106,11723.006804133815
000d7d20_5107,11723.537524838619
000d7d20_5108,11723.094658061293
000d7d20_5109,11721.564091775306
000d7d20_5110,11718.755720037923
000d7d20_5111,11714.758523585222
000d7d20_5112,11712.14987413374
000d7d20_5113,11712.704661838696
000d7d20_5114,11714.118666543296
000d7d20_5115,11716.796704831737
000d7d20_5116,11716.6063028652
000d7d20_5117,11719.441484907822
000d7d20_5118,11720.190014732558
000d7d20_5119,11719.38088566172
000d7d20_5120,11713.85664098451
000d7d20_5121,11710.67348383957
000d7d20_5122,11710.414786302099
000d7d20_5123,11713.633847367628
000d7d20_5124,11713.3415445773
000d7d20_5125,11713.799552173303
000d7d20_5126,11713.694936141226
000d7d20_5127,11715.875829439106
000d7d20_5128,11712.468717887685
000d7d20_5129,11708.929992208883
000d7d20_5130,11705.119637142665
000d7d20_5131,11705.776860070182
000d7d20_5132,11706.534993157482
000d7d20_5133,11707.574962209665
000d7d20_5134,11710.244225142902
000d7d20_5135,11712.853532433217
000d7d20_5136,11715.45347018913
000d7d20_5137,11716.265060975944
000d7d20_5138,11716.375496091057
000d7d20_5139,11716.574706092733
000d7d20_5140,11716.824547019443
000d7d20_5141,11716.196077946479
000d7d20_5142,11714.991362975976
000d7d20_5143,11714.125342695474
000d7d20_5144,11714.135877252163
000d7d20_5145,11714.135877252163
000d7d20_5146,11713.75578359754
000d7d20_5147,11713.63072254108
000d7d20_5148,11714.730311289057
000d7d20_5149,11715.929789362834
000d7d20_5150,11717.097547007317
000d7d20_5151,11717.15276727162
000d7d20_5152,11716.66722964107
000d7d20_5153,11716.364177209596
000d7d20_5154,11716.310432327315
000d7d20_5155,11717.871347021995
000d7d20_5156,11719.22752677998
000d7d20_5157,11719.637989126977
000d7d20_5158,11717.377966440312
000d7d20_5159,11716.680093544894
000d7d20_5160,11716.197631243393
000d7d20_5161,11717.420084847996
000d7d20_5162,11716.13026380187
000d7d20_5163,11716.485996097079
000d7d20_5164,11716.48828713203
000d7d20_5165,11717.311564821206
000d7d20_5166,11717.798561220485
000d7d20_5167,11718.022231102499
000d7d20_5168,11716.700736280261
000d7d20_5169,11713.632507943128
000d7d20_5170,11710.574596835062
000d7d20_5171,11708.084022947085
000d7d20_5172,11706.66204325676
000d7d20_5173,11706.538590884164
000d7d20_5174,11706.688063241416
000d7d20_5175,11707.336718653336
000d7d20_5176,11709.38268829985
000d7d20_5177,11712.779226996916
000d7d20_5178,11715.657438007082
000d7d20_5179,11716.96244353238
000d7d20_5180,11717.454451953594
000d7d20_5181,11717.557766613645
000d7d20_5182,11716.998004072455
000d7d20_5183,11716.524145050893
000d7d20_5184,11717.004270342179
000d7d20_5185,11718.613169354612
000d7d20_5186,11718.44260590284
000d7d20_5187,11718.400072789933
000d7d20_5188,11714.632087075972
000d7d20_5189,11715.654049323863
000d7d20_5190,11715.216129186761
000d7d20_5191,11718.985117847122
000d7d20_5192,11719.747876236213
000d7d20_5193,11719.00006629351
000d7d20_5194,11715.101224537162
000d7d20_5195,11709.504250315142
000d7d20_5196,11706.61988278424
000d7d20_5197,11705.306383120258
000d7d20_5198,11705.038454646041
000d7d20_5199,11705.216759987306
000d7d20_5200,11705.973934362713
000d7d20_5201,11707.615625742468
000d7d20_5202,11708.209731767778
000d7d20_5203,11708.732651780754
000d7d20_5204,11710.267784219302
000d7d20_5205,11711.85545575528
000d7d20_5206,11711.89273143199
000d7d20_5207,11709.33861247527
000d7d20_5208,11706.233749039618
000d7d20_5209,11705.954452679749
000d7d20_5210,11706.354744915014
000d7d20_5211,11708.050050416517
000d7d20_5212,11707.862404683794
000d7d20_5213,11709.578057346
000d7d20_5214,11710.566727501488
000d7d20_5215,11712.783388726604
000d7d20_5216,11713.483959616773
000d7d20_5217,11714.500147917692
000d7d20_5218,11714.126124201875
000d7d20_5219,11714.32122622052
000d7d20_5220,11714.460524701308
000d7d20_5221,11714.686947710084
000d7d20_5222,11713.642101403617
000d7d20_5223,11713.564717875095
000d7d20_5224,11713.873717080462
000d7d20_5225,11715.095486180711
000d7d20_5226,11715.466720712526
000d7d20_5227,11716.231499564028
000d7d20_5228,11717.271543672985
000d7d20_5229,11717.943526738649
000d7d20_5230,11718.447181581878
000d7d20_5231,11718.855842313613
000d7d20_5232,11718.130050591857
000d7d20_5233,11716.526856767166
000d7d20_5234,11714.905425512168
000d7d20_5235,11713.916064935474
000d7d20_5236,11713.992231907157
000d7d20_5237,11711.376435305001
000d7d20_5238,11711.922924008184
000d7d20_5239,11711.663074102558
000d7d20_5240,11713.971556320894
000d7d20_5241,11714.10996952441
000d7d20_5242,11713.880552231283
000d7d20_5243,11714.638127865313
000d7d20_5244,11715.720493006122
000d7d20_5245,11717.284142050403
000d7d20_5246,11717.315840205927
000d7d20_5247,11716.350137481662
000d7d20_5248,11715.197720443932
000d7d20_5249,11715.596380238514
000d7d20_5250,11716.428083943765
000d7d20_5251,11707.964607377333
000d7d20_5252,11700.686935150183
000d7d20_5253,11693.701666249579
000d7d20_5254,11693.532244536089
000d7d20_5255,11691.27231503228
000d7d20_5256,11688.987718301041
000d7d20_5257,11688.88552975498
000d7d20_5258,11690.492089106796
000d7d20_5259,11691.966357367952
000d7d20_5260,11694.760782878167
000d7d20_5261,11695.29616429081
000d7d20_5262,11695.666832523377
000d7d20_5263,11693.609129123739
000d7d20_5264,11693.657723498274
000d7d20_5265,11694.012780684598
000d7d20_5266,11696.57434915858
000d7d20_5267,11697.703445947054
000d7d20_5268,11697.792579906023
000d7d20_5269,11697.398682123976
000d7d20_5270,11696.795654780226
000d7d20_5271,11696.56188881961
000d7d20_5272,11695.289137666046
000d7d20_5273,11692.502611925025
000d7d20_5274,11688.824017954545
000d7d20_5275,11686.40476285768
000d7d20_5276,11687.025928401206
000d7d20_5277,11690.278740854403
00bbac68_1545,12237.077718579438
00bbac68_1546,12237.064085511709
00bbac68_1547,12237.46362999506
00bbac68_1548,12237.59665050049
00bbac68_1549,12237.797638904443
00bbac68_1550,12237.837654514102
00bbac68_1551,12237.599698784936
00bbac68_1552,12237.648296623096
00bbac68_1553,12237.66204303306
00bbac68_1554,12237.953790439431
00bbac68_1555,12237.952908551728
00bbac68_1556,12238.050229891714
00bbac68_1557,12238.048567456652
00bbac68_1558,12237.515286864846
00bbac68_1559,12237.517690395043
00bbac68_1560,12237.118260608142
00bbac68_1561,12237.769951807722
00bbac68_1562,12238.164500048611
00bbac68_1563,12238.499201761153
00bbac68_1564,12238.529607720158
00bbac68_1565,12237.458206668502
00bbac68_1566,12237.640535198174
00bbac68_1567,12237.65467465877
00bbac68_1568,12238.823567691643
00bbac68_1569,12239.04918304627
00bbac68_1570,12238.636277310863
00bbac68_1571,12238.379653266076
00bbac68_1572,12238.09756231562
00bbac68_1573,12238.093519740161
00bbac68_1574,12237.72498445038
00bbac68_1575,12236.804759390507
00bbac68_1576,12236.20680282264
00bbac68_1577,12235.05720994546
00bbac68_1578,12234.930408824252
00bbac68_1579,12235.291073644099
00bbac68_1580,12236.23067197987
00bbac68_1581,12237.176275941567
00bbac68_1582,12237.01729164832
00bbac68_1583,12237.138482448929
00bbac68_1584,12236.979006999352
00bbac68_1585,12237.624093374676
00bbac68_1586,12237.628424368117
00bbac68_1587,12237.161328413278
00bbac68_1588,12236.801264472973
00bbac68_1589,12236.47011030918
00bbac68_1590,12235.80373719993
00bbac68_1591,12235.868130431287
00bbac68_1592,12235.991815849264
00bbac68_1593,12235.912981109119
00bbac68_1594,12234.553811189884
00bbac68_1595,12234.453052365963
00bbac68_1596,12235.13801669838
00bbac68_1597,12236.02056945437
00bbac68_1598,12236.234386965065
00bbac68_1599,12236.365080431235
00bbac68_1600,12236.681682973132
00bbac68_1601,12236.625596474149
00bbac68_1602,12236.336778743591
00bbac68_1603,12235.990580386462
00bbac68_1604,12235.880555467977
00bbac68_1605,12235.899113192894
00bbac68_1606,12236.490251465535
00bbac68_1607,12235.986307729074
00bbac68_1608,12235.700730146453
00bbac68_1609,12235.323281198123
00bbac68_1610,12235.876792257572
00bbac68_1611,12237.168823443608
00bbac68_1612,12237.15556603914
00bbac68_1613,12236.110042460828
00bbac68_1614,12234.893382025715
00bbac68_1615,12234.341568805396
00bbac68_1616,12234.82911948313
00bbac68_1617,12235.194414347001
00bbac68_1618,12235.332533027055
00bbac68_1619,12235.247971087141
00bbac68_1620,12235.515836325721
00bbac68_1621,12235.145583473028
00bbac68_1622,12235.306958209054
00bbac68_1623,12234.963292181897
00bbac68_1624,12235.152908659302
00bbac68_1625,12234.903341746953
00bbac68_1626,12234.089350798873
00bbac68_1627,12233.821430203001
00bbac68_1628,12234.412389847059
00bbac68_1629,12235.568755546572
00bbac68_1630,12236.203590235158
00bbac68_1631,12236.051816163601
00bbac68_1632,12235.162537515049
00bbac68_1633,12234.212986587096
00bbac68_1634,12234.025653299628
00bbac68_1635,12235.103841524697
00bbac68_1636,12234.78057840204
00bbac68_1637,12233.793092759957
00bbac68_1638,12232.629339070185
00bbac68_1639,12234.57475502481
00bbac68_1640,12236.567829687114
00bbac68_1641,12236.383668457109
00bbac68_1642,12236.272835095398
00bbac68_1643,12235.260009656124
00bbac68_1644,12235.263450432214
00bbac68_1645,12236.144221367105
00bbac68_1646,12237.57446655036
00bbac68_1647,12235.885956887318
00bbac68_1648,12233.389259948084
00bbac68_1649,12232.693773574409
00bbac68_1650,12233.334794361066
00bbac68_1651,12233.471474089878
00bbac68_1652,12231.528642184627
00bbac68_1653,12233.083416589134
00bbac68_1654,12233.102112630566
00bbac68_1655,12235.22197321584
00bbac68_1656,12236.478333580702
00bbac68_1657,12237.22835531413
00bbac68_1658,12237.09875686776
00bbac68_1659,12236.719465402066
00bbac68_1660,12236.264787135106
00bbac68_1661,12236.028981945326
00bbac68_1662,12235.957688901302
00bbac68_1663,12236.634953808823
00bbac68_1664,12236.500634597536
00bbac68_1665,12236.467750241674
00bbac68_1666,12236.537459345369
00bbac68_1667,12236.77520482211
00bbac68_1668,12236.3470070098
00bbac68_1669,12236.73754985208
00bbac68_1670,12236.861298539
00bbac68_1671,12237.4954137111
00bbac68_1672,12237.510110996946
00bbac68_1673,12237.468611076181
00bbac68_1674,12237.060421711476
00bbac68_1675,12237.559774315545
00bbac68_1676,12237.17930389153
00bbac68_1677,12237.749966366244
00bbac68_1678,12237.890492292028
00bbac68_1679,12237.546471070402
00bbac68_1680,12237.475587468094
00bbac68_1681,12237.48086498605
00bbac68_1682,12238.027017382536
00bbac68_1683,12237.325533341826
00bbac68_1684,12236.951945294632
00bbac68_1685,12237.24792798107
00bbac68_1686,12237.894086987668
00bbac68_1687,12237.999571748252
00bbac68_1688,12238.13379787915
00bbac68_1689,12238.250255673576
00bbac68_1690,12237.470830225508
00bbac68_1691,12237.395306201843
00bbac68_1692,12238.028415415409
00bbac68_1693,12239.087200491515
00bbac68_1694,12238.87517105893
00bbac68_1695,12237.74865662484
00bbac68_1696,12237.773157506008
00bbac68_1697,12238.551006828982
00bbac68_1698,12239.639475342
00bbac68_1699,12240.260173300427
00bbac68_1700,12239.100940358636
00bbac68_1701,12238.629293321826
00bbac68_1702,12237.081466767633
00bbac68_1703,12237.220761262908
00bbac68_1704,12237.31423344587
00bbac68_1705,12237.662810430142
00bbac68_1706,12238.299158752583
00bbac68_1707,12237.96649663045
00bbac68_1708,12237.282740489847
00bbac68_1709,12237.374106024547
00bbac68_1710,12237.60061220033
00bbac68_1711,12238.830970931978
00bbac68_1712,12239.513696169088
00bbac68_1713,12239.933577889567
00bbac68_1714,12239.639969666161
00bbac68_1715,12238.113133769699
00bbac68_1716,12237.779106037715
00bbac68_1717,12236.977218287071
00bbac68_1718,12237.377343797016
00bbac68_1719,12237.146615877451
00bbac68_1720,12238.057208215512
00bbac68_1721,12238.620325978967
00bbac68_1722,12239.189719054615
00bbac68_1723,12239.531257207753
00bbac68_1724,12239.688204902865
00bbac68_1725,12239.711155668294
00bbac68_1726,12239.784470747923
00bbac68_1727,12239.823311149907
00bbac68_1728,12239.602241593262
00bbac68_1729,12239.450017470539
00bbac68_1730,12239.224203361706
00bbac68_1731,12239.816510837692
00bbac68_1732,12239.738615400733
00bbac68_1733,12239.74549421975
00bbac68_1734,12238.473457308186
00bbac68_1735,12236.935560137723
00bbac68_1736,12235.92891733899
00bbac68_1737,12234.837463224403
00bbac68_1738,12234.489524015267
00bbac68_1739,12234.339958500144
00bbac68_1740,12236.81541124684
00bbac68_1741,12238.403987894535
00bbac68_1742,12239.708665388172
00bbac68_1743,12239.109371666584
00bbac68_1744,12238.560778208275
00bbac68_1745,12235.601901540513
00bbac68_1746,12233.1361902828
00bbac68_1747,12233.724083229457
00bbac68_1748,12236.540435631561
00bbac68_1749,12238.925630842394
00bbac68_1750,12239.255509678726
00bbac68_1751,12239.806196454216
00bbac68_1752,12239.878450280165
00bbac68_1753,12240.160311348387
00bbac68_1754,12240.109367607642
00bbac68_1755,12240.103717243031
00bbac68_1756,12239.129491106243
00bbac68_1757,12238.582799334008
00bbac68_1758,12239.04719299084
00bbac68_1759,12239.873014069852
00bbac68_1760,12239.908516194175
00bbac68_1761,12238.720662309084
00bbac68_1762,12238.290333903618
00bbac68_1763,12237.124051924495
00bbac68_1764,12237.3701063357
00bbac68_1765,12236.800245226465
00bbac68_1766,12237.958456595077
00bbac68_1767,12238.32384853567
00bbac68_1768,12239.029855053797
00bbac68_1769,12239.186366194002
00bbac68_1770,12239.379674247672
00bbac68_1771,12240.03312380981
00bbac68_1772,12239.847887883961
00bbac68_1773,12240.02545090785
00bbac68_1774,12238.80686973882
00bbac68_1775,12238.900387732132
00bbac68_1776,12238.501767920485
00bbac68_1777,12239.809289448653
00bbac68_1778,12239.316405831056
00bbac68_1779,12238.736777223761
00bbac68_1780,12238.120796631396
00bbac68_1781,12238.59125422819
00bbac68_1782,12238.908824194166
00bbac68_1783,12237.596986697821
00bbac68_1784,12236.632511681411
00bbac68_1785,12236.84879306351
00bbac68_1786,12238.520435069047
00bbac68_1787,12240.02408898865
00bbac68_1788,12240.692072666227
00bbac68_1789,12240.627729897968
00bbac68_1790,12240.45074450654
00bbac68_1791,12240.33916149591
00bbac68_1792,12239.715954154604
00bbac68_1793,12238.660798079296
00bbac68_1794,12238.219536459947
00bbac68_1795,12238.534750568419
00bbac68_1796,12239.278990304962
00bbac68_1797,12238.487019845716
00bbac68_1798,12237.531577013464
00bbac68_1799,12237.139749623491
00bbac68_1800,12237.76820092606
00bbac68_1801,12238.892503417126
00bbac68_1802,12239.247667154903
00bbac68_1803,12238.895951637756
00bbac68_1804,12238.738509665995
00bbac68_1805,12238.501530499329
00bbac68_1806,12238.832248731902
00bbac68_1807,12238.446963869348
00bbac68_1808,12238.714832349948
00bbac68_1809,12238.956739425781
00bbac68_1810,12238.846974261245
00bbac68_1811,12238.763226447176
00bbac68_1812,12238.715492548426
00bbac68_1813,12239.042781692691
00bbac68_1814,12239.635574377937
00bbac68_1815,12240.131310641998
00bbac68_1816,12241.03737227091
00bbac68_1817,12240.520914807923
00bbac68_1818,12240.075352595755
00bbac68_1819,12239.304922512558
00bbac68_1820,12238.899909189966
00bbac68_1821,12239.218135620305
00bbac68_1822,12238.251430912811
00bbac68_1823,12238.847809620109
00bbac68_1824,12238.808708389164
00bbac68_1825,12239.971474602367
00bbac68_1826,12239.839449362893
00bbac68_1827,12239.650305174015
00bbac68_1828,12239.725139984921
00bbac68_1829,12240.17640957622
00bbac68_1830,12240.125522398686
00bbac68_1831,12239.999641225522
00bbac68_1832,12239.331331221532
00bbac68_1833,12239.787727075187
00bbac68_1834,12239.21431438613
00bbac68_1835,12239.539547109482
00bbac68_1836,12238.534346015962
00bbac68_1837,12238.212234196772
00bbac68_1838,12237.973912065676
00bbac68_1839,12236.078609142905
00bbac68_1840,12237.390694529195
00bbac68_1841,12238.39902550504
00bbac68_1842,12240.753166745011
00bbac68_1843,12239.777976873062
00bbac68_1844,12238.838491558328
00bbac68_1845,12238.435603453894
00bbac68_1846,12238.6250484453
00bbac68_1847,12238.896859194909
00bbac68_1848,12239.758125387592
00bbac68_1849,12240.340258689956
00bbac68_1850,12240.09993167685
00bbac68_1851,12239.214148983861
00bbac68_1852,12237.14250659177
00bbac68_1853,12235.536551192758
00bbac68_1854,12236.04204407114
00bbac68_1855,12237.215595943911
00bbac68_1856,12236.430668249179
00bbac68_1857,12234.833608214527
00bbac68_1858,12234.849387449227
00bbac68_1859,12236.712251291085
00bbac68_1860,12238.069198304647
00bbac68_1861,12237.1100787092
00bbac68_1862,12236.965780682629
00bbac68_1863,12235.757755127292
00bbac68_1864,12237.319193349771
00bbac68_1865,12237.953507507753
00bbac68_1866,12239.535855703356
00bbac68_1867,12238.277514790781
00bbac68_1868,12235.953424425448
00bbac68_1869,12234.644821530268
00bbac68_1870,12234.283487271648
00bbac68_1871,12235.693473911286
00bbac68_1872,12236.289389124
00bbac68_1873,12236.829497965417
00bbac68_1874,12235.84292259423
00bbac68_1875,12234.997024728435
00bbac68_1876,12235.832738155928
00bbac68_1877,12237.99832653509
00bbac68_1878,12239.362690099804
00bbac68_1879,12239.03992085032
00bbac68_1880,12237.934642731123
00bbac68_1881,12237.71488785383
00bbac68_1882,12236.751680972715
00bbac68_1883,12238.35146940015
00bbac68_1884,12238.465133444226
00bbac68_1885,12239.1399646003
00bbac68_1886,12236.228275498484
00bbac68_1887,12235.358100032512
00bbac68_1888,12235.58392953588
00bbac68_1889,12237.635671005095
00bbac68_1890,12237.553964500054
00bbac68_1891,12237.199275143323
00bbac68_1892,12235.832860239845
00bbac68_1893,12235.037200574372
00bbac68_1894,12236.371317312352
00bbac68_1895,12237.244689683082
00bbac68_1896,12238.099068181871
00bbac68_1897,12236.784568990954
00bbac68_1898,12236.983102518889
00bbac68_1899,12237.459032141038
00bbac68_1900,12238.211754800379
00bbac68_1901,12238.212798988381
00bbac68_1902,12238.576951880697
00bbac68_1903,12238.043158500761
00bbac68_1904,12237.197748223763
00bbac68_1905,12236.31532070771
00bbac68_1906,12235.932738244686
00bbac68_1907,12237.409785694226
00bbac68_1908,12236.30980438141
00bbac68_1909,12234.889828076388
00bbac68_1910,12233.03058575929
00bbac68_1911,12236.739196444076
00bbac68_1912,12241.39662462702
00bbac68_1913,12245.201164859216
00bbac68_1914,12244.427843368569
00bbac68_1915,12241.384257319252
00bbac68_1916,12237.102675634558
00bbac68_1917,12231.741538797782
00bbac68_1918,12229.62064542555
00bbac68_1919,12231.020633067126
00bbac68_1920,12235.45447348812
00bbac68_1921,12238.201857226406
00bbac68_1922,12238.70202332992
00bbac68_1923,12238.893798927684
00bbac68_1924,12238.992071526656
00bbac68_1925,12239.23785236972
00bbac68_1926,12238.779767299622
00bbac68_1927,12238.834470907314
00bbac68_1928,12239.039148644084
00bbac68_1929,12239.281619463109
00bbac68_1930,12239.450775671585
00bbac68_1931,12239.232973245116
00bbac68_1932,12239.600579800952
00bbac68_1933,12238.621654647353
00bbac68_1934,12238.715173026043
00bbac68_1935,12238.399503268307
00bbac68_1936,12239.25706263881
00bbac68_1937,12238.96418767693
00bbac68_1938,12238.915383857006
00bbac68_1939,12239.397958093134
00bbac68_1940,12239.88095396282
00bbac68_1941,12239.649823294889
00bbac68_1942,12238.86858629318
00bbac68_1943,12238.083280993616
00bbac68_1944,12237.69532117324
00bbac68_1945,12236.863952088359
00bbac68_1946,12236.802186802035
00bbac68_1947,12237.615202657575
00bbac68_1948,12238.65621433862
00bbac68_1949,12239.333981382484
00bbac68_1950,12239.042075915959
00bbac68_1951,12239.100560682631
00bbac68_1952,12238.938612566897
00bbac68_1953,12238.938936416189
00bbac68_1954,12238.891722648528
00bbac68_1955,12238.21218675281
00bbac68_1956,12238.216936218252
00bbac68_1957,12238.229576847603
00bbac68_1958,12238.912521796883
00bbac68_1959,12239.102893391564
00bbac68_1960,12239.518137057603
00bbac68_1961,12239.895197514596
00bbac68_1962,12239.98870609027
00bbac68_1963,12239.097644040587
00bbac68_1964,12238.0345461864
00bbac68_1965,12237.402961450629
00bbac68_1966,12238.355183948237
00bbac68_1967,12238.96381725035
00bbac68_1968,12239.43887912551
00bbac68_1969,12239.057660707165
00bbac68_1970,12238.976778558585
00bbac68_1971,12239.230210680218
00bbac68_1972,12239.19741857887
00bbac68_1973,12238.842292519495
00bbac68_1974,12238.206038572253
00bbac68_1975,12237.420999519041
00bbac68_1976,12237.297843815322
00bbac68_1977,12236.581285828126
00bbac68_1978,12236.551352747434
00bbac68_1979,12236.461133507677
00bbac68_1980,12237.628384111107
00bbac68_1981,12237.770234778074
00bbac68_1982,12238.220951642777
00bbac68_1983,12237.863215191725
00bbac68_1984,12238.47329176617
00bbac68_1985,12238.52533128447
00bbac68_1986,12238.361256711862
00bbac68_1987,12238.401990495799
00bbac68_1988,12237.823236333044
00bbac68_1989,12237.877493700687
00bbac68_1990,12236.29076787863
00bbac68_1991,12236.740675146526
00bbac68_1992,12237.47050436394
00bbac68_1993,12238.503189177676
00bbac68_1994,12239.229333296154
00bbac68_1995,12238.40124479036
00bbac68_1996,12238.63256390026
00bbac68_1997,12237.284130651728
00bbac68_1998,12237.444268927598
00bbac68_1999,12236.74432976683
00bbac68_2000,12236.463264074237
00bbac68_2001,12236.3751954247
00bbac68_2002,12237.074467489807
00bbac68_2003,12238.2128264498
00bbac68_2004,12238.266342932278
00bbac68_2005,12238.222422015513
00bbac68_2006,12237.859813387797
00bbac68_2007,12237.967690729056
00bbac68_2008,12237.452621483919
00bbac68_2009,12237.623785008902
00bbac68_2010,12238.113907916284
00bbac68_2011,12238.579234352981
00bbac68_2012,12237.214939990585
00bbac68_2013,12237.063748094808
00bbac68_2014,12237.148922351416
00bbac68_2015,12237.442547026412
00bbac68_2016,12236.225653942021
00bbac68_2017,12235.975972707618
00bbac68_2018,12234.23473230443
00bbac68_2019,12233.759478416308
00bbac68_2020,12233.217269767278
00bbac68_2021,12234.210502832359
00bbac68_2022,12234.85174011647
00bbac68_2023,12234.156160299173
00bbac68_2024,12232.016089236713
00bbac68_2025,12228.869694151434
00bbac68_2026,12226.6620050359
00bbac68_2027,12226.092650111894
00bbac68_2028,12228.855738497785
00bbac68_2029,12232.001074569593
00bbac68_2030,12236.46055572429
00bbac68_2031,12236.577980288892
00bbac68_2032,12235.833532433937
00bbac68_2033,12235.995353581637
00bbac68_2034,12237.107756282372
00bbac68_2035,12239.134294389354
00bbac68_2036,12239.3329612201
00bbac68_2037,12238.92852311857
00bbac68_2038,12237.281485684476
00bbac68_2039,12237.053606463689
00bbac68_2040,12237.455747093996
00bbac68_2041,12238.489076803138
00bbac68_2042,12237.133193548434
00bbac68_2043,12236.376522136901
00bbac68_2044,12236.214642500287
00bbac68_2045,12237.467976591535
00bbac68_2046,12238.266131441274
00bbac68_2047,12238.494078134516
00bbac68_2048,12238.950745364238
00bbac68_2049,12239.231115083074
00bbac68_2050,12239.460601390201
00bbac68_2051,12238.627501092617
00bbac68_2052,12238.737365762388
00bbac68_2053,12239.48803484485
00bbac68_2054,12240.77630993355
00bbac68_2055,12241.14726432399
00bbac68_2056,12240.104944886994
00bbac68_2057,12239.475703750883
00bbac68_2058,12238.967560778023
00bbac68_2059,12239.621691755514
00bbac68_2060,12239.365539832288
00bbac68_2061,12240.077787987628
00bbac68_2062,12240.289002091939
00bbac68_2063,12241.185496559176
00bbac68_2064,12240.959648534876
00bbac68_2065,12239.918952291679
00bbac68_2066,12239.413049851835
00bbac68_2067,12238.616337777697
00bbac68_2068,12239.57920033959
00bbac68_2069,12239.865098995622
00bbac68_2070,12241.355330758457
00bbac68_2071,12241.618628159107
00bbac68_2072,12242.018645762184
00bbac68_2073,12242.027522793165
00bbac68_2074,12241.423809627915
00bbac68_2075,12241.5068219566
00bbac68_2076,12240.905895855225
00bbac68_2077,12240.37032031099
00bbac68_2078,12239.13333070039
00bbac68_2079,12238.592980042566
00bbac68_2080,12238.49921430772
00bbac68_2081,12238.997570858259
00bbac68_2082,12238.378551747264
00bbac68_2083,12238.713874645642
00bbac68_2084,12237.943586807009
00bbac68_2085,12238.965854284905
00bbac68_2086,12239.724681980544
00bbac68_2087,12240.799681287646
00bbac68_2088,12240.300823022872
00bbac68_2089,12239.050017546897
00bbac68_2090,12238.709802217369
00bbac68_2091,12239.234122019107
00bbac68_2092,12240.346983919348
00bbac68_2093,12240.04506172281
00bbac68_2094,12239.663684204597
00bbac68_2095,12239.788609657726
00bbac68_2096,12240.527484850318
00bbac68_2097,12241.045174800112
00bbac68_2098,12241.04323039049
00bbac68_2099,12240.603415502099
00bbac68_2100,12240.320503027433
00bbac68_2101,12239.914225733193
00bbac68_2102,12239.284347298342
00bbac68_2103,12239.028642435142
00bbac68_2104,12239.561243650389
00bbac68_2105,12240.71608365276
00bbac68_2106,12241.207529828882
00bbac68_2107,12240.508204783684
00bbac68_2108,12239.872648269438
00bbac68_2109,12239.534382439168
00bbac68_2110,12239.610464246194
00bbac68_2111,12239.980901841722
00bbac68_2112,12240.267482658475
00bbac68_2113,12240.748894938864
00bbac68_2114,12240.807561117319
00bbac68_2115,12240.54636361965
00bbac68_2116,12240.877502623198
00bbac68_2117,12241.485314660393
00bbac68_2118,12242.13375076845
00bbac68_2119,12242.05151288213
00bbac68_2120,12241.368097782784
00bbac68_2121,12241.093874973196
00bbac68_2122,12240.698085926095
00bbac68_2123,12240.769373317053
00bbac68_2124,12240.22190673935
00bbac68_2125,12240.633108234995
00bbac68_2126,12241.10840879777
00bbac68_2127,12240.98235624952
00bbac68_2128,12240.585524579139
00bbac68_2129,12240.078590631907
00bbac68_2130,12239.95492103714
00bbac68_2131,12240.32583597983
00bbac68_2132,12239.366798469693
00bbac68_2133,12243.311224520521
00bbac68_2134,12246.640278766941
00bbac68_2135,12250.424608488713
00bbac68_2136,12249.419336562229
00bbac68_2137,12247.94666981625
00bbac68_2138,12246.594766141703
00bbac68_2139,12246.563327917587
00bbac68_2140,12246.383425072343
00bbac68_2141,12247.329510737087
00bbac68_2142,12247.127694275163
00bbac68_2143,12247.863513239683
00bbac68_2144,12248.525667171054
00bbac68_2145,12249.243410969066
00bbac68_2146,12249.434238475587
00bbac68_2147,12249.31786973708
00bbac68_2148,12249.04947435291
00bbac68_2149,12248.561500071062
00bbac68_2150,12247.734461590291
00bbac68_2151,12247.087874837343
00bbac68_2152,12247.041869584913
00bbac68_2153,12247.30896366423
00bbac68_2154,12246.973928555419
00bbac68_2155,12246.757484792608
00bbac68_2156,12246.58995015631
00bbac68_2157,12247.12664852074
00bbac68_2158,12247.213637543193
00bbac68_2159,12247.721807064429
00bbac68_2160,12248.301469669677
00bbac68_2161,12247.94055274326
00bbac68_2162,12247.844039502219
00bbac68_2163,12245.020666893628
00bbac68_2164,12243.5191277848
00bbac68_2165,12243.172045965353
00bbac68_2166,12245.055335616458
00bbac68_2167,12246.3768490922
00bbac68_2168,12245.385324739196
00bbac68_2169,12245.66724073233
00bbac68_2170,12246.02052644934
00bbac68_2171,12247.193319860567
00bbac68_2172,12247.82756104367
00bbac68_2173,12247.883401062754
00bbac68_2174,12247.285612699387
00bbac68_2175,12247.116368383135
00bbac68_2176,12247.738121836424
00bbac68_2177,12248.807291812322
00bbac68_2178,12248.581794834727
00bbac68_2179,12248.464278356807
00bbac68_2180,12248.28572672264
00bbac68_2181,12249.06710620904
00bbac68_2182,12249.17375369044
00bbac68_2183,12248.946718770016
00bbac68_2184,12247.70678302066
00bbac68_2185,12246.581108270635
00bbac68_2186,12246.053940133259
00bbac68_2187,12246.939475799949
00bbac68_2188,12247.437656244636
00bbac68_2189,12243.922466840559
00bbac68_2190,12241.82351805659
00bbac68_2191,12240.881848772178
00bbac68_2192,12238.567591634272
00bbac68_2193,12236.360567283484
00bbac68_2194,12233.455997619547
00bbac68_2195,12234.749890363362
00bbac68_2196,12242.539664886424
00bbac68_2197,12249.957728733627
00bbac68_2198,12249.29378541307
00bbac68_2199,12240.547409551747
00bbac68_2200,12229.787021468082
00bbac68_2201,12228.60486422295
00bbac68_2202,12227.508698837548
00bbac68_2203,12229.870392793158
00bbac68_2204,12236.954289324445
00bbac68_2205,12239.335890483499
00bbac68_2206,12241.017625439103
00bbac68_2207,12238.66044929042
00bbac68_2208,12239.200018221027
00bbac68_2209,12242.069867971446
00bbac68_2210,12242.70997905708
00bbac68_2211,12243.108771389447
00bbac68_2212,12242.968462011399
00bbac68_2213,12242.43953359435
00bbac68_2214,12241.208543399747
00bbac68_2215,12238.369108299206
00bbac68_2216,12237.647310351836
00bbac68_2217,12238.732242427706
00bbac68_2218,12239.396538271509
00bbac68_2219,12242.934173331805
00bbac68_2220,12241.879573551965
00bbac68_2221,12239.44033689632
00bbac68_2222,12235.575657071218
00bbac68_2223,12240.107382383065
00bbac68_2224,12245.44569050611
00bbac68_2225,12247.664894783547
00bbac68_2226,12246.046126024172
00bbac68_2227,12245.623807931222
00bbac68_2228,12246.137577243368
00bbac68_2229,12247.684834559846
00bbac68_2230,12248.751083540774
00bbac68_2231,12248.40630102518
00bbac68_2232,12246.682674490998
00bbac68_2233,12245.538841545334
00bbac68_2234,12245.720511715917
00bbac68_2235,12246.634340430275
00bbac68_2236,12244.890127754055
00bbac68_2237,12244.698725373848
00bbac68_2238,12244.050865916892
00bbac68_2239,12245.851497274964
00bbac68_2240,12245.70729778462
00bbac68_2241,12245.78900894583
00bbac68_2242,12245.082335463805
00bbac68_2243,12244.799681184844
00bbac68_2244,12245.075558049975
00bbac68_2245,12245.835311964096
00bbac68_2246,12246.651704702263
00bbac68_2247,12246.90289473274
00bbac68_2248,12246.965581160313
00bbac68_2249,12245.883708794767
00bbac68_2250,12245.048277288632
00bbac68_2251,12245.246847772958
00bbac68_2252,12246.368541462056
00bbac68_2253,12247.29730218437
00bbac68_2254,12245.052471339077
00bbac68_2255,12245.310548859648
00bbac68_2256,12242.520088977224
00bbac68_2257,12241.721073276276
00bbac68_2258,12238.426309919223
00bbac68_2259,12237.262135132145
00bbac68_2260,12237.647082266312
00bbac68_2261,12236.50457410767
00bbac68_2262,12236.603396056313
00bbac68_2263,12236.933370962593
00bbac68_2264,12239.196161619611
00bbac68_2265,12241.880483723618
00bbac68_2266,12243.11628559962
00bbac68_2267,12241.748845166012
00bbac68_2268,12238.89734651357
00bbac68_2269,12236.448885294767
00bbac68_2270,12237.884256304167
00bbac68_2271,12241.552377940478
00bbac68_2272,12240.796657269122
00bbac68_2273,12240.071750550365
00bbac68_2274,12235.037027292832
00bbac68_2275,12233.069434808669
00bbac68_2276,12233.436298065259
00bbac68_2277,12233.297310453641
00bbac68_2278,12239.427557386873
00bbac68_2279,12242.19023195611
00bbac68_2280,12246.606255719582
00bbac68_2281,12245.49142068704
00bbac68_2282,12244.539563427616
00bbac68_2283,12246.226523654366
00bbac68_2284,12248.039231102177
00bbac68_2285,12248.968762884748
00bbac68_2286,12248.910940556496
00bbac68_2287,12248.295916281188
00bbac68_2288,12247.713975105946
00bbac68_2289,12247.027485555876
00bbac68_2290,12246.660945161913
00bbac68_2291,12247.255007887701
00bbac68_2292,12248.118499969094
00bbac68_2293,12249.086612498228
00bbac68_2294,12249.287751663564
00bbac68_2295,12248.997805819527
00bbac68_2296,12248.870795201632
00bbac68_2297,12248.317124693254
00bbac68_2298,12246.024227117554
00bbac68_2299,12242.816258068206
00bbac68_2300,12242.166192837341
00bbac68_2301,12243.06830022763
00bbac68_2302,12242.555354775212
00bbac68_2303,12238.469256212287
00bbac68_2304,12235.48001316408
00bbac68_2305,12234.970948651868
00bbac68_2306,12236.876210148183
00bbac68_2307,12238.352187776749
00bbac68_2308,12238.931925160963
00bbac68_2309,12236.983571790452
00bbac68_2310,12234.730414016654
00bbac68_2311,12226.179148808455
00bbac68_2312,12219.233702327192
00bbac68_2313,12213.293552846104
00bbac68_2314,12216.685843645593
00bbac68_2315,12219.080870900361
00bbac68_2316,12223.584357559792
00bbac68_2317,12227.717962560024
00bbac68_2318,12231.26813835984
00bbac68_2319,12231.380449329945
00bbac68_2320,12231.207517741626
00bbac68_2321,12236.924687068045
00bbac68_2322,12242.614600255984
00bbac68_2323,12245.104491278136
00bbac68_2324,12242.599782301279
00bbac68_2325,12239.383333357442
00bbac68_2326,12236.134426085866
00bbac68_2327,12232.505478401223
00bbac68_2328,12227.488527880001
00bbac68_2329,12225.435364557621
00bbac68_2330,12228.72277769524
00bbac68_2331,12231.591556833557
00bbac68_2332,12232.177923498917
00bbac68_2333,12230.18413059086
00bbac68_2334,12231.541674849022
00bbac68_2335,12234.168794904966
00bbac68_2336,12237.938302008499
00bbac68_2337,12242.045139006144
00bbac68_2338,12245.25917227601
00bbac68_2339,12246.35204277897
00bbac68_2340,12246.762068000526
00bbac68_2341,12246.982897764434
00bbac68_2342,12246.959039956479
00bbac68_2343,12245.343268048053
00bbac68_2344,12245.210714843073
00bbac68_2345,12243.99439621983
00bbac68_2346,12246.326907419863
00bbac68_2347,12247.687120064782
00bbac68_2348,12248.523332164094
00bbac68_2349,12247.439441364078
00bbac68_2350,12246.874694581318
00bbac68_2351,12247.341684504141
00bbac68_2352,12247.542377328851
00bbac68_2353,12247.282680542461
00bbac68_2354,12247.115201102062
00bbac68_2355,12247.066816903432
00bbac68_2356,12246.969486174266
00bbac68_2357,12246.95363241199
00bbac68_2358,12246.956432272911
00bbac68_2359,12247.095562829292
00bbac68_2360,12247.313896011052
00bbac68_2361,12247.398296494348
00bbac68_2362,12247.197299992507
00bbac68_2363,12246.77407975585
00bbac68_2364,12246.798242188357
00bbac68_2365,12245.859770520117
00bbac68_2366,12246.753499603883
00bbac68_2367,12247.343662546591
00bbac68_2368,12248.66075249853
00bbac68_2369,12248.137797648058
00bbac68_2370,12248.061865459938
00bbac68_2371,12247.826802894337
00bbac68_2372,12247.546279978938
00bbac68_2373,12246.839500698328
00bbac68_2374,12246.052504290565
00bbac68_2375,12246.043539811391
00bbac68_2376,12244.698376413899
00bbac68_2377,12245.130871449745
00bbac68_2378,12244.182632580465
00bbac68_2379,12245.761056051204
00bbac68_2380,12246.750328583243
00bbac68_2381,12248.360518779557
00bbac68_2382,12248.61203465845
00bbac68_2383,12248.422992906997
00bbac68_2384,12248.322561642439
00bbac68_2385,12248.128008080625
00bbac68_2386,12247.739533654889
00bbac68_2387,12247.297560805257
00bbac68_2388,12247.375385958767
00bbac68_2389,12245.975542637629
00bbac68_2390,12244.701601780407
00bbac68_2391,12243.169570383865
00bbac68_2392,12242.339772153273
00bbac68_2393,12241.910904504286
00bbac68_2394,12241.390622322995
00bbac68_2395,12241.735231731247
00bbac68_2396,12241.941502582507
00bbac68_2397,12242.698299948039
00bbac68_2398,12243.399405646647
00bbac68_2399,12242.874733470244
00bbac68_2400,12242.795613605807
00bbac68_2401,12242.32750152947
00bbac68_2402,12243.200033566398
00bbac68_2403,12243.148374250013
00bbac68_2404,12243.317071514432
00bbac68_2405,12242.560074124864
00bbac68_2406,12242.973940222015
00bbac68_2407,12242.047735758313
00bbac68_2408,12240.033438385495
00bbac68_2409,12237.067720854422
00bbac68_2410,12235.125515535394
00bbac68_2411,12232.486216552177
00bbac68_2412,12231.573149277056
00bbac68_2413,12230.815195298388
00bbac68_2414,12228.909486189543
00bbac68_2415,12224.641992170424
00bbac68_2416,12223.442956642524
00bbac68_2417,12227.690921609103
00bbac68_2418,12232.64229903192
00bbac68_2419,12230.880866839514
00bbac68_2420,12228.390455859573
00bbac68_2421,12225.950471642596
00bbac68_2422,12229.591413501037
00bbac68_2423,12234.03558610077
00bbac68_2424,12236.257315211595
00bbac68_2425,12236.55493998006
00bbac68_2426,12236.869441738176
00bbac68_2427,12239.45685377863
00bbac68_2428,12241.592039996454
00bbac68_2429,12240.903390934558
00bbac68_2430,12240.922855958956
00bbac68_2431,12241.583571544666
00bbac68_2432,12242.901705206039
00bbac68_2433,12243.145839669482
00bbac68_2434,12242.48782865783
00bbac68_2435,12242.104944318062
00bbac68_2436,12242.600774237226
00bbac68_2437,12242.95472126211
00bbac68_2438,12242.337525082143
00bbac68_2439,12241.531508483115
00bbac68_2440,12241.525957115316
00bbac68_2441,12241.731357206625
00bbac68_2442,12241.568002499756
00bbac68_2443,12240.813271163699
00bbac68_2444,12238.849022944496
00bbac68_2445,12234.83826808878
00bbac68_2446,12233.108108086051
00bbac68_2447,12232.03653390809
00bbac68_2448,12235.974963656809
00bbac68_2449,12235.16945063522
00bbac68_2450,12237.329072023887
00bbac68_2451,12232.313694835568
00bbac68_2452,12229.689604854851
00bbac68_2453,12229.72844181463
00bbac68_2454,12234.583740655376
00bbac68_2455,12240.198649193719
00bbac68_2456,12241.584127780035
00bbac68_2457,12242.466017130253
00bbac68_2458,12243.492459049114
00bbac68_2459,12243.747353123354
00bbac68_2460,12243.706689283812
00bbac68_2461,12243.016986231398
00bbac68_2462,12242.914866586512
00bbac68_2463,12243.156000994679
00bbac68_2464,12242.660382994805
00bbac68_2465,12241.194365832576
00bbac68_2466,12238.891904372786
00bbac68_2467,12236.699447804373
00bbac68_2468,12236.286793850459
00bbac68_2469,12238.435245339744
00bbac68_2470,12240.497257348869
00bbac68_2471,12240.906839922018
00bbac68_2472,12238.904399410016
00bbac68_2473,12238.17543549615
00bbac68_2474,12238.312993250138
00bbac68_2475,12240.157842152352
00bbac68_2476,12240.6228832022
00bbac68_2477,12239.99104249251
00bbac68_2478,12236.947319289744
00bbac68_2479,12236.209126741005
00bbac68_2480,12237.909468450549
00bbac68_2481,12241.036167914901
00bbac68_2482,12242.183739689113
00bbac68_2483,12241.974339282251
00bbac68_2484,12241.743112884693
00bbac68_2485,12243.008458831018
00bbac68_2486,12244.064956951122
00bbac68_2487,12244.322914088007
00bbac68_2488,12243.659002052698
00bbac68_2489,12242.132000034062
00bbac68_2490,12242.708951442693
00bbac68_2491,12243.439916640984
00bbac68_2492,12242.64005293224
00bbac68_2493,12239.714739146208
00bbac68_2494,12238.040771120695
00bbac68_2495,12237.994063990023
00bbac68_2496,12240.162104445146
00bbac68_2497,12241.250967046513
00bbac68_2498,12243.308167377332
00bbac68_2499,12243.986544326714
00bbac68_2500,12244.441494444405
00bbac68_2501,12244.150004562356
00bbac68_2502,12242.849186161335
00bbac68_2503,12242.36031216692
00bbac68_2504,12243.016011502134
00bbac68_2505,12243.418233259332
00bbac68_2506,12242.683378223446
00bbac68_2507,12241.956070744092
00bbac68_2508,12240.854894257502
00bbac68_2509,12241.089842151303
00bbac68_2510,12241.385989679022
00bbac68_2511,12241.28667883598
00bbac68_2512,12241.87179808772
00bbac68_2513,12240.697662426535
00bbac68_2514,12240.565183144863
00bbac68_2515,12240.438371811293
00bbac68_2516,12238.609871955088
00bbac68_2517,12239.44290620923
00bbac68_2518,12239.536201050454
00bbac68_2519,12242.066443025464
00bbac68_2520,12242.687146501203
00bbac68_2521,12241.218245656773
00bbac68_2522,12241.461967804978
00bbac68_2523,12241.739673104245
00bbac68_2524,12243.529036833503
00bbac68_2525,12243.012134045523
00bbac68_2526,12239.900617164718
00bbac68_2527,12238.708543629897
00bbac68_2528,12237.847104278415
00bbac68_2529,12241.575818500109
00bbac68_2530,12243.229137384778
00bbac68_2531,12243.49596809812
00bbac68_2532,12240.89266037015
00bbac68_2533,12239.456314800746
00bbac68_2534,12240.622046736025
00bbac68_2535,12242.737947437416
00bbac68_2536,12243.5837045254
00bbac68_2537,12242.26187873532
00bbac68_2538,12242.153523503135
00bbac68_2539,12242.492739723564
00bbac68_2540,12244.249322429745
00bbac68_2541,12243.646490030156
00bbac68_2542,12243.604819906404
00bbac68_2543,12243.423186260858
00bbac68_2544,12244.157567909453
00bbac68_2545,12243.068824535056
00bbac68_2546,12243.590681517642
00bbac68_2547,12243.895325232845
00bbac68_2548,12245.220990165695
00bbac68_2549,12243.242487178226
00bbac68_2550,12240.310628422763
00bbac68_2551,12236.748318429782
00bbac68_2552,12236.968549730314
00bbac68_2553,12235.932895995886
00bbac68_2554,12227.697184344286
00bbac68_2555,12217.94782526867
00bbac68_2556,12209.188030401987
00bbac68_2557,12216.234783163674
00bbac68_2558,12220.699909551045
00bbac68_2559,12228.85910150101
00bbac68_2560,12224.354718103697
00bbac68_2561,12223.746011150666
00bbac68_2562,12222.816593908494
00bbac68_2563,12233.311144360303
00bbac68_2564,12242.000024360495
00bbac68_2565,12249.02471835047
00bbac68_2566,12248.05729219345
00bbac68_2567,12247.75355883642
00bbac68_2568,12247.089936052374
00bbac68_2569,12247.907728713566
00bbac68_2570,12248.478217525224
00bbac68_2571,12248.386387302788
00bbac68_2572,12248.007357600936
00bbac68_2573,12247.116391070287
00bbac68_2574,12247.52381634246
00bbac68_2575,12247.109377497305
00bbac68_2576,12246.46912484698
00bbac68_2577,12245.902002560231
00bbac68_2578,12246.627953456316
00bbac68_2579,12248.368172573433
00bbac68_2580,12248.23812162171
00bbac68_2581,12246.568999876603
00bbac68_2582,12243.52021143426
00bbac68_2583,12241.023014135833
00bbac68_2584,12240.317760152206
00bbac68_2585,12238.56227655832
00bbac68_2586,12237.436414433096
00bbac68_2587,12235.083645526698
00bbac68_2588,12236.629697534248
00bbac68_2589,12238.82169603942
00bbac68_2590,12241.500387000595
00bbac68_2591,12241.145498094584
00bbac68_2592,12240.458379365939
00bbac68_2593,12238.454731761105
00bbac68_2594,12239.038909024282
00bbac68_2595,12239.145193581573
00bbac68_2596,12240.47367009043
00bbac68_2597,12240.281740965407
00bbac68_2598,12239.9212517828
00bbac68_2599,12239.62030956707
00bbac68_2600,12239.503345421725
00bbac68_2601,12239.711842375627
00bbac68_2602,12240.041833431118
00bbac68_2603,12240.164985900969
00bbac68_2604,12240.963238202037
00bbac68_2605,12240.291739473098
00bbac68_2606,12239.65779259029
00bbac68_2607,12239.310043322757
00bbac68_2608,12240.513106404438
00bbac68_2609,12241.689143265996
00bbac68_2610,12240.607280574675
00bbac68_2611,12239.054373892859
00bbac68_2612,12237.994515745115
00bbac68_2613,12237.480437078697
00bbac68_2614,12238.68569740877
00bbac68_2615,12239.185435141228
00bbac68_2616,12239.354698738234
00bbac68_2617,12237.915859815623
00bbac68_2618,12238.056124547542
00bbac68_2619,12239.697838986453
00bbac68_2620,12241.293676364608
00bbac68_2621,12240.528376785713
00bbac68_2622,12238.790789584067
00bbac68_2623,12237.718966517648
00bbac68_2624,12238.34064074823
00bbac68_2625,12238.865888104492
00bbac68_2626,12239.544621239189
00bbac68_2627,12238.737944403785
00bbac68_2628,12238.372225369652
00bbac68_2629,12238.157828480646
00bbac68_2630,12238.815229442092
00bbac68_2631,12239.952960925128
00bbac68_2632,12239.62823177976
00bbac68_2633,12238.932730324248
00bbac68_2634,12238.1406394081
00bbac68_2635,12238.831162172928
00bbac68_2636,12238.990789863483
00bbac68_2637,12239.875487417323
00bbac68_2638,12239.30993118775
00bbac68_2639,12240.305678804716
00bbac68_2640,12239.408162498681
00bbac68_2641,12239.673035068394
00bbac68_2642,12241.784621855359
00bbac68_2643,12245.351803917387
00bbac68_2644,12248.222760986302
00bbac68_2645,12248.387245621
00bbac68_2646,12247.331165197727
00bbac68_2647,12245.806508205884
00bbac68_2648,12245.433573032808
00bbac68_2649,12245.743522755949
00bbac68_2650,12245.823603637837
00bbac68_2651,12244.875826175792
00bbac68_2652,12244.71365867089
00bbac68_2653,12245.396178323434
00bbac68_2654,12246.578572098157
00bbac68_2655,12246.429930141552
00bbac68_2656,12246.580701047933
00bbac68_2657,12246.507385962861
00bbac68_2658,12246.622776843296
00bbac68_2659,12247.239885188028
00bbac68_2660,12247.186587048345
00bbac68_2661,12247.372010412037
00bbac68_2662,12246.88940675671
00bbac68_2663,12247.18801837579
00bbac68_2664,12247.289817645855
00bbac68_2665,12247.216185352285
00bbac68_2666,12247.395532819879
00bbac68_2667,12247.358541098534
00bbac68_2668,12247.398882764866
00bbac68_2669,12246.668081741065
00bbac68_2670,12247.281598049667
00bbac68_2671,12246.725064973916
00bbac68_2672,12246.726453527437
00bbac68_2673,12246.437184260887
00bbac68_2674,12246.43634113526
00bbac68_2675,12246.713597817725
00bbac68_2676,12245.584624841567
00bbac68_2677,12245.957843753515
00bbac68_2678,12244.83508973635
00bbac68_2679,12245.735952996758
00bbac68_2680,12245.859002831754
00bbac68_2681,12247.433912636732
00bbac68_2682,12247.671149560621
00bbac68_2683,12247.723317210943
00bbac68_2684,12247.212393243119
00bbac68_2685,12247.182966491358
00bbac68_2686,12247.420349842767
00bbac68_2687,12246.317135494377
00bbac68_2688,12246.028624418606
00bbac68_2689,12245.901563387479
00bbac68_2690,12246.662705173258
00bbac68_2691,12246.355178434882
00bbac68_2692,12245.083757095665
00bbac68_2693,12244.971090499434
00bbac68_2694,12245.246487575898
00bbac68_2695,12245.662530728549
00bbac68_2696,12245.390253633313
00bbac68_2697,12244.294069744217
00bbac68_2698,12243.911220778318
00bbac68_2699,12243.554965522597
00bbac68_2700,12244.04754240771
00bbac68_2701,12244.870821061108
00bbac68_2702,12246.360332159571
00bbac68_2703,12247.166528674534
00bbac68_2704,12247.673399992645
00bbac68_2705,12247.232276027637
00bbac68_2706,12247.053202682582
00bbac68_2707,12246.86658354108
00bbac68_2708,12246.078388594227
00bbac68_2709,12246.326259022755
00bbac68_2710,12245.486590604443
00bbac68_2711,12245.228797303711
00bbac68_2712,12243.150356419006
00bbac68_2713,12243.000760411385
00bbac68_2714,12242.775530935176
00bbac68_2715,12242.63746625203
00bbac68_2716,12242.652797338274
00bbac68_2717,12242.98120123967
00bbac68_2718,12243.712080838537
00bbac68_2719,12243.239690044144
00bbac68_2720,12242.704593747321
00bbac68_2721,12242.662284619619
00bbac68_2722,12242.643864867403
00bbac68_2723,12242.962590267753
00bbac68_2724,12243.259547336369
00bbac68_2725,12243.291209611409
00bbac68_2726,12242.249811789176
00bbac68_2727,12239.246144217674
00bbac68_2728,12237.209276692003
00bbac68_2729,12234.363706460479
00bbac68_2730,12234.931416382271
00bbac68_2731,12233.007455432626
00bbac68_2732,12232.671514163058
00bbac68_2733,12231.905896587456
00bbac68_2734,12233.417195818105
00bbac68_2735,12235.875883294704
00bbac68_2736,12237.281862711015
00bbac68_2737,12238.23330988275
00bbac68_2738,12238.134424422184
00bbac68_2739,12238.018899191411
00bbac68_2740,12237.399525142528
00bbac68_2741,12237.276199718379
00bbac68_2742,12234.82046073906
00bbac68_2743,12233.097361097245
00bbac68_2744,12229.632956577914
00bbac68_2745,12226.94306647795
00bbac68_2746,12222.975923314572
00bbac68_2747,12213.814817564402
00bbac68_2748,12203.008456668284
00bbac68_2749,12188.117003563462
00bbac68_2750,12180.412218286927
00bbac68_2751,12179.310937834336
00bbac68_2752,12187.14972392604
00bbac68_2753,12199.303472285746
00bbac68_2754,12207.107868192636
00bbac68_2755,12216.44237961266
00bbac68_2756,12222.432329635498
00bbac68_2757,12229.316225334498
00bbac68_2758,12227.772383481913
00bbac68_2759,12225.198220805489
00bbac68_2760,12222.99253863844
00bbac68_2761,12225.011144154376
00bbac68_2762,12224.635331479347
00bbac68_2763,12229.440510430204
00bbac68_2764,12230.901168119357
00bbac68_2765,12233.164463872803
00bbac68_2766,12232.446101807936
00bbac68_2767,12234.064793841162
00bbac68_2768,12236.15143954116
00bbac68_2769,12234.285144901296
00bbac68_2770,12233.317570769437
00bbac68_2771,12232.60569636384
00bbac68_2772,12233.654350312629
00bbac68_2773,12234.240867705741
00bbac68_2774,12234.241738793862
00bbac68_2775,12234.635956070511
00bbac68_2776,12235.130940454235
00bbac68_2777,12236.922729469452
00bbac68_2778,12237.403190643645
00bbac68_2779,12236.505507866828
00bbac68_2780,12235.527468147311
00bbac68_2781,12235.39782975178
00bbac68_2782,12236.069106734509
00bbac68_2783,12236.380061889236
00bbac68_2784,12235.480742098924
00bbac68_2785,12234.211235440906
00bbac68_2786,12233.614942000784
00bbac68_2787,12233.66240806259
00bbac68_2788,12233.216520990987
00bbac68_2789,12233.173529187152
00bbac68_2790,12232.129447655514
00bbac68_2791,12232.682797635372
00bbac68_2792,12233.01511167181
00bbac68_2793,12235.002110872454
00bbac68_2794,12236.46770578708
00bbac68_2795,12236.373398436597
00bbac68_2796,12234.699842928885
00bbac68_2797,12233.797061679594
00bbac68_2798,12232.440371988172
00bbac68_2799,12233.595415891934
00bbac68_2800,12233.802330790213
00bbac68_2801,12236.186640966398
00bbac68_2802,12237.27445383847
00bbac68_2803,12238.072150212494
00bbac68_2804,12237.9212303051
00bbac68_2805,12237.803104572396
00bbac68_2806,12237.97856010185
00bbac68_2807,12237.517885795232
00bbac68_2808,12236.75333061418
00bbac68_2809,12236.024808165066
00bbac68_2810,12236.734656723705
00bbac68_2811,12237.638056981878
00bbac68_2812,12238.50050942487
00bbac68_2813,12237.683617289518
00bbac68_2814,12234.636273060867
00bbac68_2815,12232.09883390575
00bbac68_2816,12230.472537755546
00bbac68_2817,12233.542275698264
00bbac68_2818,12235.88063721677
00bbac68_2819,12238.148027730138
00bbac68_2820,12237.544995168557
00bbac68_2821,12236.78469474118
00bbac68_2822,12236.73534001039
00bbac68_2823,12236.542599236207
00bbac68_2824,12233.205414601907
00bbac68_2825,12228.654159350051
00bbac68_2826,12227.248909604887
00bbac68_2827,12227.72062864368
00bbac68_2828,12228.270752715807
00bbac68_2829,12226.424116275948
00bbac68_2830,12225.109737161394
00bbac68_2831,12227.339795721264
00bbac68_2832,12230.879496025094
00bbac68_2833,12235.751023423327
00bbac68_2834,12232.783610181103
00bbac68_2835,12228.111664288183
00bbac68_2836,12225.669468257287
00bbac68_2837,12228.700516109739
00bbac68_2838,12232.033952050011
00bbac68_2839,12231.18037681163
00bbac68_2840,12232.875709330025
00bbac68_2841,12232.82973824998
00bbac68_2842,12235.581694022854
00bbac68_2843,12235.294575177888
00bbac68_2844,12234.818595489482
00bbac68_2845,12233.459205596686
00bbac68_2846,12233.121418336223
00bbac68_2847,12235.258571593115
00bbac68_2848,12236.104945932466
00bbac68_2849,12236.822364701356
00bbac68_2850,12236.798120547572
00bbac68_2851,12237.95679926998
00bbac68_2852,12238.06496183678
00bbac68_2853,12237.889517688725
00bbac68_2854,12237.518111663443
00bbac68_2855,12236.92264821189
00bbac68_2856,12236.804881403043
00bbac68_2857,12236.642781579916
00bbac68_2858,12235.721284496438
00bbac68_2859,12232.25875666108
00bbac68_2860,12229.037346462814
00bbac68_2861,12227.858235332476
00bbac68_2862,12230.342697873084
00bbac68_2863,12233.600686417225
00bbac68_2864,12233.689319572666
00bbac68_2865,12231.886690913998
00bbac68_2866,12229.641846715822
00bbac68_2867,12229.723349779992
00bbac68_2868,12229.812315804016
00bbac68_2869,12230.93134194924
00bbac68_2870,12230.04696021112
00bbac68_2871,12231.02406497758
00bbac68_2872,12231.308744893044
00bbac68_2873,12230.778846487337
00bbac68_2874,12230.793936077222
00bbac68_2875,12229.905120502377
00bbac68_2876,12228.623590615258
00bbac68_2877,12227.561165550602
00bbac68_2878,12225.86675602044
00bbac68_2879,12225.73433238895
00bbac68_2880,12224.907843601919
00bbac68_2881,12225.659319963126
00bbac68_2882,12229.056450075355
00bbac68_2883,12231.582427089592
00bbac68_2884,12233.748088884922
00bbac68_2885,12234.433787921342
00bbac68_2886,12234.584452086114
00bbac68_2887,12234.110140196894
00bbac68_2888,12233.882008804105
00bbac68_2889,12233.531849612738
00bbac68_2890,12233.592357079253
00bbac68_2891,12232.646751673681
00bbac68_2892,12231.900188347683
00bbac68_2893,12231.706396206553
00bbac68_2894,12231.883190484952
00bbac68_2895,12232.584368443728
00bbac68_2896,12231.705495723167
00bbac68_2897,12231.947374252464
00bbac68_2898,12231.270266644004
00bbac68_2899,12232.43162048283
00bbac68_2900,12233.256767783629
00bbac68_2901,12233.920124853183
00bbac68_2902,12231.929371862896
00bbac68_2903,12230.619471025233
00bbac68_2904,12229.889334040543
00bbac68_2905,12231.445742097123
00bbac68_2906,12231.535450948359
00bbac68_2907,12232.159468141383
00bbac68_2908,12232.332330602076
00bbac68_2909,12233.380636281543
00bbac68_2910,12233.634927515866
00bbac68_2911,12233.926091200343
00bbac68_2912,12233.865376899326
00bbac68_2913,12232.439408869424
00bbac68_2914,12230.065391685954
00bbac68_2915,12227.665966187653
00bbac68_2916,12229.267383493656
00bbac68_2917,12231.06532315474
00bbac68_2918,12232.524852346323
00bbac68_2919,12232.457846840152
00bbac68_2920,12232.896337648706
00bbac68_2921,12233.83698519967
00bbac68_2922,12233.66650331834
00bbac68_2923,12233.648574321967
00bbac68_2924,12233.470846863152
00bbac68_2925,12233.786295695181
00bbac68_2926,12233.364040526125
00bbac68_2927,12232.772512919837
00bbac68_2928,12232.093918075921
00bbac68_2929,12232.157138828874
00bbac68_2930,12232.24502425192
00bbac68_2931,12232.701923108798
00bbac68_2932,12233.24280934094
00bbac68_2933,12234.063089863686
00bbac68_2934,12233.642393426735
00bbac68_2935,12233.038933727346
00bbac68_2936,12231.314752264612
00bbac68_2937,12231.35877867468
00bbac68_2938,12227.959316048991
00bbac68_2939,12225.85525859805
00bbac68_2940,12224.339150608948
00bbac68_2941,12226.165529281403
00bbac68_2942,12227.420673077091
00bbac68_2943,12227.575222092957
00bbac68_2944,12228.289226302319
00bbac68_2945,12228.619894415438
00bbac68_2946,12229.994099024809
00bbac68_2947,12229.901446090184
00bbac68_2948,12231.2948934369
00bbac68_2949,12230.459975602302
00bbac68_2950,12232.070670132038
00bbac68_2951,12232.122411358558
00bbac68_2952,12233.06397417503
00bbac68_2953,12232.996415357944
00bbac68_2954,12231.424448520871
00bbac68_2955,12230.365374750321
00bbac68_2956,12229.669978353457
00bbac68_2957,12230.447561917746
00bbac68_2958,12231.108606598587
00bbac68_2959,12230.082261278978
00bbac68_2960,12227.460965114844
00bbac68_2961,12225.316681438731
00bbac68_2962,12225.715256557482
00bbac68_2963,12230.015180251992
00bbac68_2964,12233.415646366206
00bbac68_2965,12233.527207709814
00bbac68_2966,12231.386861603416
00bbac68_2967,12231.875721390055
00bbac68_2968,12234.757141357253
00bbac68_2969,12237.719975970782
00bbac68_2970,12238.249826779202
00bbac68_2971,12238.225795003274
00bbac68_2972,12238.89893565952
00bbac68_2973,12239.153648902653
00bbac68_2974,12238.801998913788
00bbac68_2975,12238.386484497452
00bbac68_2976,12238.004101994627
00bbac68_2977,12238.31239613927
00bbac68_2978,12239.087707660432
00bbac68_2979,12239.128036992837
00bbac68_2980,12239.449915329586
00bbac68_2981,12238.370002202622
00bbac68_2982,12236.155877909665
00bbac68_2983,12235.799582505753
00bbac68_2984,12236.540515940304
00bbac68_2985,12239.212301345207
00bbac68_2986,12239.302878411885
00bbac68_2987,12239.26535865385
00bbac68_2988,12239.12397330223
00bbac68_2989,12239.031904839228
00bbac68_2990,12238.8780939261
00bbac68_2991,12238.48007935701
00bbac68_2992,12237.431407079777
00bbac68_2993,12237.196011376554
00bbac68_2994,12236.368897876373
00bbac68_2995,12236.966557404341
00bbac68_2996,12236.088472197129
00bbac68_2997,12236.518063398995
00bbac68_2998,12237.073393929502
00bbac68_2999,12238.20555142514
00bbac68_3000,12238.515222422526
00bbac68_3001,12238.568764640433
00bbac68_3002,12238.097492992049
00bbac68_3003,12237.964856699766
00bbac68_3004,12237.34874383627
00bbac68_3005,12236.958206488385
00bbac68_3006,12237.682975209429
00bbac68_3007,12237.238972011126
00bbac68_3008,12236.059253934478
00bbac68_3009,12235.657147135766
00bbac68_3010,12232.936820370242
00bbac68_3011,12234.340710320825
00bbac68_3012,12232.441182616094
00bbac68_3013,12235.026219597627
00bbac68_3014,12234.309167516927
00bbac68_3015,12234.550948398493
00bbac68_3016,12235.719717554059
00bbac68_3017,12235.901081254391
00bbac68_3018,12236.75274399959
00bbac68_3019,12236.439053218477
00bbac68_3020,12237.21725461968
00bbac68_3021,12236.12153503274
00bbac68_3022,12234.264348483157
00bbac68_3023,12233.38412484224
00bbac68_3024,12234.853357760954
00bbac68_3025,12236.519657927689
00bbac68_3026,12237.595075481231
00bbac68_3027,12237.316212846119
00bbac68_3028,12236.4145691546
00bbac68_3029,12235.668113014071
00bbac68_3030,12235.330573567813
00bbac68_3031,12236.244433822518
00bbac68_3032,12237.249599968089
00bbac68_3033,12238.737620373247
00bbac68_3034,12238.663981772217
00bbac68_3035,12238.510462757244
00bbac68_3036,12237.580630342003
00bbac68_3037,12238.132604444465
00bbac68_3038,12236.60096636253
00bbac68_3039,12236.796688399032
00bbac68_3040,12236.724987005944
00bbac68_3041,12236.842081785418
00bbac68_3042,12236.365235998172
00bbac68_3043,12236.243509154812
00bbac68_3044,12237.05279184071
00bbac68_3045,12235.809418859752
00bbac68_3046,12234.633863934892
00bbac68_3047,12235.215956188045
00bbac68_3048,12233.68424296927
00bbac68_3049,12233.967570145274
00bbac68_3050,12231.742314137626
00bbac68_3051,12232.39029786438
00bbac68_3052,12232.017351843542
00bbac68_3053,12233.973500048136
00bbac68_3054,12236.674770031901
00bbac68_3055,12237.650184134895
00bbac68_3056,12237.67439667559
00bbac68_3057,12238.016953607168
00bbac68_3058,12238.312447368566
00bbac68_3059,12237.393453966957
00bbac68_3060,12236.894188588485
00bbac68_3061,12236.502762889251
00bbac68_3062,12237.19223233573
00bbac68_3063,12237.026037080235
00bbac68_3064,12236.887354697299
00bbac68_3065,12237.07959201249
00bbac68_3066,12235.61075356039
00bbac68_3067,12234.159029447095
00bbac68_3068,12232.699781052235
00bbac68_3069,12234.102905209382
00bbac68_3070,12234.999838278285
00bbac68_3071,12234.380427291364
00bbac68_3072,12230.735289485869
00bbac68_3073,12228.930927438065
00bbac68_3074,12228.40276164678
00bbac68_3075,12231.022145640616
00bbac68_3076,12230.62982325235
00bbac68_3077,12230.669973595584
00bbac68_3078,12230.267968420565
00bbac68_3079,12228.696341410598
00bbac68_3080,12229.895256026488
00bbac68_3081,12231.63219253296
00bbac68_3082,12235.861042336974
00bbac68_3083,12236.83951807041
00bbac68_3084,12235.579993702182
00bbac68_3085,12235.084116987682
00bbac68_3086,12235.642657253391
00bbac68_3087,12235.813871630913
00bbac68_3088,12237.171186007026
00bbac68_3089,12235.489829183594
00bbac68_3090,12236.64390283561
00bbac68_3091,12235.9712174479
00bbac68_3092,12235.70522326499
00bbac68_3093,12235.126101190277
00bbac68_3094,12235.377259130968
00bbac68_3095,12236.46628666558
00bbac68_3096,12236.29526791451
00bbac68_3097,12236.239064556185
00bbac68_3098,12236.910961160522
00bbac68_3099,12238.183627328535
00bbac68_3100,12237.89262726019
00bbac68_3101,12238.260851814717
00bbac68_3102,12237.971089707755
00bbac68_3103,12237.530495595907
00bbac68_3104,12235.78252601492
00bbac68_3105,12235.342297293611
00bbac68_3106,12235.584142691767
00bbac68_3107,12235.093762748198
00bbac68_3108,12234.386594147896
00bbac68_3109,12234.624266564511
00bbac68_3110,12236.41945671282
00bbac68_3111,12237.864321899086
00bbac68_3112,12238.325997820904
00bbac68_3113,12235.596553822097
00bbac68_3114,12234.884856766826
00bbac68_3115,12233.999187037232
00bbac68_3116,12236.292639180048
00bbac68_3117,12235.206760004206
00bbac68_3118,12235.27662809034
00bbac68_3119,12235.122172485702
00bbac68_3120,12236.092071371406
00bbac68_3121,12234.068240448258
00bbac68_3122,12234.523079823979
00bbac68_3123,12233.602859543962
00bbac68_3124,12233.35137048838
00bbac68_3125,12230.799781685273
00bbac68_3126,12231.438923819282
00bbac68_3127,12231.882244509567
00bbac68_3128,12231.733405829167
00bbac68_3129,12228.352531738472
00bbac68_3130,12223.899022369764
00bbac68_3131,12223.802049940985
00bbac68_3132,12224.351267204567
00bbac68_3133,12226.564226607828
00bbac68_3134,12222.790593911332
00bbac68_3135,12221.800585205723
00bbac68_3136,12223.510818285127
00bbac68_3137,12228.772348339247
00bbac68_3138,12232.371076859
00bbac68_3139,12234.356854257749
00bbac68_3140,12235.246581455503
00bbac68_3141,12235.414549046332
00bbac68_3142,12234.867307610146
00bbac68_3143,12232.564848907861
00bbac68_3144,12229.505667714831
00bbac68_3145,12229.138575439856
00bbac68_3146,12230.411251850595
00bbac68_3147,12232.574589153375
00bbac68_3148,12233.953348300163
00bbac68_3149,12235.468083336256
00bbac68_3150,12236.405982485143
00bbac68_3151,12235.700148761216
00bbac68_3152,12234.733401239586
00bbac68_3153,12234.733401239582
00bbac68_3154,12235.187502802086
00bbac68_3155,12235.641604364582
00bbac68_3156,12235.584475458334
00bbac68_3157,12235.300228840932
00bbac68_3158,12234.082730281827
00bbac68_3159,12231.824827360404
00bbac68_3160,12229.941964642727
00bbac68_3161,12228.012534760426
00bbac68_3162,12229.002897065615
00bbac68_3163,12228.59596090502
00bbac68_3164,12229.23746897935
00bbac68_3165,12228.475541141483
00bbac68_3166,12230.53408527553
00bbac68_3167,12233.424626198483
00bbac68_3168,12236.375565607246
00bbac68_3169,12237.550572300483
00bbac68_3170,12237.784740785915
00bbac68_3171,12236.272845342313
00bbac68_3172,12235.12681052558
00bbac68_3173,12234.470889519233
00bbac68_3174,12235.542619774147
00bbac68_3175,12235.368392579883
00bbac68_3176,12235.124357480507
00bbac68_3177,12234.654652788236
00bbac68_3178,12235.726754858819
00bbac68_3179,12235.780064586006
00bbac68_3180,12233.890922708697
00bbac68_3181,12232.208165232696
00bbac68_3182,12231.913789034696
00bbac68_3183,12233.196766955354
00bbac68_3184,12234.069400259672
00bbac68_3185,12234.578775593609
00bbac68_3186,12234.369445339498
00bbac68_3187,12233.589120260622
00bbac68_3188,12233.10413729783
00bbac68_3189,12232.487060100786
00bbac68_3190,12229.934921866705
00bbac68_3191,12225.089740414902
00bbac68_3192,12217.481939147552
00bbac68_3193,12212.891938377279
00bbac68_3194,12206.351214176195
00bbac68_3195,12198.169881232787
00bbac68_3196,12190.38851219994
00bbac68_3197,12186.346815014685
00bbac68_3198,12187.097455463852
00bbac68_3199,12186.673792922064
00bbac68_3200,12186.043414262154
00bbac68_3201,12186.21812597003
00bbac68_3202,12186.951947204863
00bbac68_3203,12187.014403185402
00bbac68_3204,12187.583743400008
00bbac68_3205,12186.298993833982
00bbac68_3206,12185.722280209176
00bbac68_3207,12184.712534940169
00bbac68_3208,12184.86933088483
00bbac68_3209,12188.28054631551
00bbac68_3210,12193.735703987055
00bbac68_3211,12201.121292113152
00bbac68_3212,12204.930608287812
00bbac68_3213,12204.715326965763
00bbac68_3214,12202.969255086027
00bbac68_3215,12202.136225536824
00bbac68_3216,12203.067989010617
00bbac68_3217,12199.924400151065
00bbac68_3218,12199.864242221263
00bbac68_3219,12199.699920850044
00bbac68_3220,12204.581963089717
00bbac68_3221,12211.336945539893
00bbac68_3222,12217.431240433774
00bbac68_3223,12216.709742466237
00bbac68_3224,12209.784847187082
00bbac68_3225,12202.319604923448
00bbac68_3226,12201.380254187638
00bbac68_3227,12201.150784931631
00bbac68_3228,12202.037041484793
00bbac68_3229,12203.775374672528
00bbac68_3230,12205.809525405639
00bbac68_3231,12212.486694834663
00bbac68_3232,12217.651791217433
00bbac68_3233,12222.034130277685
00bbac68_3234,12221.964407756614
00bbac68_3235,12220.96266144842
00bbac68_3236,12220.142235280711
00bbac68_3237,12221.910258655987
00bbac68_3238,12224.245335186497
00bbac68_3239,12224.184187810555
00bbac68_3240,12219.714361303793
00bbac68_3241,12217.769683861081
00bbac68_3242,12221.979427345688
00bbac68_3243,12227.018919620126
00bbac68_3244,12229.975840933686
00bbac68_3245,12235.282296153588
00bbac68_3246,12240.318179882337
00bbac68_3247,12244.561074784391
00bbac68_3248,12242.598205851735
00bbac68_3249,12240.377588555983
00bbac68_3250,12242.012340646872
00bbac68_3251,12243.142168806029
00bbac68_3252,12245.926509764084
00bbac68_3253,12245.577731771597
00bbac68_3254,12242.7170651688
00bbac68_3255,12239.535050286015
00bbac68_3256,12238.656290334917
00bbac68_3257,12240.863771078808
00bbac68_3258,12242.370647155292
00bbac68_3259,12242.516923150926
00bbac68_3260,12241.383957742417
00bbac68_3261,12244.168100032477
00bbac68_3262,12242.66516503794
00bbac68_3263,12242.989138550229
00bbac68_3264,12240.787978961473
00bbac68_3265,12236.561586013197
00bbac68_3266,12230.316097242248
00bbac68_3267,12227.497034518301
00bbac68_3268,12231.361543487234
00bbac68_3269,12241.394161654738
00bbac68_3270,12244.583464713805
00bbac68_3271,12244.00388126814
00bbac68_3272,12239.862525874181
00bbac68_3273,12237.615587461221
00bbac68_3274,12238.094771755044
00bbac68_3275,12239.597440950572
00bbac68_3276,12241.992588683983
00bbac68_3277,12244.653404613447
00bbac68_3278,12244.5092941329
00bbac68_3279,12245.262537036913
00bbac68_3280,12245.00046989705
00bbac68_3281,12245.483669700317
00bbac68_3282,12244.469070972018
00bbac68_3283,12243.792165448906
00bbac68_3284,12244.130440228246
00bbac68_3285,12245.10263088211
00bbac68_3286,12245.98367347297
00bbac68_3287,12246.002036936203
00bbac68_3288,12246.347915361708
00bbac68_3289,12246.309758326504
00bbac68_3290,12245.132582800019
00bbac68_3291,12245.008316820598
00bbac68_3292,12244.707914983426
00bbac68_3293,12245.432579533577
00bbac68_3294,12245.059346386066
00bbac68_3295,12239.233755764059
00bbac68_3296,12236.325463205494
00bbac68_3297,12235.643494294674
00bbac68_3298,12242.261994490553
00bbac68_3299,12245.582896865128
00bbac68_3300,12245.90775943615
00bbac68_3301,12245.124261283738
00bbac68_3302,12245.140858757046
00bbac68_3303,12245.962735789954
00bbac68_3304,12246.157419969319
00bbac68_3305,12245.831577855162
00bbac68_3306,12244.580991008044
00bbac68_3307,12244.049169047643
00bbac68_3308,12243.134182220178
00bbac68_3309,12243.359813551804
00bbac68_3310,12242.685619641294
00bbac68_3311,12242.509897803233
00bbac68_3312,12241.604752537438
00bbac68_3313,12241.096943590264
00bbac68_3314,12240.55157260503
00bbac68_3315,12241.025278523346
00bbac68_3316,12239.205087622084
00bbac68_3317,12239.948125896533
00bbac68_3318,12238.460406895409
00bbac68_3319,12241.570537561607
00bbac68_3320,12239.022182550221
00bbac68_3321,12241.300029059668
00bbac68_3322,12240.924003332191
00bbac68_3323,12244.384159883843
00bbac68_3324,12244.62859131448
00bbac68_3325,12243.093144919518
00bbac68_3326,12243.768507150568
00bbac68_3327,12243.59480087726
00bbac68_3328,12245.85693078691
00bbac68_3329,12244.239701209983
00bbac68_3330,12244.707917632566
00bbac68_3331,12244.942556100927
00bbac68_3332,12245.576230958648
00bbac68_3333,12244.489871106629
00bbac68_3334,12242.918197578698
00bbac68_3335,12243.218695217782
00bbac68_3336,12242.677969022538
00bbac68_3337,12244.22069611978
00bbac68_3338,12243.709536002449
00bbac68_3339,12244.948299447546
00bbac68_3340,12245.025483991101
00bbac68_3341,12245.949678154726
00bbac68_3342,12246.54135740835
00bbac68_3343,12246.21368892248
00bbac68_3344,12244.701964870152
00bbac68_3345,12242.649512993985
00bbac68_3346,12241.7035640735
00bbac68_3347,12243.54752507047
00bbac68_3348,12245.479052663113
00bbac68_3349,12246.602882181687
00bbac68_3350,12242.921825525924
00bbac68_3351,12239.909891280435
00bbac68_3352,12238.714418592606
00bbac68_3353,12242.777438059982
00bbac68_3354,12246.060455539931
00bbac68_3355,12246.702342268813
00bbac68_3356,12244.516856471202
00bbac68_3357,12242.841555644327
00bbac68_3358,12242.775721784305
00bbac68_3359,12241.296544653916
00bbac68_3360,12239.264041977107
00bbac68_3361,12237.56395968143
00bbac68_3362,12238.480320247836
00bbac68_3363,12240.791925343241
00bbac68_3364,12241.569263005544
00bbac68_3365,12241.328808754653
00bbac68_3366,12242.23921906169
00bbac68_3367,12244.462588471717
00bbac68_3368,12246.546785098499
00bbac68_3369,12245.843539269625
00bbac68_3370,12245.16617986276
00bbac68_3371,12238.928810558522
00bbac68_3372,12239.85840186857
00bbac68_3373,12239.648133880435
00bbac68_3374,12246.26110122515
00bbac68_3375,12246.019991706826
00bbac68_3376,12244.992739885618
00bbac68_3377,12244.125729984791
00bbac68_3378,12244.155048105897
00bbac68_3379,12244.97562124951
00bbac68_3380,12245.532002600119
00bbac68_3381,12245.206847831056
00bbac68_3382,12245.676799562776
00bbac68_3383,12245.702186113333
00bbac68_3384,12246.014906263954
00bbac68_3385,12246.015468580359
00bbac68_3386,12246.120614192427
00bbac68_3387,12245.714545587289
00bbac68_3388,12246.031647186564
00bbac68_3389,12245.525024503906
00bbac68_3390,12246.136290799826
00bbac68_3391,12246.169059076892
00bbac68_3392,12246.026016107748
00bbac68_3393,12245.491644763248
00bbac68_3394,12244.101142303181
00bbac68_3395,12244.073585544202
00bbac68_3396,12243.237937810198
00bbac68_3397,12244.451028687987
00bbac68_3398,12245.510117967475
00bbac68_3399,12246.87412837974
00bbac68_3400,12246.638249479785
00bbac68_3401,12246.394405258116
00bbac68_3402,12245.947650823995
00bbac68_3403,12247.041341237438
00bbac68_3404,12247.85762611826
00bbac68_3405,12247.658081847427
00bbac68_3406,12246.25313393076
00bbac68_3407,12246.25313393076
00bbac68_3408,12247.983662463841
00bbac68_3409,12249.168883818007
00bbac68_3410,12248.949971057591
00bbac68_3411,12247.71688628155
00bbac68_3412,12248.144289281818
00bbac68_3413,12249.433303841617
00bbac68_3414,12253.557215849936
00bbac68_3415,12264.689843197266
00bbac68_3416,12277.971559575932
00bbac68_3417,12286.371775578455
00bbac68_3418,12285.717577814814
00bbac68_3419,12277.671389070454
00bbac68_3420,12268.822633765498
00bbac68_3421,12259.109518150646
00bbac68_3422,12253.95590473448
00bbac68_3423,12252.348659822754
00bbac68_3424,12252.448508622385
00bbac68_3425,12249.925223010468
00bbac68_3426,12247.45559784553
00bbac68_3427,12242.509521779406
00bbac68_3428,12240.616037328626
00bbac68_3429,12239.175864552448
00bbac68_3430,12240.897749821468
00bbac68_3431,12242.345532383684
00bbac68_3432,12242.365003107807
00bbac68_3433,12242.53433800173
00bbac68_3434,12242.51562665645
00bbac68_3435,12243.51117587936
00bbac68_3436,12243.65717774879
00bbac68_3437,12243.83635474919
00bbac68_3438,12243.156499953382
00bbac68_3439,12241.782199240371
00bbac68_3440,12245.39620312528
00bbac68_3441,12248.826005288816
00bbac68_3442,12256.685442609034
00bbac68_3443,12259.135368214387
00bbac68_3444,12263.24763645645
00bbac68_3445,12263.76354110339
00bbac68_3446,12265.041340978007
00bbac68_3447,12265.898317699188
00bbac68_3448,12263.80716442976
00bbac68_3449,12263.979217548156
00bbac68_3450,12263.617818478015
00bbac68_3451,12266.302513542963
00bbac68_3452,12266.472060544897
00bbac68_3453,12266.87481587062
00bbac68_3454,12264.401800936454
00bbac68_3455,12261.86032741926
00bbac68_3456,12260.209432878388
00bbac68_3457,12260.710377069403
00bbac68_3458,12261.444034885413
00bbac68_3459,12261.46917850341
00bbac68_3460,12262.342644304037
00bbac68_3461,12262.920371516935
00bbac68_3462,12263.62181039819
00bbac68_3463,12264.124700322986
00bbac68_3464,12264.588808329216
00bbac68_3465,12264.444621078843
00bbac68_3466,12264.207417458982
00bbac68_3467,12263.694434086266
00bbac68_3468,12264.396881478386
00bbac68_3469,12262.272047552926
00bbac68_3470,12256.605936934031
00bbac68_3471,12250.817506563893
00bbac68_3472,12248.444075720245
00bbac68_3473,12250.752716271563
00bbac68_3474,12250.180171475125
00bbac68_3475,12248.500817164066
00bbac68_3476,12247.369868455571
00bbac68_3477,12247.962504206776
00bbac68_3478,12244.153357034947
00bbac68_3479,12237.478860519797
00bbac68_3480,12231.075075367211
00bbac68_3481,12228.35709571283
00bbac68_3482,12227.522596473844
00bbac68_3483,12226.837269283462
00bbac68_3484,12227.51013419363
00bbac68_3485,12227.674453603346
00bbac68_3486,12227.752660102116
00bbac68_3487,12227.46929758544
00bbac68_3488,12227.304978175722
00bbac68_3489,12227.153330286805
00bbac68_3490,12227.511504888082
00bbac68_3491,12227.760939886466
00bbac68_3492,12228.26783548368
00bbac68_3493,12228.613024913246
00bbac68_3494,12228.754689705333
00bbac68_3495,12228.378461922553
00bbac68_3496,12227.391538974787
00bbac68_3497,12229.41255491745
00bbac68_3498,12236.291924875031
00bbac68_3499,12244.165349107068
00bbac68_3500,12246.635420585895
00bbac68_3501,12245.128391276849
00bbac68_3502,12245.366034758847
00bbac68_3503,12251.603697292863
00bbac68_3504,12257.588600649911
00bbac68_3505,12255.944440583567
00bbac68_3506,12249.410158624009
00bbac68_3507,12243.714375943606
00bbac68_3508,12243.517348867574
00bbac68_3509,12248.221693096268
00bbac68_3510,12248.769584940505
00bbac68_3511,12249.573202871032
00bbac68_3512,12251.458731815997
00bbac68_3513,12256.062523325336
00bbac68_3514,12260.75709329817
00bbac68_3515,12260.083598866191
00bbac68_3516,12260.007147504019
00bbac68_3517,12260.681951436103
00bbac68_3518,12262.54179091545
00bbac68_3519,12261.121696002197
00bbac68_3520,12256.68908762031
00bbac68_3521,12255.146968558838
00bbac68_3522,12258.178375435848
00bbac68_3523,12261.964640940472
00bbac68_3524,12261.798556797265
00bbac68_3525,12259.526448617335
00bbac68_3526,12258.85977697883
00bbac68_3527,12258.438139561673
00bbac68_3528,12260.860989813553
00bbac68_3529,12262.060538767417
00bbac68_3530,12262.680872674704
00bbac68_3531,12260.976679851447
00bbac68_3532,12260.168115362998
00bbac68_3533,12260.031441715073
00bbac68_3534,12259.474885168123
00bbac68_3535,12259.359915054176
00bbac68_3536,12260.396490071042
00bbac68_3537,12261.828375861793
00bbac68_3538,12262.604220642732
00bbac68_3539,12262.607812167967
00bbac68_3540,12262.173459536041
00bbac68_3541,12261.506041319646
00bbac68_3542,12261.556219890328
00bbac68_3543,12261.383581766691
00bbac68_3544,12261.866634975222
00bbac68_3545,12261.856514792633
00bbac68_3546,12262.161115878387
00bbac68_3547,12261.013218835762
00bbac68_3548,12260.793186761866
00bbac68_3549,12260.4856841824
00bbac68_3550,12261.436785427528
00bbac68_3551,12261.722364470863
00bbac68_3552,12262.24369298771
00bbac68_3553,12261.083099366631
00bbac68_3554,12258.879380967332
00bbac68_3555,12258.590628934035
00bbac68_3556,12260.072826882155
00bbac68_3557,12258.574505420855
00bbac68_3558,12256.244299390477
00bbac68_3559,12253.961041829714
00bbac68_3560,12255.477872006726
00bbac68_3561,12256.905080486564
00bbac68_3562,12257.490361641176
00bbac68_3563,12257.440354905782
00bbac68_3564,12254.660919834385
00bbac68_3565,12254.752253565595
00bbac68_3566,12254.963162118423
00bbac68_3567,12256.831070686412
00bbac68_3568,12255.417498065251
00bbac68_3569,12254.211043032383
00bbac68_3570,12252.938581411434
00bbac68_3571,12249.95873603695
00bbac68_3572,12243.196448656412
00bbac68_3573,12239.214270590777
00bbac68_3574,12240.641633912383
00bbac68_3575,12245.280302173856
00bbac68_3576,12248.380130566342
00bbac68_3577,12246.149383277281
00bbac68_3578,12245.531908494371
00bbac68_3579,12243.979359836552
00bbac68_3580,12246.235034277632
00bbac68_3581,12248.125995206321
00bbac68_3582,12248.227356214715
00bbac68_3583,12244.559766571836
00bbac68_3584,12241.908139680689
00bbac68_3585,12240.280550772353
00bbac68_3586,12241.498645154685
00bbac68_3587,12242.307831588141
00bbac68_3588,12239.825993818687
00bbac68_3589,12240.385346634566
00bbac68_3590,12238.763455842816
00bbac68_3591,12244.307427112355
00bbac68_3592,12246.463038648259
00bbac68_3593,12245.372833864307
00bbac68_3594,12242.956313392488
00bbac68_3595,12241.29625133734
00bbac68_3596,12243.188942993178
00bbac68_3597,12249.020340389716
00bbac68_3598,12255.945347758781
00bbac68_3599,12263.749835034114
00bbac68_3600,12265.963844477126
00bbac68_3601,12260.319991810735
00bbac68_3602,12252.10222753774
00bbac68_3603,12243.898168613292
00bbac68_3604,12241.668706686818
00bbac68_3605,12242.451299147264
00bbac68_3606,12242.212413959938
00bbac68_3607,12243.232259929646
00bbac68_3608,12243.090830052322
00bbac68_3609,12244.396984391928
00bbac68_3610,12244.477604296728
00bbac68_3611,12244.501834596682
00bbac68_3612,12244.332136273646
00bbac68_3613,12243.91579928399
00bbac68_3614,12245.271738898211
00bbac68_3615,12245.188564375858
00bbac68_3616,12243.47745861975
00bbac68_3617,12242.391328321499
00bbac68_3618,12242.093530124022
00bbac68_3619,12243.645236722754
00bbac68_3620,12243.937814761892
00bbac68_3621,12243.444250880655
00bbac68_3622,12244.031114066895
00bbac68_3623,12245.409769110714
00bbac68_3624,12248.090977097969
00bbac68_3625,12247.553784582235
00bbac68_3626,12245.823966688586
00bbac68_3627,12243.096136705795
00bbac68_3628,12243.632354229308
00bbac68_3629,12243.463935713617
00bbac68_3630,12243.783153934892
00bbac68_3631,12242.993252710066
00bbac68_3632,12243.960358858341
00bbac68_3633,12252.513981012804
00bbac68_3634,12261.898842664765
00bbac68_3635,12270.163234033811
00bbac68_3636,12271.207187527574
00bbac68_3637,12271.428012003316
00bbac68_3638,12270.375143375744
00bbac68_3639,12269.23303656776
00bbac68_3640,12265.394678475188
00bbac68_3641,12258.730733323226
00bbac68_3642,12252.164863689724
00bbac68_3643,12246.168802764703
00bbac68_3644,12244.673740654704
00bbac68_3645,12243.342383403133
00bbac68_3646,12244.322863275162
00bbac68_3647,12244.770601695784
00bbac68_3648,12244.972295118052
00bbac68_3649,12245.029980610741
00bbac68_3650,12245.126653388439
00bbac68_3651,12245.110918009901
00bbac68_3652,12244.996667107203
00bbac68_3653,12244.996667107203
00bbac68_3654,12244.234385183794
00bbac68_3655,12245.764838978828
00bbac68_3656,12247.27014917142
00bbac68_3657,12249.634414065125
00bbac68_3658,12249.718783446466
00bbac68_3659,12248.144239175634
00bbac68_3660,12245.71317065512
00bbac68_3661,12243.393194461589
00bbac68_3662,12244.967738732421
00bbac68_3663,12247.398807252932
00bbac68_3664,12247.806789724067
00bbac68_3665,12246.174333285262
00bbac68_3666,12244.537826156653
00bbac68_3667,12244.857601450612
00bbac68_3668,12244.888074919123
00bbac68_3669,12243.770970441672
00bbac68_3670,12243.862616596436
00bbac68_3671,12243.735156421011
00bbac68_3672,12243.921067369474
00bbac68_3673,12243.180572880412
00bbac68_3674,12244.022803052367
00bbac68_3675,12251.166743030903
00bbac68_3676,12258.821551663592
00bbac68_3677,12266.270062544352
00bbac68_3678,12268.307047710792
00bbac68_3679,12262.136535816799
00bbac68_3680,12254.123440546131
00bbac68_3681,12246.821460731539
00bbac68_3682,12246.388226394885
00bbac68_3683,12246.605730697696
00bbac68_3684,12245.600368385036
00bbac68_3685,12245.775578376366
00bbac68_3686,12244.775584599853
00bbac68_3687,12243.459631274161
00bbac68_3688,12244.199110074382
00bbac68_3689,12244.886437147625
00bbac68_3690,12245.609516904102
00bbac68_3691,12239.680369363661
00bbac68_3692,12238.577327073283
00bbac68_3693,12239.324204218612
00bbac68_3694,12244.821390946723
00bbac68_3695,12245.524247297435
00bbac68_3696,12244.416056470573
00bbac68_3697,12240.835852867333
00bbac68_3698,12238.364484314414
00bbac68_3699,12236.659917344232
00bbac68_3700,12235.139877322328
00bbac68_3701,12233.799050442285
00bbac68_3702,12234.55144753265
00bbac68_3703,12237.81312735077
00bbac68_3704,12241.69941152221
00bbac68_3705,12242.9438529876
00bbac68_3706,12244.123538908789
00bbac68_3707,12243.538125600491
00bbac68_3708,12245.249808595798
00bbac68_3709,12244.136275058234
00bbac68_3710,12244.563419479367
00bbac68_3711,12242.769889618552
00bbac68_3712,12242.217604120415
00bbac68_3713,12242.271473406669
00bbac68_3714,12241.627015211423
00bbac68_3715,12240.581843063725
00bbac68_3716,12240.489266223502
00bbac68_3717,12243.613026049135
00bbac68_3718,12248.474483877471
00bbac68_3719,12250.77954510664
00bbac68_3720,12249.959193729243
00bbac68_3721,12249.811298849141
00bbac68_3722,12250.281632068158
00bbac68_3723,12251.032687266392
00bbac68_3724,12250.112847187915
00bbac68_3725,12248.865701503359
00bbac68_3726,12247.92286326812
00bbac68_3727,12247.688146292814
00bbac68_3728,12247.4697756088
00bbac68_3729,12247.352621669655
00bbac68_3730,12245.771376053337
00bbac68_3731,12245.007113591448
00bbac68_3732,12243.117400750061
00bbac68_3733,12243.251909881
00bbac68_3734,12241.247067833181
00bbac68_3735,12238.22453429414
00bbac68_3736,12237.031817910824
00bbac68_3737,12234.20374216338
00bbac68_3738,12235.070484728063
00bbac68_3739,12234.1605822949
00bbac68_3740,12236.969692164117
00bbac68_3741,12240.326462394672
00bbac68_3742,12243.598213366013
00bbac68_3743,12247.571375041909
00bbac68_3744,12250.617135587969
00bbac68_3745,12252.600739411808
00bbac68_3746,12253.37416760433
00bbac68_3747,12253.419258728916
00bbac68_3748,12253.419161683478
00bbac68_3749,12253.859271424793
00bbac68_3750,12254.28836343137
00bbac68_3751,12255.03958339655
00bbac68_3752,12255.192683238814
00bbac68_3753,12254.884014203397
00bbac68_3754,12254.167951457952
00bbac68_3755,12253.55881849705
00bbac68_3756,12252.783255396358
00bbac68_3757,12252.907002288464
00bbac68_3758,12253.052818721704
00bbac68_3759,12253.449800430046
00bbac68_3760,12251.190606372264
00bbac68_3761,12251.741597269967
00bbac68_3762,12252.156647169953
00bbac68_3763,12254.590035655036
00bbac68_3764,12254.104957988411
00bbac68_3765,12253.44848037268
00bbac68_3766,12251.057754629948
00bbac68_3767,12248.753584234733
00bbac68_3768,12245.834356420432
00bbac68_3769,12241.334578384478
00bbac68_3770,12225.253940679579
00bbac68_3771,12209.899354223975
00bbac68_3772,12196.893639048016
00bbac68_3773,12197.983959613402
00bbac68_3774,12199.88047434575
00bbac68_3775,12205.462839664056
00bbac68_3776,12218.31844253323
00bbac68_3777,12227.547354841352
00bbac68_3778,12234.491133699537
00bbac68_3779,12231.384647870269
00bbac68_3780,12236.440198398132
00bbac68_3781,12241.644397706872
00bbac68_3782,12249.271757638739
00bbac68_3783,12250.884264788016
00bbac68_3784,12251.479744451497
00bbac68_3785,12249.732722062188
00bbac68_3786,12249.331886048187
00bbac68_3787,12249.824690084946
00bbac68_3788,12250.861628135573
00bbac68_3789,12252.569519528573
00bbac68_3790,12251.561394419748
00bbac68_3791,12249.772643787619
00bbac68_3792,12247.178364408697
00bbac68_3793,12246.203232629816
00bbac68_3794,12248.398514865503
00bbac68_3795,12245.103056323993
00bbac68_3796,12243.963319921682
00bbac68_3797,12239.555180106603
00bbac68_3798,12241.342473101971
00bbac68_3799,12245.143277625646
00bbac68_3800,12250.740209847121
00bbac68_3801,12241.816167158286
00bbac68_3802,12230.165178542227
00bbac68_3803,12210.762394418605
00bbac68_3804,12206.031227956359
00bbac68_3805,12196.385218915313
00bbac68_3806,12196.554208123416
00bbac68_3807,12196.487733220676
00bbac68_3808,12211.149053344197
00bbac68_3809,12224.922650121647
00bbac68_3810,12234.367479667026
00bbac68_3811,12231.927289644904
00bbac68_3812,12229.429746458889
00bbac68_3813,12235.990558321131
00bbac68_3814,12243.670544550178
00bbac68_3815,12247.936819216215
00bbac68_3816,12249.45339576811
00bbac68_3817,12251.043802263792
00bbac68_3818,12252.166188034134
00bbac68_3819,12248.415421509111
00bbac68_3820,12246.6598987416
00bbac68_3821,12245.47166044984
00bbac68_3822,12248.50061324834
00bbac68_3823,12249.45168981298
00bbac68_3824,12252.394126625557
00bbac68_3825,12252.447262873973
00bbac68_3826,12251.709187954024
00bbac68_3827,12251.67352817618
00bbac68_3828,12250.620370356939
00bbac68_3829,12252.557075371054
00bbac68_3830,12249.443677761694
00bbac68_3831,12248.146412950222
00bbac68_3832,12246.505181692168
00bbac68_3833,12245.818481445034
00bbac68_3834,12249.236780094894
00bbac68_3835,12250.980609655928
00bbac68_3836,12254.067050329575
00bbac68_3837,12253.376671635333
00bbac68_3838,12253.486989979721
00bbac68_3839,12256.186254699225
00bbac68_3840,12258.301496134258
00bbac68_3841,12260.008638412988
00bbac68_3842,12259.062729258794
00bbac68_3843,12258.789633338196
00bbac68_3844,12253.064139097209
00bbac68_3845,12253.657286847032
00bbac68_3846,12253.676200426708
00bbac68_3847,12258.428668460123
00bbac68_3848,12257.096960341592
00bbac68_3849,12257.21484355934
00bbac68_3850,12258.05936214803
00bbac68_3851,12259.697317084654
00bbac68_3852,12260.257406083974
00bbac68_3853,12260.2671893988
00bbac68_3854,12260.065184190002
00bbac68_3855,12259.801371011277
00bbac68_3856,12259.201765051592
00bbac68_3857,12257.487462546167
00bbac68_3858,12257.142070958209
00bbac68_3859,12257.073239421758
00bbac68_3860,12259.19077044484
00bbac68_3861,12258.66447907168
00bbac68_3862,12259.281016836301
00bbac68_3863,12258.31316389663
00bbac68_3864,12257.926960783654
00bbac68_3865,12258.05189975359
00bbac68_3866,12259.053239234832
00bbac68_3867,12260.3660572557
00bbac68_3868,12257.586329230291
00bbac68_3869,12250.717790388646
00bbac68_3870,12249.526574389101
00bbac68_3871,12252.076910083562
00bbac68_3872,12258.69659702595
00bbac68_3873,12260.122842883626
00bbac68_3874,12259.695349913798
00bbac68_3875,12259.656289023027
00bbac68_3876,12259.37001785404
00bbac68_3877,12260.119046812562
00bbac68_3878,12259.921057450278
00bbac68_3879,12260.25379114422
00bbac68_3880,12260.106851901466
00bbac68_3881,12260.557403729894
00bbac68_3882,12251.943818133324
00bbac68_3883,12245.764304939956
00bbac68_3884,12239.82120434587
00bbac68_3885,12247.681582868305
00bbac68_3886,12253.376358637877
00bbac68_3887,12259.217971220622
00bbac68_3888,12259.107499505693
00bbac68_3889,12257.712151875525
00bbac68_3890,12256.047856421932
00bbac68_3891,12253.522505978952
00bbac68_3892,12254.32207084341
00bbac68_3893,12255.532369617502
00bbac68_3894,12253.894825461219
00bbac68_3895,12253.83694698534
00bbac68_3896,12249.507590813015
00bbac68_3897,12254.354462367546
00bbac68_3898,12254.471683756006
00bbac68_3899,12255.142162805028
00bbac68_3900,12254.331211333645
00bbac68_3901,12252.334373046579
00bbac68_3902,12256.173381406443
00bbac68_3903,12256.108324712397
00bbac68_3904,12256.689092780429
00bbac68_3905,12255.175266114782
00bbac68_3906,12254.592602477862
00bbac68_3907,12257.268076697095
00bbac68_3908,12259.284718838671
00bbac68_3909,12260.50833469731
00bbac68_3910,12259.424731581646
00bbac68_3911,12259.312697061387
00bbac68_3912,12259.537355797387
00bbac68_3913,12259.790447690577
00bbac68_3914,12258.519638831795
00bbac68_3915,12257.562471957206
00bbac68_3916,12257.047904335164
00bbac68_3917,12258.088312455608
00bbac68_3918,12258.342190735848
00bbac68_3919,12259.48374468166
00bbac68_3920,12259.387144053062
00bbac68_3921,12254.433749880647
00bbac68_3922,12254.45676782282
00bbac68_3923,12254.209984529589
00bbac68_3924,12259.149638631678
00bbac68_3925,12259.23215095774
00bbac68_3926,12258.90388026912
00bbac68_3927,12253.765084398017
00bbac68_3928,12252.73795336905
00bbac68_3929,12252.315464129317
00bbac68_3930,12258.183906412805
00bbac68_3931,12259.060536955965
00bbac68_3932,12260.18355053877
00bbac68_3933,12260.254722417261
00bbac68_3934,12259.835651129959
00bbac68_3935,12251.590780191824
00bbac68_3936,12243.943458589774
00bbac68_3937,12243.571208993219
00bbac68_3938,12248.293293153862
00bbac68_3939,12248.514680796623
00bbac68_3940,12233.629133788025
00bbac68_3941,12218.660212275257
00bbac68_3942,12208.033905888698
00bbac68_3943,12210.415285279048
00bbac68_3944,12221.109614527546
00bbac68_3945,12236.924876907471
00bbac68_3946,12240.702966321347
00bbac68_3947,12239.033729891924
00bbac68_3948,12234.44419929114
00bbac68_3949,12236.8508408574
00bbac68_3950,12243.861659719902
00bbac68_3951,12248.72808670101
00bbac68_3952,12254.337801238296
00bbac68_3953,12255.024240878804
00bbac68_3954,12254.902920767456
00bbac68_3955,12255.234168178518
00bbac68_3956,12255.911965330582
00bbac68_3957,12256.64000047333
00bbac68_3958,12254.019928597903
00bbac68_3959,12253.927058241448
00bbac68_3960,12254.309632482073
00bbac68_3961,12251.560353872317
00bbac68_3962,12250.564789860888
00bbac68_3963,12249.019861288958
00bbac68_3964,12254.256171391795
00bbac68_3965,12255.285298234716
00bbac68_3966,12256.683165099917
00bbac68_3967,12256.955137756167
00bbac68_3968,12253.533960933173
00bbac68_3969,12250.037033212326
00bbac68_3970,12246.53109150522
00bbac68_3971,12246.201984511163
00bbac68_3972,12246.034216325272
00bbac68_3973,12245.004665106748
00bbac68_3974,12244.185570699849
00bbac68_3975,12243.179420991217
00bbac68_3976,12243.02395081285
00bbac68_3977,12242.560203572328
00bbac68_3978,12243.424862843274
00bbac68_3979,12244.303334352016
00bbac68_3980,12245.65557702368
00bbac68_3981,12244.844570713183
00bbac68_3982,12243.901315281555
00bbac68_3983,12243.330017712078
00bbac68_3984,12243.656708770157
00bbac68_3985,12244.079757079073
00bbac68_3986,12243.87837741064
00bbac68_3987,12243.589446769227
00bbac68_3988,12243.181253238714
00bbac68_3989,12243.238538639234
00bbac68_3990,12242.57938707518
00bbac68_3991,12241.394281978957
00bbac68_3992,12237.321945691312
00bbac68_3993,12232.765464005912
00bbac68_3994,12228.428299607294
00bbac68_3995,12230.222632496705
00bbac68_3996,12234.564791821394
00bbac68_3997,12236.698869632413
00bbac68_3998,12235.844416924714
00bbac68_3999,12232.826902224535
00bbac68_4000,12233.855585800366
00bbac68_4001,12237.131758994341
00bbac68_4002,12241.716024118236
00bbac68_4003,12245.321797977262
00bbac68_4004,12246.183862395672
00bbac68_4005,12246.517343525155
00bbac68_4006,12246.439585923727
00bbac68_4007,12246.323933313835
00bbac68_4008,12244.869062646889
00bbac68_4009,12243.253624239629
00bbac68_4010,12242.49228775803
00bbac68_4011,12243.205885678328
00bbac68_4012,12244.539309024747
00bbac68_4013,12244.65898148778
00bbac68_4014,12244.691900508727
00bbac68_4015,12244.348358236173
00bbac68_4016,12244.524599395214
00bbac68_4017,12244.498025562256
00bbac68_4018,12244.346796701546
00bbac68_4019,12244.623717852837
00bbac68_4020,12244.682655395229
00bbac68_4021,12244.864047989271
00bbac68_4022,12244.946153372826
00bbac68_4023,12245.270634672399
00bbac68_4024,12244.840403720167
00bbac68_4025,12244.05246358935
00bbac68_4026,12243.429128012247
00bbac68_4027,12243.142399906783
00bbac68_4028,12244.172702942582
00bbac68_4029,12243.638872202491
00bbac68_4030,12243.409033892096
00bbac68_4031,12241.862736139365
00bbac68_4032,12241.79540992756
00bbac68_4033,12241.788318871972
00bbac68_4034,12242.11674950149
00bbac68_4035,12243.058669563301
00bbac68_4036,12243.833265527443
00bbac68_4037,12244.706339446491
00bbac68_4038,12245.01324865532
00bbac68_4039,12244.566706803822
00bbac68_4040,12242.117637777725
00bbac68_4041,12240.32450130642
00bbac68_4042,12239.711345850694
00bbac68_4043,12242.907880996281
00bbac68_4044,12242.621566305286
00bbac68_4045,12240.66889687811
00bbac68_4046,12236.338689618104
00bbac68_4047,12235.446226646627
00bbac68_4048,12234.294488881786
00bbac68_4049,12232.152894667595
00bbac68_4050,12231.087316826815
00bbac68_4051,12233.35338119215
00bbac68_4052,12236.638982075596
00bbac68_4053,12238.057564837334
00bbac68_4054,12237.292729278866
00bbac68_4055,12236.354857125067
00bbac68_4056,12238.540149981076
00bbac68_4057,12240.63864337714
00bbac68_4058,12243.71715783117
00bbac68_4059,12243.877395981946
00bbac68_4060,12243.92725291534
00bbac68_4061,12241.410527626062
00bbac68_4062,12239.306532218232
00bbac68_4063,12239.641192815492
00bbac68_4064,12242.214329330003
00bbac68_4065,12244.984472490272
00bbac68_4066,12245.166492356038
00bbac68_4067,12245.139717859087
00bbac68_4068,12244.631926757773
00bbac68_4069,12244.597058102503
00bbac68_4070,12244.308679147369
00bbac68_4071,12243.956485710156
00bbac68_4072,12244.15494898485
00bbac68_4073,12244.183836397626
00bbac68_4074,12244.23986222419
00bbac68_4075,12244.335778905332
00bbac68_4076,12244.548176277678
00bbac68_4077,12244.354958312217
00bbac68_4078,12244.160162679009
00bbac68_4079,12242.872059928273
00bbac68_4080,12242.43301956643
00bbac68_4081,12239.645940060247
00bbac68_4082,12240.578137457494
00bbac68_4083,12243.88034624883
00bbac68_4084,12246.540401057655
00bbac68_4085,12245.571931680015
00bbac68_4086,12242.560263079153
00bbac68_4087,12243.22477619831
00bbac68_4088,12247.796095388801
00bbac68_4089,12251.930137657482
00bbac68_4090,12255.49357188929
00bbac68_4091,12256.347546673234
00bbac68_4092,12256.24426907348
00bbac68_4093,12256.218824789239
00bbac68_4094,12255.92235000906
00bbac68_4095,12254.731870513955
00bbac68_4096,12255.020801244485
00bbac68_4097,12254.115628236023
00bbac68_4098,12255.491284139714
00bbac68_4099,12255.184985060487
00bbac68_4100,12255.534356633447
00bbac68_4101,12255.602034267251
00bbac68_4102,12254.716113589311
00bbac68_4103,12255.353188983026
00bbac68_4104,12255.083340722398
00bbac68_4105,12255.426382222957
00bbac68_4106,12254.87438846224
00bbac68_4107,12253.199457697017
00bbac68_4108,12247.846694683423
00bbac68_4109,12247.84545458474
00bbac68_4110,12249.833992230875
00bbac68_4111,12255.504037939476
00bbac68_4112,12255.7390836945
00bbac68_4113,12255.240371320217
00bbac68_4114,12255.057414984372
00bbac68_4115,12255.036862244815
00bbac68_4116,12254.73513450512
00bbac68_4117,12254.344689856145
00bbac68_4118,12254.449494709223
00bbac68_4119,12254.933759497255
00bbac68_4120,12254.166041086259
00bbac68_4121,12253.970674825252
00bbac68_4122,12253.90662736025
00bbac68_4123,12255.435385757039
00bbac68_4124,12255.433649153461
00bbac68_4125,12256.028963529983
00bbac68_4126,12256.346056780967
00bbac68_4127,12256.881614207805
00bbac68_4128,12256.517707606288
00bbac68_4129,12256.184248855672
00bbac68_4130,12256.064344888757
00bbac68_4131,12255.338789298252
00bbac68_4132,12254.71763448971
00bbac68_4133,12254.81591060204
00bbac68_4134,12255.821164135456
00bbac68_4135,12256.71582849262
00bbac68_4136,12256.453925224174
00bbac68_4137,12250.198266849553
00bbac68_4138,12250.610798457992
00bbac68_4139,12249.857116324367
00bbac68_4140,12254.842286486411
00bbac68_4141,12252.922802997673
00bbac68_4142,12253.047763638444
00bbac68_4143,12247.671678069486
00bbac68_4144,12247.058411134183
00bbac68_4145,12246.891692749772
00bbac68_4146,12253.341279067572
00bbac68_4147,12255.177189636757
00bbac68_4148,12256.245127688186
00bbac68_4149,12256.389116779274
00bbac68_4150,12256.416606497529
00bbac68_4151,12256.222298874634
00bbac68_4152,12256.266598022572
00bbac68_4153,12256.430351793897
00bbac68_4154,12256.596486386079
00bbac68_4155,12255.559544773663
00bbac68_4156,12252.102313456
00bbac68_4157,12248.843339912577
00bbac68_4158,12249.278353468786
00bbac68_4159,12252.381645115505
00bbac68_4160,12255.67270556954
00bbac68_4161,12256.26150177574
00bbac68_4162,12255.92348262169
00bbac68_4163,12255.611047808401
00bbac68_4164,12255.43562129196
00bbac68_4165,12253.974606901606
00bbac68_4166,12252.165331745528
00bbac68_4167,12250.226205986226
00bbac68_4168,12250.332123164988
00bbac68_4169,12250.537571918516
00bbac68_4170,12251.400407700095
00bbac68_4171,12251.899409040949
00bbac68_4172,12252.274005005815
00bbac68_4173,12251.742773847034
00bbac68_4174,12251.396930964045
00bbac68_4175,12251.379577024054
00bbac68_4176,12250.706942330871
00bbac68_4177,12250.286917765581
00bbac68_4178,12248.655896378192
00bbac68_4179,12248.326005556484
00bbac68_4180,12245.944588043354
00bbac68_4181,12243.59153780679
00bbac68_4182,12240.056834717701
00bbac68_4183,12238.933975819755
00bbac68_4184,12238.55313338417
00bbac68_4185,12238.101475685567
00bbac68_4186,12238.780886843151
00bbac68_4187,12239.58097914826
00bbac68_4188,12240.65584115538
00bbac68_4189,12239.996498544817
00bbac68_4190,12239.445872241971
00bbac68_4191,12242.097626712066
00bbac68_4192,12244.859881115503
00bbac68_4193,12247.499211011163
00bbac68_4194,12247.37701151554
00bbac68_4195,12247.473205852659
00bbac68_4196,12247.712892780219
00bbac68_4197,12248.118854738364
00bbac68_4198,12248.026890214553
00bbac68_4199,12247.65724942417
00bbac68_4200,12246.765791171603
00bbac68_4201,12247.407903883328
00bbac68_4202,12247.701477595487
00bbac68_4203,12249.062621680127
00bbac68_4204,12248.706675982003
00bbac68_4205,12248.22542254632
00bbac68_4206,12247.254653883756
00bbac68_4207,12246.747278467381
00bbac68_4208,12247.263372866037
00bbac68_4209,12248.7273945641
00bbac68_4210,12244.392452462751
00bbac68_4211,12233.281237824332
00bbac68_4212,12218.995448494583
00bbac68_4213,12208.2636900397
00bbac68_4214,12203.026935162698
00bbac68_4215,12201.218712198484
00bbac68_4216,12208.540457525078
00bbac68_4217,12222.507057137502
00bbac68_4218,12231.619711632316
00bbac68_4219,12232.771528326988
00bbac68_4220,12228.029543233504
00bbac68_4221,12228.86561784445
00bbac68_4222,12234.995622509094
00bbac68_4223,12241.515372011045
00bbac68_4224,12245.475168943163
00bbac68_4225,12245.692531939005
00bbac68_4226,12245.399502814616
00bbac68_4227,12244.853783447781
00bbac68_4228,12244.687104673721
00bbac68_4229,12244.508864490148
00bbac68_4230,12244.940081220702
00bbac68_4231,12244.13959795692
00bbac68_4232,12241.636206702138
00bbac68_4233,12242.14509214102
00bbac68_4234,12240.289930459412
00bbac68_4235,12243.913311808012
00bbac68_4236,12245.17453394489
00bbac68_4237,12248.37223648848
00bbac68_4238,12248.48496083623
00bbac68_4239,12249.08338002084
00bbac68_4240,12250.571190099248
00bbac68_4241,12251.833238877998
00bbac68_4242,12252.232874997402
00bbac68_4243,12251.82101277591
00bbac68_4244,12251.742187441725
00bbac68_4245,12251.210707348335
00bbac68_4246,12251.258164651446
00bbac68_4247,12251.009237375489
00bbac68_4248,12251.11512524931
00bbac68_4249,12250.574912907907
00bbac68_4250,12249.07485787246
00bbac68_4251,12250.177169011275
00bbac68_4252,12252.04197812989
00bbac68_4253,12253.61318744997
00bbac68_4254,12251.326947235473
00bbac68_4255,12250.316089093583
00bbac68_4256,12247.09300566749
00bbac68_4257,12245.071790569762
00bbac68_4258,12243.035576374235
00bbac68_4259,12244.52808063446
00bbac68_4260,12247.225971041442
00bbac68_4261,12248.808512895428
00bbac68_4262,12250.032809048536
00bbac68_4263,12250.587353848607
00bbac68_4264,12247.991074282138
00bbac68_4265,12246.352458477753
00bbac68_4266,12245.845810700344
00bbac68_4267,12250.640012395705
00bbac68_4268,12254.82857311802
00bbac68_4269,12256.168188628328
00bbac68_4270,12255.896517256146
00bbac68_4271,12255.377168072837
00bbac68_4272,12256.44968677447
00bbac68_4273,12256.452631190981
00bbac68_4274,12251.189708783904
00bbac68_4275,12250.853484388354
00bbac68_4276,12250.573568055313
00bbac68_4277,12256.040404974396
00bbac68_4278,12254.322074569718
00bbac68_4279,12252.065171648863
00bbac68_4280,12246.862407019833
00bbac68_4281,12246.23159261127
00bbac68_4282,12247.953705685579
00bbac68_4283,12251.499004090803
00bbac68_4284,12252.78628421348
00bbac68_4285,12254.088613563878
00bbac68_4286,12256.373423619129
00bbac68_4287,12258.336991610093
00bbac68_4288,12256.553057789577
00bbac68_4289,12253.315526531534
00bbac68_4290,12251.056953252424
00bbac68_4291,12251.124006941294
00bbac68_4292,12252.604822221527
00bbac68_4293,12252.648570382438
00bbac68_4294,12251.388857042228
00bbac68_4295,12252.92188497621
00bbac68_4296,12255.225997473046
00bbac68_4297,12258.601243365594
00bbac68_4298,12258.828023857344
00bbac68_4299,12258.178582948121
00bbac68_4300,12258.029517042492
00bbac68_4301,12258.146055212817
00bbac68_4302,12256.823046364638
00bbac68_4303,12252.40058384698
00bbac68_4304,12248.022499035991
00bbac68_4305,12246.023061148162
00bbac68_4306,12243.185302215015
00bbac68_4307,12241.812704372418
00bbac68_4308,12241.325665624041
00bbac68_4309,12243.979428676446
00bbac68_4310,12245.090590369784
00bbac68_4311,12244.846438209452
00bbac68_4312,12244.969174078886
00bbac68_4313,12244.947709260357
00bbac68_4314,12243.723884219864
00bbac68_4315,12243.701082197704
00bbac68_4316,12244.899447608374
00bbac68_4317,12248.46710147427
00bbac68_4318,12253.413925779872
00bbac68_4319,12256.58793310093
00bbac68_4320,12258.16487668613
00bbac68_4321,12256.863602894073
00bbac68_4322,12252.480665828218
00bbac68_4323,12251.139117860735
00bbac68_4324,12250.042508521443
00bbac68_4325,12252.518973716069
00bbac68_4326,12250.612261313172
00bbac68_4327,12248.351681090542
00bbac68_4328,12248.13660735669
00bbac68_4329,12249.709689278441
00bbac68_4330,12251.730992957726
00bbac68_4331,12251.842520419721
00bbac68_4332,12251.265284394767
00bbac68_4333,12251.992012824378
00bbac68_4334,12251.578436794594
00bbac68_4335,12252.408727207177
00bbac68_4336,12251.817312773504
00bbac68_4337,12252.489643478024
00bbac68_4338,12252.99337901583
00bbac68_4339,12253.163154414207
00bbac68_4340,12251.936756175026
00bbac68_4341,12251.882621294475
00bbac68_4342,12250.757048732718
00bbac68_4343,12249.468778290631
00bbac68_4344,12248.492751754397
00bbac68_4345,12249.944463852698
00bbac68_4346,12248.572762919675
00bbac68_4347,12244.242946955617
00bbac68_4348,12239.923830788079
00bbac68_4349,12238.39736174579
00bbac68_4350,12238.467862666323
00bbac68_4351,12236.908571364556
00bbac68_4352,12241.088166491676
00bbac68_4353,12241.724276432833
00bbac68_4354,12243.422831603593
00bbac68_4355,12241.638213396976
00bbac68_4356,12243.885241214857
00bbac68_4357,12248.096550759607
00bbac68_4358,12250.904744488822
00bbac68_4359,12253.074671529197
00bbac68_4360,12253.002038534954
00bbac68_4361,12253.68806355879
00bbac68_4362,12252.86577617444
00bbac68_4363,12252.93158768223
00bbac68_4364,12252.280569258059
00bbac68_4365,12253.142806754482
00bbac68_4366,12252.885968757395
00bbac68_4367,12253.102699474965
00bbac68_4368,12249.796557822432
00bbac68_4369,12248.39218738257
00bbac68_4370,12246.239071266144
00bbac68_4371,12249.302701256498
00bbac68_4372,12248.788486065614
00bbac68_4373,12250.956624313403
00bbac68_4374,12248.603922337772
00bbac68_4375,12245.048824369309
00bbac68_4376,12241.513515738954
00bbac68_4377,12240.775069609392
00bbac68_4378,12242.124679897313
00bbac68_4379,12243.395149485035
00bbac68_4380,12242.688525615567
00bbac68_4381,12244.649228510438
00bbac68_4382,12243.25873658398
00bbac68_4383,12241.76324121623
00bbac68_4384,12239.496885692011
00bbac68_4385,12243.01677421112
00bbac68_4386,12247.066019813736
00bbac68_4387,12253.059392384226
00bbac68_4388,12254.676087032174
00bbac68_4389,12257.837155080728
00bbac68_4390,12258.555997006284
00bbac68_4391,12258.376725848108
00bbac68_4392,12257.660960112984
00bbac68_4393,12256.459808854013
00bbac68_4394,12256.87577076316
00bbac68_4395,12257.133469327493
00bbac68_4396,12258.046375051694
00bbac68_4397,12258.39960784415
00bbac68_4398,12258.709527182384
00bbac68_4399,12257.368121838825
00bbac68_4400,12252.833919506054
00bbac68_4401,12250.975024109013
00bbac68_4402,12250.123971713356
00bbac68_4403,12252.742944511008
00bbac68_4404,12255.35672749139
00bbac68_4405,12257.005668665906
00bbac68_4406,12258.118892497487
00bbac68_4407,12256.163290034607
00bbac68_4408,12256.782377279445
00bbac68_4409,12255.549490275846
00bbac68_4410,12256.277606993803
00bbac68_4411,12256.131447897928
00bbac68_4412,12258.622526602652
00bbac68_4413,12259.827933273957
00bbac68_4414,12261.412719320337
00bbac68_4415,12262.248476202089
00bbac68_4416,12263.226046829464
00bbac68_4417,12263.027504051717
00bbac68_4418,12262.936984596672
00bbac68_4419,12263.076479637382
00bbac68_4420,12263.065517165605
00bbac68_4421,12263.23586479944
00bbac68_4422,12262.224333869844
00bbac68_4423,12262.102514020584
00bbac68_4424,12261.039379109838
00bbac68_4425,12261.9907039002
00bbac68_4426,12260.677805992547
00bbac68_4427,12260.30138808948
00bbac68_4428,12260.297285857769
00bbac68_4429,12260.899007047206
00bbac68_4430,12260.627896405407
00bbac68_4431,12259.300633073848
00bbac68_4432,12258.852146269057
00bbac68_4433,12258.316578824182
00bbac68_4434,12256.453895143413
00bbac68_4435,12254.777002915629
00bbac68_4436,12250.987325826667
00bbac68_4437,12250.00640698256
00bbac68_4438,12248.965266331385
00bbac68_4439,12251.95972352018
00bbac68_4440,12253.554179301236
00bbac68_4441,12255.143028358105
00bbac68_4442,12255.792472960318
00bbac68_4443,12256.437564126805
00bbac68_4444,12257.099539857658
00bbac68_4445,12258.282006171241
00bbac68_4446,12259.296875239268
00bbac68_4447,12259.909799321538
00bbac68_4448,12260.247940796538
00bbac68_4449,12260.45042545998
00bbac68_4450,12261.21202080709
00bbac68_4451,12261.013841191249
00bbac68_4452,12259.520426465011
00bbac68_4453,12259.234112092034
00bbac68_4454,12259.100166892953
00bbac68_4455,12258.825036877222
00bbac68_4456,12259.1625989308
00bbac68_4457,12259.021424068793
00bbac68_4458,12260.506455985165
00bbac68_4459,12260.704934106276
00bbac68_4460,12262.04116838617
00bbac68_4461,12263.157100395225
00bbac68_4462,12263.86396336632
00bbac68_4463,12262.72583053574
00bbac68_4464,12263.056705610348
00bbac68_4465,12263.030006144836
00bbac68_4466,12263.949551896518
00bbac68_4467,12263.181589324258
00bbac68_4468,12262.363535073462
00bbac68_4469,12261.7685961587
00bbac68_4470,12261.616271040462
00bbac68_4471,12261.11871221393
00bbac68_4472,12262.105959696171
00bbac68_4473,12262.500314092422
00bbac68_4474,12263.755122737499
00bbac68_4475,12263.480573218962
00bbac68_4476,12261.736266573129
00bbac68_4477,12259.767037729005
00bbac68_4478,12257.042404247135
00bbac68_4479,12254.630128853025
00bbac68_4480,12252.845030100894
00bbac68_4481,12251.395750753984
00bbac68_4482,12252.253675613114
00bbac68_4483,12252.141510321402
00bbac68_4484,12253.066682200197
00bbac68_4485,12251.620282397182
00bbac68_4486,12247.19928878582
00bbac68_4487,12244.522551027723
00bbac68_4488,12245.57415309896
00bbac68_4489,12248.50119662311
00bbac68_4490,12249.071720416132
00bbac68_4491,12250.619451732355
00bbac68_4492,12253.986445175191
00bbac68_4493,12258.064173567842
00bbac68_4494,12257.417635701479
00bbac68_4495,12257.6714726223
00bbac68_4496,12257.625011384327
00bbac68_4497,12259.657468949648
00bbac68_4498,12258.8959376507
00bbac68_4499,12258.710864641778
00bbac68_4500,12258.110639800589
00bbac68_4501,12258.778321402782
00bbac68_4502,12258.593129273786
00bbac68_4503,12258.289756148479
00bbac68_4504,12256.84562675345
00bbac68_4505,12257.216005330285
00bbac68_4506,12256.706962232778
00bbac68_4507,12258.274354196707
00bbac68_4508,12258.081666486623
00bbac68_4509,12258.249041083312
00bbac68_4510,12257.264421697755
00bbac68_4511,12256.583010073367
00bbac68_4512,12256.476362107496
00bbac68_4513,12256.776575704615
00bbac68_4514,12256.832066655405
00bbac68_4515,12256.687849462754
00bbac68_4516,12257.008266028868
00bbac68_4517,12257.79311880999
00bbac68_4518,12256.618143961343
00bbac68_4519,12254.988007168342
00bbac68_4520,12255.229236612302
00bbac68_4521,12256.924954549977
00bbac68_4522,12260.23026612457
00bbac68_4523,12261.311124620379
00bbac68_4524,12262.559181674727
00bbac68_4525,12261.925194300667
00bbac68_4526,12261.509429940228
00bbac68_4527,12261.570141739701
00bbac68_4528,12261.899591159214
00bbac68_4529,12259.150167254962
00bbac68_4530,12255.963909326902
00bbac68_4531,12253.167172886644
00bbac68_4532,12253.62465725508
00bbac68_4533,12254.839885615167
00bbac68_4534,12255.17435623341
00bbac68_4535,12254.02355322919
00bbac68_4536,12253.389293947146
00bbac68_4537,12252.966816496497
00bbac68_4538,12253.671525823034
00bbac68_4539,12253.097574391186
00bbac68_4540,12253.308382976427
00bbac68_4541,12251.294528010947
00bbac68_4542,12250.219976925402
00bbac68_4543,12247.687974766459
00bbac68_4544,12249.228017541032
00bbac68_4545,12250.256324849492
00bbac68_4546,12252.680800161235
00bbac68_4547,12253.527222031742
00bbac68_4548,12252.618444170736
00bbac68_4549,12249.824488714383
00bbac68_4550,12241.03405231544
00bbac68_4551,12240.155439652925
00bbac68_4552,12240.981696762436
00bbac68_4553,12246.609169272635
00bbac68_4554,12241.466753545894
00bbac68_4555,12241.19592501268
00bbac68_4556,12243.377741448532
00bbac68_4557,12250.306823236591
00bbac68_4558,12252.631006721058
00bbac68_4559,12252.252603425077
00bbac68_4560,12252.0709519159
00bbac68_4561,12242.365058693818
00bbac68_4562,12238.971905794691
00bbac68_4563,12236.317549995787
00bbac68_4564,12243.603739985556
00bbac68_4565,12246.005820576118
00bbac68_4566,12247.339077389339
00bbac68_4567,12247.195676698977
00bbac68_4568,12246.782958836253
00bbac68_4569,12246.75651851906
00bbac68_4570,12246.741079383062
00bbac68_4571,12246.99474634391
00bbac68_4572,12246.90810135722
00bbac68_4573,12247.258569526699
00bbac68_4574,12247.471997886372
00bbac68_4575,12247.404396025202
00bbac68_4576,12247.162094179517
00bbac68_4577,12241.803816993795
00bbac68_4578,12241.651759464252
00bbac68_4579,12236.020235223295
00bbac68_4580,12233.937686965619
00bbac68_4581,12232.902789421509
00bbac68_4582,12237.370503789136
00bbac68_4583,12242.849209899921
00bbac68_4584,12243.63436605629
00bbac68_4585,12244.85090670749
00bbac68_4586,12246.308322518847
00bbac68_4587,12246.609981951426
00bbac68_4588,12244.708759341263
00bbac68_4589,12237.739820248004
00bbac68_4590,12230.783243702645
00bbac68_4591,12228.957030208534
00bbac68_4592,12228.664826160553
00bbac68_4593,12222.652451842556
00bbac68_4594,12214.351154535281
00bbac68_4595,12212.859556037112
00bbac68_4596,12217.930563296002
00bbac68_4597,12226.533849459762
00bbac68_4598,12231.182031500844
00bbac68_4599,12225.475297863231
00bbac68_4600,12218.45535808285
00bbac68_4601,12215.315624518771
00bbac68_4602,12228.86629168584
00bbac68_4603,12239.809098155436
00bbac68_4604,12246.117357808369
00bbac68_4605,12241.060412834266
00bbac68_4606,12240.445193838847
00bbac68_4607,12241.850263588307
00bbac68_4608,12246.196519228115
00bbac68_4609,12246.732801263586
00bbac68_4610,12247.283354860147
00bbac68_4611,12247.253863483516
00bbac68_4612,12243.248329628745
00bbac68_4613,12242.098048802183
00bbac68_4614,12242.876557316305
00bbac68_4615,12246.498492688386
00bbac68_4616,12246.80098433578
00bbac68_4617,12246.485985269892
00bbac68_4618,12246.89009100861
00bbac68_4619,12246.878194990364
00bbac68_4620,12248.108401832878
00bbac68_4621,12247.022771366786
00bbac68_4622,12247.744599334064
00bbac68_4623,12247.34902587635
00bbac68_4624,12248.414427384094
00bbac68_4625,12248.275338991734
00bbac68_4626,12248.506176525583
00bbac68_4627,12248.138529815895
00bbac68_4628,12248.44603909723
00bbac68_4629,12248.631086128977
00bbac68_4630,12248.692992943821
00bbac68_4631,12248.243064030261
00bbac68_4632,12246.149986510989
00bbac68_4633,12246.33914043736
00bbac68_4634,12240.442059789893
00bbac68_4635,12239.198238257735
00bbac68_4636,12239.539482571729
00bbac68_4637,12245.29402612558
00bbac68_4638,12248.174784293362
00bbac68_4639,12248.406946705198
00bbac68_4640,12249.106705053257
00bbac68_4641,12247.965987692029
00bbac68_4642,12247.1629347926
00bbac68_4643,12243.429407257578
00bbac68_4644,12243.164728010102
00bbac68_4645,12242.7858161623
00bbac68_4646,12245.151548638038
00bbac68_4647,12246.079116830684
00bbac68_4648,12240.51209931
00bbac68_4649,12240.432499153816
00bbac68_4650,12240.28714441228
00bbac68_4651,12245.809333482963
00bbac68_4652,12241.684468097097
00bbac68_4653,12236.74739486411
00bbac68_4654,12232.81006757181
00bbac68_4655,12234.962209581361
00bbac68_4656,12239.653267948852
00bbac68_4657,12243.782028079831
00bbac68_4658,12247.049862768894
00bbac68_4659,12247.137782046319
00bbac68_4660,12247.530357653915
00bbac68_4661,12246.406358402148
00bbac68_4662,12247.167231130516
00bbac68_4663,12241.590416096864
00bbac68_4664,12236.725737847455
00bbac68_4665,12235.680519016134
00bbac68_4666,12238.480105152377
00bbac68_4667,12240.637768641078
00bbac68_4668,12239.40576713188
00bbac68_4669,12237.57874683351
00bbac68_4670,12236.135458309358
00bbac68_4671,12235.36631192401
00bbac68_4672,12233.900742341904
00bbac68_4673,12238.866429455951
00bbac68_4674,12241.807178388653
00bbac68_4675,12242.113051367995
00bbac68_4676,12241.242866661603
00bbac68_4677,12240.368314963713
00bbac68_4678,12245.90863370216
00bbac68_4679,12246.637211695104
00bbac68_4680,12247.370551152262
00bbac68_4681,12247.107385580981
00bbac68_4682,12246.847365083006
00bbac68_4683,12246.279332285558
00bbac68_4684,12246.545569329091
00bbac68_4685,12245.319754355218
00bbac68_4686,12243.608411948719
00bbac68_4687,12243.382268870286
00bbac68_4688,12244.310457832871
00bbac68_4689,12247.249125621262
00bbac68_4690,12247.952301994685
00bbac68_4691,12245.82325516256
00bbac68_4692,12244.49986732727
00bbac68_4693,12243.964948760406
00bbac68_4694,12246.422638195543
00bbac68_4695,12246.734090235912
00bbac68_4696,12246.547873880918
00bbac68_4697,12246.479365127574
00bbac68_4698,12243.889974856582
00bbac68_4699,12244.076141609401
00bbac68_4700,12241.331410023677
00bbac68_4701,12239.012159314427
00bbac68_4702,12233.858070975579
00bbac68_4703,12236.57790021755
00bbac68_4704,12242.138196740669
00bbac68_4705,12247.505892332118
00bbac68_4706,12248.245248419893
00bbac68_4707,12248.379869098031
00bbac68_4708,12248.611513591633
00bbac68_4709,12247.176676812494
00bbac68_4710,12247.145617029935
00bbac68_4711,12242.585400795751
00bbac68_4712,12242.023410298627
00bbac68_4713,12240.1475717273
00bbac68_4714,12241.982179212071
00bbac68_4715,12239.774999680192
00bbac68_4716,12237.37275262895
00bbac68_4717,12237.320918485957
00bbac68_4718,12238.613697073406
00bbac68_4719,12240.12037402536
00bbac68_4720,12240.261017894767
00bbac68_4721,12239.929405562441
00bbac68_4722,12239.724196283098
00bbac68_4723,12239.661459793946
00bbac68_4724,12239.102838922132
00bbac68_4725,12234.136693199302
00bbac68_4726,12228.332977859076
00bbac68_4727,12229.13241823703
00bbac68_4728,12229.355956701524
00bbac68_4729,12232.34386920309
00bbac68_4730,12231.758133412904
00bbac68_4731,12231.756807963973
00bbac68_4732,12226.543942955048
00bbac68_4733,12217.285340444776
00bbac68_4734,12212.847615776578
00bbac68_4735,12212.298128991184
00bbac68_4736,12214.65046921899
00bbac68_4737,12220.10539377529
00bbac68_4738,12218.858473022161
00bbac68_4739,12216.098976002342
00bbac68_4740,12211.504950891695
00bbac68_4741,12217.408077772534
00bbac68_4742,12226.750018315737
00bbac68_4743,12234.441486027079
00bbac68_4744,12237.653646626683
00bbac68_4745,12237.486601136412
00bbac68_4746,12236.951544204921
00bbac68_4747,12236.95381257043
00bbac68_4748,12236.028106956095
00bbac68_4749,12235.833428934862
00bbac68_4750,12233.954246239917
00bbac68_4751,12233.599487484526
00bbac68_4752,12233.959045154037
00bbac68_4753,12233.95181556274
00bbac68_4754,12234.816567100468
00bbac68_4755,12235.209473444202
00bbac68_4756,12237.529544459549
00bbac68_4757,12237.814554139472
00bbac68_4758,12238.091004009902
00bbac68_4759,12232.369023329331
00bbac68_4760,12232.992191444799
00bbac68_4761,12232.721396648662
00bbac68_4762,12238.440285548262
00bbac68_4763,12238.584183985096
00bbac68_4764,12238.525236046531
00bbac68_4765,12238.606148704775
00bbac68_4766,12234.896409060117
00bbac68_4767,12235.54944255618
00bbac68_4768,12235.439131052328
00bbac68_4769,12238.383203135258
00bbac68_4770,12237.968808758093
00bbac68_4771,12236.33655571339
00bbac68_4772,12237.342361773595
00bbac68_4773,12234.228984290132
00bbac68_4774,12233.821261510539
00bbac68_4775,12233.549562745664
00bbac68_4776,12234.040498921211
00bbac68_4777,12236.077751504972
00bbac68_4778,12235.706477311995
00bbac68_4779,12237.8965299119
00bbac68_4780,12237.272347692955
00bbac68_4781,12235.221095813768
00bbac68_4782,12234.086043143412
00bbac68_4783,12234.879629659374
00bbac68_4784,12237.05124826792
00bbac68_4785,12231.11296173564
00bbac68_4786,12229.528036423275
00bbac68_4787,12228.109527762537
00bbac68_4788,12232.511570401775
00bbac68_4789,12232.72279736313
00bbac68_4790,12231.316726461975
00bbac68_4791,12232.592276498899
00bbac68_4792,12231.155991507587
00bbac68_4793,12229.879730291452
00bbac68_4794,12231.212147353332
00bbac68_4795,12233.734006591976
00bbac68_4796,12237.99124882266
00bbac68_4797,12238.256261328765
00bbac68_4798,12234.182191847009
00bbac68_4799,12232.435992544044
00bbac68_4800,12228.766584628864
00bbac68_4801,12229.621067800412
00bbac68_4802,12226.598205423112
00bbac68_4803,12228.231229172263
00bbac68_4804,12220.989521097794
00bbac68_4805,12220.74355109797
00bbac68_4806,12216.242902303527
00bbac68_4807,12224.18450814632
00bbac68_4808,12222.742691636071
00bbac68_4809,12228.938031788037
00bbac68_4810,12229.708466681384
00bbac68_4811,12228.701119491418
00bbac68_4812,12222.952940040976
00bbac68_4813,12221.126190064164
00bbac68_4814,12220.25103836008
00bbac68_4815,12217.08795806142
00bbac68_4816,12206.44597138297
00bbac68_4817,12203.310269380563
00bbac68_4818,12200.241341482242
00bbac68_4819,12204.051132928174
00bbac68_4820,12210.2818427527
00bbac68_4821,12219.047501042425
00bbac68_4822,12225.990507152112
00bbac68_4823,12227.790690213273
00bbac68_4824,12224.783904187849
00bbac68_4825,12228.478638689014
00bbac68_4826,12232.294405902554
00bbac68_4827,12239.311861029795
00bbac68_4828,12239.417066028751
00bbac68_4829,12239.35915979449
00bbac68_4830,12238.925795050456
00bbac68_4831,12238.714519559382
00bbac68_4832,12238.648337052402
00bbac68_4833,12239.123465628743
00bbac68_4834,12239.039120111587
00bbac68_4835,12239.101624489109
00bbac68_4836,12239.049433397397
00bbac68_4837,12239.104224682373
00bbac68_4838,12238.886365742053
00bbac68_4839,12238.848338779992
00bbac68_4840,12238.849305142436
00bbac68_4841,12239.13128535734
00bbac68_4842,12239.309098905576
00bbac68_4843,12239.344960961054
00bbac68_4844,12239.24920687156
00bbac68_4845,12239.11586497339
00bbac68_4846,12239.02474522416
00bbac68_4847,12238.908029469081
00bbac68_4848,12238.898394216443
00bbac68_4849,12238.353459373016
00bbac68_4850,12238.28596615055
00bbac68_4851,12238.951652341255
00bbac68_4852,12239.546510368638
00bbac68_4853,12239.71124539026
00bbac68_4854,12239.046933596508
00bbac68_4855,12237.016339831382
00bbac68_4856,12236.901556326377
00bbac68_4857,12237.030978432878
00bbac68_4858,12238.276245024326
00bbac68_4859,12237.975220508657
00bbac68_4860,12237.907037341349
00bbac68_4861,12238.707327308895
00bbac68_4862,12238.26354631678
00bbac68_4863,12238.146909136196
00bbac68_4864,12238.028137788036
00bbac68_4865,12238.07889101236
00bbac68_4866,12238.195766761526
00bbac68_4867,12238.177154199924
00bbac68_4868,12238.867089381403
00bbac68_4869,12238.7903279975
00bbac68_4870,12238.24029655858
00bbac68_4871,12235.47042141868
00bbac68_4872,12233.585351975931
00bbac68_4873,12232.199241877906
00bbac68_4874,12232.500306927446
00bbac68_4875,12232.322251785254
00bbac68_4876,12232.757384858762
00bbac68_4877,12232.625469862265
00bbac68_4878,12234.248886898255
00bbac68_4879,12236.024092139598
00bbac68_4880,12238.627420744526
00bbac68_4881,12238.854611902027
00bbac68_4882,12238.659303879867
00bbac68_4883,12238.919503180163
00bbac68_4884,12239.06525776682
00bbac68_4885,12239.340117239475
00bbac68_4886,12239.106118047554
00bbac68_4887,12238.132659374243
00bbac68_4888,12236.662283817554
00bbac68_4889,12236.119923359794
00bbac68_4890,12237.018837259884
00bbac68_4891,12235.110278901919
00bbac68_4892,12233.292537998916
00bbac68_4893,12230.90317590639
00bbac68_4894,12234.175761216618
00bbac68_4895,12236.366930440388
00bbac68_4896,12238.85692213799
00bbac68_4897,12233.43779511727
00bbac68_4898,12227.594060568308
00bbac68_4899,12222.284077636037
00bbac68_4900,12225.05840384165
00bbac68_4901,12229.705493216932
00bbac68_4902,12233.55240104929
00bbac68_4903,12235.365885036254
00bbac68_4904,12233.880064662508
00bbac68_4905,12235.790436354151
00bbac68_4906,12236.947761625603
00bbac68_4907,12239.268916121722
00bbac68_4908,12238.166237964559
00bbac68_4909,12231.952677581246
00bbac68_4910,12224.620188812858
00bbac68_4911,12219.593513972075
00bbac68_4912,12222.0043231554
00bbac68_4913,12225.779893797566
00bbac68_4914,12225.698435946497
00bbac68_4915,12223.947108106222
00bbac68_4916,12226.131355623826
00bbac68_4917,12227.472813593167
00bbac68_4918,12232.63034302427
00bbac68_4919,12233.511915420351
00bbac68_4920,12237.535693421805
00bbac68_4921,12236.907250236065
00bbac68_4922,12232.252830706339
00bbac68_4923,12230.880509079429
00bbac68_4924,12231.83131088441
00bbac68_4925,12233.767201628953
00bbac68_4926,12234.051082736967
00bbac68_4927,12229.854346033799
00bbac68_4928,12230.326736527546
00bbac68_4929,12220.649303959459
00bbac68_4930,12221.096769961552
00bbac68_4931,12223.73860231846
00bbac68_4932,12234.820816520498
00bbac68_4933,12237.014986414099
00bbac68_4934,12237.15434503227
00bbac68_4935,12237.389219045499
00bbac68_4936,12238.532341667313
00bbac68_4937,12239.136522659746
00bbac68_4938,12239.25479450112
00bbac68_4939,12239.64058941815
00bbac68_4940,12240.015953941076
00bbac68_4941,12239.550343686124
00bbac68_4942,12239.7361205422
00bbac68_4943,12238.655867376665
00bbac68_4944,12233.589853054853
00bbac68_4945,12231.884350498214
00bbac68_4946,12231.34489865545
00bbac68_4947,12236.109987918857
00bbac68_4948,12234.649383540158
00bbac68_4949,12235.589959255552
00bbac68_4950,12235.27602172868
00bbac68_4951,12238.007757918007
00bbac68_4952,12238.030907890214
00bbac68_4953,12233.236617060713
00bbac68_4954,12232.588045772069
00bbac68_4955,12233.216769818942
00bbac68_4956,12239.359141087394
00bbac68_4957,12239.76321136007
00bbac68_4958,12239.158261801093
00bbac68_4959,12238.208322091827
00bbac68_4960,12238.57919757203
00bbac68_4961,12238.590048523221
00bbac68_4962,12238.285484608661
00bbac68_4963,12236.1676307584
00bbac68_4964,12234.786284281116
00bbac68_4965,12235.769513484329
00bbac68_4966,12237.997571933744
00bbac68_4967,12237.730643492127
00bbac68_4968,12236.388068765948
00bbac68_4969,12234.94305589384
00bbac68_4970,12237.0289338921
00bbac68_4971,12238.24479495731
00bbac68_4972,12239.522880092727
00bbac68_4973,12239.450796336605
00bbac68_4974,12239.33636471016
00bbac68_4975,12238.475698253993
00bbac68_4976,12238.01939009772
00bbac68_4977,12232.154548501401
00bbac68_4978,12232.668911524335
00bbac68_4979,12232.620532517749
00bbac68_4980,12238.565020442189
00bbac68_4981,12238.819654987114
00bbac68_4982,12239.774408308818
00bbac68_4983,12238.86927862421
00bbac68_4984,12238.84271934612
00bbac68_4985,12237.731498313597
00bbac68_4986,12237.752736862387
00bbac68_4987,12237.370179339885
00bbac68_4988,12237.43127423804
00bbac68_4989,12238.564587625653
00bbac68_4990,12237.550628059857
00bbac68_4991,12236.92860909937
00bbac68_4992,12237.444034305541
00bbac68_4993,12239.123709175214
00bbac68_4994,12239.295923922991
00bbac68_4995,12238.618739600171
00bbac68_4996,12237.275827505802
00bbac68_4997,12237.340189770106
00bbac68_4998,12236.412127000818
00bbac68_4999,12236.317894132968
00bbac68_5000,12237.283595400988
00bbac68_5001,12238.110086520397
00bbac68_5002,12232.104883340502
00bbac68_5003,12230.687878433562
00bbac68_5004,12227.382133714718
00bbac68_5005,12230.517783200048
00bbac68_5006,12224.208828721834
00bbac68_5007,12218.837339516735
00bbac68_5008,12214.842901407612
00bbac68_5009,12214.413581096049
00bbac68_5010,12212.401019652041
00bbac68_5011,12214.863100699784
00bbac68_5012,12218.339115434
00bbac68_5013,12218.033858111276
00bbac68_5014,12213.295862666491
00bbac68_5015,12210.559470964827
00bbac68_5016,12220.562767379883
00bbac68_5017,12230.945624549759
00bbac68_5018,12236.308568653329
00bbac68_5019,12237.34980324033
00bbac68_5020,12236.608188595133
00bbac68_5021,12238.988672537846
00bbac68_5022,12239.635197728108
00bbac68_5023,12240.796996443574
00bbac68_5024,12240.184793049006
00bbac68_5025,12238.924432332182
00bbac68_5026,12235.635558541368
00bbac68_5027,12229.900596260102
00bbac68_5028,12230.293286107908
00bbac68_5029,12230.312019526033
00bbac68_5030,12235.76911756957
00bbac68_5031,12234.901568415007
00bbac68_5032,12237.107681647502
00bbac68_5033,12232.019088096225
00bbac68_5034,12233.290191642365
00bbac68_5035,12233.352588505162
00bbac68_5036,12237.422897399038
00bbac68_5037,12236.53031431066
00bbac68_5038,12236.258348933852
00bbac68_5039,12235.648455178192
00bbac68_5040,12234.357987056968
00bbac68_5041,12233.142103113823
00bbac68_5042,12232.70220688889
00bbac68_5043,12232.058092673697
00bbac68_5044,12232.278464130215
00bbac68_5045,12232.9109846609
00bbac68_5046,12233.169910980025
00bbac68_5047,12233.266315463281
00bbac68_5048,12233.041221658617
00bbac68_5049,12233.619283922277
00bbac68_5050,12228.736932934466
00bbac68_5051,12228.919168344873
00bbac68_5052,12229.790084671833
00bbac68_5053,12231.997192592577
00bbac68_5054,12233.139111799552
00bbac68_5055,12234.17095610693
00bbac68_5056,12239.023074516876
00bbac68_5057,12238.726554933555
00bbac68_5058,12238.998277639745
00bbac68_5059,12238.765367653485
00bbac68_5060,12240.27995966129
00bbac68_5061,12240.266201378836
00bbac68_5062,12240.235877907151
00bbac68_5063,12240.26799830453
00bbac68_5064,12240.06318864078
00bbac68_5065,12238.29945053853
00bbac68_5066,12237.630912283255
00bbac68_5067,12237.98934893366
00bbac68_5068,12237.7616426893
00bbac68_5069,12236.327978623753
00bbac68_5070,12236.045057043624
00bbac68_5071,12237.270803082203
00bbac68_5072,12238.356307003256
00bbac68_5073,12237.620673777286
00bbac68_5074,12237.466002420035
00bbac68_5075,12238.053842915846
00bbac68_5076,12238.680754309491
00bbac68_5077,12239.675514872628
00bbac68_5078,12239.9179365588
00bbac68_5079,12239.447991473426
00bbac68_5080,12238.548177761486
00bbac68_5081,12238.419639211386
00bbac68_5082,12239.182475754105
00bbac68_5083,12239.069380859395
00bbac68_5084,12237.865597687965
00bbac68_5085,12236.378030864435
00bbac68_5086,12235.955596669412
00bbac68_5087,12236.69067623474
00bbac68_5088,12236.811009823568
00bbac68_5089,12237.447289240363
00bbac68_5090,12237.432598725994
00bbac68_5091,12238.37050196769
00bbac68_5092,12237.43125423754
00bbac68_5093,12229.210603768226
00bbac68_5094,12228.514274641484
00bbac68_5095,12230.134898639235
00bbac68_5096,12239.267421073515
00bbac68_5097,12240.127967041386
00bbac68_5098,12240.067810186045
00bbac68_5099,12238.799898573307
00bbac68_5100,12237.531778084498
00bbac68_5101,12234.989762741527
00bbac68_5102,12232.014858576156
00bbac68_5103,12228.193835866958
00bbac68_5104,12218.718402247478
00bbac68_5105,12215.540562867747
00bbac68_5106,12212.74584731819
00bbac68_5107,12218.796594454716
00bbac68_5108,12220.78502136722
00bbac68_5109,12219.14612092314
00bbac68_5110,12219.555848604849
00bbac68_5111,12218.481526559088
00bbac68_5112,12226.91317909216
00bbac68_5113,12231.500857456449
00bbac68_5114,12236.72219244972
00bbac68_5115,12237.38523957188
00bbac68_5116,12231.54464001048
00bbac68_5117,12226.415595422324
00bbac68_5118,12224.290505230461
00bbac68_5119,12229.8013309107
00bbac68_5120,12230.141961645144
00bbac68_5121,12231.149209469397
00bbac68_5122,12232.495061205947
00bbac68_5123,12238.185314817749
00bbac68_5124,12239.636623444358
00bbac68_5125,12239.637464958525
00bbac68_5126,12237.169931444465
00bbac68_5127,12237.964145228494
00bbac68_5128,12239.032051286975
00bbac68_5129,12242.906544105137
00bbac68_5130,12243.291655364517
00bbac68_5131,12243.035088577017
00bbac68_5132,12242.837620328828
00bbac68_5133,12243.084175048818
00bbac68_5134,12243.666503378408
00bbac68_5135,12243.814928377018
00bbac68_5136,12243.408469908856
00bbac68_5137,12242.484934790495
00bbac68_5138,12242.140679313581
00bbac68_5139,12241.840731590628
00bbac68_5140,12243.129808896398
00bbac68_5141,12243.367527787208
00bbac68_5142,12242.74859880599
00bbac68_5143,12241.263389262407
00bbac68_5144,12240.128372661951
00bbac68_5145,12240.434083255923
00bbac68_5146,12240.263890388416
00bbac68_5147,12240.123917450308
00bbac68_5148,12239.826303898539
00bbac68_5149,12240.969324512313
00bbac68_5150,12242.175839423622
00bbac68_5151,12243.504129475186
00bbac68_5152,12243.286246965732
00bbac68_5153,12240.936515601106
00bbac68_5154,12228.500710318462
00bbac68_5155,12222.967362992873
00bbac68_5156,12221.845742651532
00bbac68_5157,12228.984364636482
00bbac68_5158,12232.367720715129
00bbac68_5159,12229.793917035511
00bbac68_5160,12229.61098240777
00bbac68_5161,12227.428617477914
00bbac68_5162,12229.014471259477
00bbac68_5163,12234.525931256396
00bbac68_5164,12232.098701021743
00bbac68_5165,12222.041696141101
00bbac68_5166,12214.201168674117
00bbac68_5167,12217.246698422568
00bbac68_5168,12231.886747308557
00bbac68_5169,12237.860615883643
00bbac68_5170,12237.91034724059
00bbac68_5171,12236.294673060695
00bbac68_5172,12236.463410807539
00bbac68_5173,12240.312744746514
00bbac68_5174,12240.722727851002
00bbac68_5175,12240.40929046308
00bbac68_5176,12240.436848172927
00bbac68_5177,12240.38822469842
00bbac68_5178,12241.201886828741
00bbac68_5179,12237.574103255742
00bbac68_5180,12233.277731959452
00bbac68_5181,12229.754525381593
00bbac68_5182,12230.84622466377
00bbac68_5183,12233.889952234487
00bbac68_5184,12232.78807551619
00bbac68_5185,12228.832543826424
00bbac68_5186,12225.16739163475
00bbac68_5187,12224.45782615202
00bbac68_5188,12228.49933724103
00bbac68_5189,12230.5873695458
00bbac68_5190,12233.077878664697
00bbac68_5191,12227.762377411795
00bbac68_5192,12222.87187086403
00bbac68_5193,12219.992013618068
00bbac68_5194,12223.09407239709
00bbac68_5195,12231.36681897239
00bbac68_5196,12237.914554966963
00bbac68_5197,12241.303915395756
00bbac68_5198,12240.87686631076
00bbac68_5199,12240.630460223501
00bbac68_5200,12241.721708762985
00bbac68_5201,12241.693970531016
00bbac68_5202,12240.640587433025
00bbac68_5203,12236.412471216774
00bbac68_5204,12234.90691726246
00bbac68_5205,12231.488600524877
00bbac68_5206,12228.699757270777
00bbac68_5207,12225.286861534883
00bbac68_5208,12222.563208418263
00bbac68_5209,12226.127430239567
00bbac68_5210,12230.736263962832
00bbac68_5211,12237.725759919129
00bbac68_5212,12235.328690383127
00bbac68_5213,12235.171606154152
00bbac68_5214,12231.859257570017
00bbac68_5215,12237.326715116598
00bbac68_5216,12235.292437802433
00bbac68_5217,12235.926284235495
00bbac68_5218,12233.90881300201
00bbac68_5219,12234.658335468928
00bbac68_5220,12237.967744190171
00bbac68_5221,12239.411410851893
00bbac68_5222,12240.819471967698
00bbac68_5223,12237.895032183573
00bbac68_5224,12236.354794795872
00bbac68_5225,12235.031088831363
00bbac68_5226,12235.83940471778
00bbac68_5227,12235.360996798887
00bbac68_5228,12234.982083834519
00bbac68_5229,12235.281690884718
00bbac68_5230,12235.16793269155
00bbac68_5231,12235.527292847706
00bbac68_5232,12233.167174193703
00bbac68_5233,12235.605631445631
00bbac68_5234,12239.20847029271
00bbac68_5235,12243.687068182697
00bbac68_5236,12243.631390780656
00bbac68_5237,12240.092034822335
00bbac68_5238,12240.01816360114
00bbac68_5239,12240.234978624923
00bbac68_5240,12241.382133123445
00bbac68_5241,12237.599667853841
00bbac68_5242,12236.266831060328
00bbac68_5243,12238.424446281553
00bbac68_5244,12242.832449167008
00bbac68_5245,12245.862863429662
00bbac68_5246,12243.999510135725
00bbac68_5247,12240.634595707563
00bbac68_5248,12239.741261711271
00bbac68_5249,12239.59902463134
00bbac68_5250,12240.94905844504
00bbac68_5251,12240.410674119355
00bbac68_5252,12239.926310761608
00bbac68_5253,12240.221591433257
00bbac68_5254,12239.713292898567
00bbac68_5255,12241.240480294086
00bbac68_5256,12242.917626152042
00bbac68_5257,12244.921951244303
00bbac68_5258,12246.422588151976
00bbac68_5259,12246.856883839537
00bbac68_5260,12246.745469251835
00bbac68_5261,12246.465254553028
00bbac68_5262,12246.127125703499
00bbac68_5263,12245.812821986603
00bbac68_5264,12245.522665165976
00bbac68_5265,12245.165870387254
00bbac68_5266,12243.160307927124
00bbac68_5267,12239.581575120332
00bbac68_5268,12235.801574532985
00bbac68_5269,12233.894866249879
00bbac68_5270,12235.966620302335
00bbac68_5271,12235.098656593096
00bbac68_5272,12237.01461220591
00bbac68_5273,12237.836764611537
00bbac68_5274,12242.524553013756
00bbac68_5275,12244.39248729755
00bbac68_5276,12245.213110042592
00bbac68_5277,12245.64357585695
00bbac68_5278,12246.137512048646
00bbac68_5279,12246.506183614683
00bbac68_5280,12246.849693639857
00bbac68_5281,12246.899728377985
00bbac68_5282,12244.114195414726
00bbac68_5283,12242.215619082546
00bbac68_5284,12242.48763893012
00bbac68_5285,12245.350683272036
00bbac68_5286,12246.76352452464
00bbac68_5287,12245.454446505972
00bbac68_5288,12240.739419030338
00bbac68_5289,12237.572725238218
00bbac68_5290,12237.669483234202
00bbac68_5291,12241.887993939874
00bbac68_5292,12245.187689790628
00bbac68_5293,12246.20741097161
00bbac68_5294,12246.058548197068
00bbac68_5295,12245.596033024422
00bbac68_5296,12245.027092892067
00bbac68_5297,12244.977599876265
00bbac68_5298,12241.45132517327
00bbac68_5299,12240.455743894638
00bbac68_5300,12234.853934586312
00bbac68_5301,12234.84662611161
00bbac68_5302,12233.171577295441
00bbac68_5303,12237.552299952824
00bbac68_5304,12241.231917495394
00bbac68_5305,12243.072552926737
00bbac68_5306,12244.355021935758
00bbac68_5307,12242.085644668347
00bbac68_5308,12241.72528635693
00bbac68_5309,12240.579049267157
00bbac68_5310,12243.780756923645
00bbac68_5311,12245.871241219567
00bbac68_5312,12247.497656676735
00bbac68_5313,12245.510347167356
00bbac68_5314,12245.558333221297
00bbac68_5315,12246.361056425725
00bbac68_5316,12248.80122147347
00bbac68_5317,12249.199143101787
00bbac68_5318,12249.753057044452
00bbac68_5319,12250.128583865904
00bbac68_5320,12250.47228788003
00bbac68_5321,12250.46410029474
00bbac68_5322,12250.416894707543
00bbac68_5323,12250.286614699498
00bbac68_5324,12248.687455716126
00bbac68_5325,12247.871669285787
00bbac68_5326,12245.59778668561
00bbac68_5327,12243.403263660934
00bbac68_5328,12242.85051319751
00bbac68_5329,12241.786135865246
00bbac68_5330,12244.250585467913
00bbac68_5331,12243.677547312072
00bbac68_5332,12245.189030681546
00bbac68_5333,12245.022014201424
00bbac68_5334,12244.164618192788
00bbac68_5335,12244.141067612873
00bbac68_5336,12244.621090673589
00bbac68_5337,12245.775214566946
00bbac68_5338,12247.083584008053
00bbac68_5339,12245.922309504562
00bbac68_5340,12246.603877907452
00bbac68_5341,12246.663604092018
00bbac68_5342,12248.199080631915
00bbac68_5343,12248.220062224282
00bbac68_5344,12247.152115935265
00bbac68_5345,12246.475311863416
00bbac68_5346,12245.640283574483
00bbac68_5347,12246.700439241888
00bbac68_5348,12246.230002759212
00bbac68_5349,12246.210372123393
00bbac68_5350,12246.465040973222
00bbac68_5351,12248.05242758889
00bbac68_5352,12249.414241813314
00bbac68_5353,12245.478880844043
00bbac68_5354,12241.183500169063
00bbac68_5355,12240.312784737893
00bbac68_5356,12241.30744185533
00bbac68_5357,12242.607403687362
00bbac68_5358,12241.245502507581
00bbac68_5359,12242.978612968176
00bbac68_5360,12246.206945029235
00bbac68_5361,12249.0600221416
00bbac68_5362,12250.968123241022
00bbac68_5363,12251.15661597331
00bbac68_5364,12251.088725293483
00bbac68_5365,12250.683207493154
00bbac68_5366,12249.386204374581
00bbac68_5367,12248.431880326869
00bbac68_5368,12247.670448503428
00bbac68_5369,12248.046934674392
00bbac68_5370,12247.965538983553
00bbac68_5371,12248.42010970777
00bbac68_5372,12248.68404384089
00bbac68_5373,12248.968969019465
00bbac68_5374,12247.698766351474
00bbac68_5375,12246.365714288208
00bbac68_5376,12246.282664021413
00bbac68_5377,12247.2927037764
00bbac68_5378,12248.115024919765
00bbac68_5379,12248.082508582784
00bbac68_5380,12248.596876394693
00bbac68_5381,12248.20931671119
00bbac68_5382,12248.625949089861
00bbac68_5383,12248.043213339219
00bbac68_5384,12248.54559749548
00bbac68_5385,12248.011741870456
00bbac68_5386,12248.107238803661
00bbac68_5387,12246.538319699017
00bbac68_5388,12247.278676951144
00bbac68_5389,12248.027712401316
00bbac68_5390,12249.780812958337
00bbac68_5391,12249.97465372384
00bbac68_5392,12249.648167905818
00bbac68_5393,12249.343349950517
00bbac68_5394,12247.655192957593
00bbac68_5395,12246.160104236404
00bbac68_5396,12245.427999853193
00bbac68_5397,12245.423808128338
00bbac68_5398,12245.27807245535
00bbac68_5399,12246.271371644942
00bbac68_5400,12247.018450191956
00bbac68_5401,12247.95882782266
00bbac68_5402,12247.925710675534
00bbac68_5403,12248.285082286051
00bbac68_5404,12248.839222001128
00bbac68_5405,12249.323844494376
00bbac68_5406,12249.692712328071
00bbac68_5407,12249.95043640438
00bbac68_5408,12250.1603910123
00bbac68_5409,12250.39254964616
00bbac68_5410,12250.619006967661
00bbac68_5411,12250.718583970489
00bbac68_5412,12249.886947751756
00bbac68_5413,12249.863483867863
00bbac68_5414,12249.859903138693
00bbac68_5415,12249.034586699034
00bbac68_5416,12246.671763482105
00bbac68_5417,12244.775763946409
00bbac68_5418,12244.575637144177
00bbac68_5419,12245.11694005407
00bbac68_5420,12245.245294241331
00bbac68_5421,12245.348352407536
00bbac68_5422,12244.807049497644
00bbac68_5423,12244.796537293996
00bbac68_5424,12243.08106048035
00bbac68_5425,12242.704781556458
00bbac68_5426,12241.977282928012
00bbac68_5427,12241.657539046457
00bbac68_5428,12240.539606777165
00bbac68_5429,12239.20958250452
00bbac68_5430,12238.112399591357
00bbac68_5431,12239.501917825468
00bbac68_5432,12240.950471703583
00bbac68_5433,12244.03052727863
00bbac68_5434,12244.686267280225
00bbac68_5435,12241.624463266373
00bbac68_5436,12238.582456500304
00bbac68_5437,12237.990622583695
00bbac68_5438,12239.175456762363
00bbac68_5439,12238.308525297669
00bbac68_5440,12235.78194998795
00bbac68_5441,12235.939914901353
00bbac68_5442,12235.348865198437
00bbac68_5443,12233.224349253498
00bbac68_5444,12231.683385716955
00bbac68_5445,12231.970791818821
00bbac68_5446,12236.789694301106
00bbac68_5447,12236.6161212651
00bbac68_5448,12240.219331253398
00bbac68_5449,12235.863994242654
00bbac68_5450,12235.456594940371
00bbac68_5451,12233.611661666933
00bbac68_5452,12235.12049464034
00bbac68_5453,12237.6437068566
00bbac68_5454,12237.624291551861
00bbac68_5455,12237.093081473453
00bbac68_5456,12235.021918435372
00bbac68_5457,12233.337513049672
00bbac68_5458,12233.092175248717
00bbac68_5459,12233.719032140174
00bbac68_5460,12232.530279143635
00bbac68_5461,12231.613044894199
00bbac68_5462,12230.584978962726
00bbac68_5463,12231.653764625216
00bbac68_5464,12232.847840924556
00bbac68_5465,12233.594445987175
00bbac68_5466,12233.780595598748
00bbac68_5467,12233.639373226913
00bbac68_5468,12232.888122724116
00bbac68_5469,12232.157016524832
00bbac68_5470,12229.336081004798
00bbac68_5471,12225.168481299508
00bbac68_5472,12219.778445178292
00bbac68_5473,12214.108552035192
00bbac68_5474,12211.170280941245
00bbac68_5475,12211.26183787251
00bbac68_5476,12214.699158180396
00bbac68_5477,12215.62179686199
00bbac68_5478,12216.860931633177
00bbac68_5479,12216.038045942956
00bbac68_5480,12222.50430852828
00bbac68_5481,12228.459568836543
00bbac68_5482,12234.574877513349
00bbac68_5483,12236.564744521716
00bbac68_5484,12234.41181771804
00bbac68_5485,12233.143040237783
00bbac68_5486,12231.58848784017
00bbac68_5487,12233.213837077112
00bbac68_5488,12234.76337189244
00bbac68_5489,12234.905909490662
00bbac68_5490,12234.055776692092
00bbac68_5491,12234.041922376462
00bbac68_5492,12234.021208419857
00bbac68_5493,12234.745686895849
00bbac68_5494,12234.598114299966
00bbac68_5495,12233.755637350094
00bbac68_5496,12233.826478050163
00bbac68_5497,12233.948790854121
00bbac68_5498,12234.46173648336
00bbac68_5499,12234.722652531056
00bbac68_5500,12234.61807744585
00bbac68_5501,12234.943198469278
00bbac68_5502,12233.66960918452
00bbac68_5503,12233.962385928251
00bbac68_5504,12235.767629257993
00bbac68_5505,12238.409351462838
00bbac68_5506,12239.050028000376
00bbac68_5507,12239.002711329313
00bbac68_5508,12239.140865154064
00bbac68_5509,12237.753579484604
00bbac68_5510,12237.775772353869
00bbac68_5511,12237.591900789972
00bbac68_5512,12239.882632279352
00bbac68_5513,12239.754785721887
00bbac68_5514,12239.328307216187
00bbac68_5515,12238.260851295088
00bbac68_5516,12237.512083843032
00bbac68_5517,12236.328647857808
00bbac68_5518,12235.510070045537
00bbac68_5519,12232.425999507474
00bbac68_5520,12231.853955474935
00bbac68_5521,12231.577049243546
00bbac68_5522,12233.620773168854
00bbac68_5523,12233.419912093419
00bbac68_5524,12233.103295915816
00bbac68_5525,12232.290454571534
00bbac68_5526,12227.172754811816
00bbac68_5527,12225.660442036482
00bbac68_5528,12225.495033784699
00bbac68_5529,12229.89917359884
00bbac68_5530,12230.834956603327
00bbac68_5531,12231.831529079218
00bbac68_5532,12233.72412317237
00bbac68_5533,12235.334688385754
00bbac68_5534,12235.851914305953
00bbac68_5535,12234.806611636397
00bbac68_5536,12232.750559671918
00bbac68_5537,12230.218248829224
00bbac68_5538,12229.091301104008
00bbac68_5539,12228.81338930092
00bbac68_5540,12229.274638393135
00bbac68_5541,12227.655523948684
00bbac68_5542,12225.575370687597
00bbac68_5543,12224.840374813444
00bbac68_5544,12225.789829367444
00bbac68_5545,12227.519943125253
00bbac68_5546,12228.066363463462
00bbac68_5547,12229.527304049632
00bbac68_5548,12229.628149460623
00bbac68_5549,12229.692421423773
00bbac68_5550,12230.633620372886
00bbac68_5551,12233.637178039198
00bbac68_5552,12237.392275849066
00bbac68_5553,12239.458094096655
00bbac68_5554,12240.759886489812
00bbac68_5555,12240.378928329525
00bbac68_5556,12236.814695284183
00bbac68_5557,12235.340118271137
00bbac68_5558,12234.907739279777
00bbac68_5559,12237.160379402034
00bbac68_5560,12237.06996925879
00bbac68_5561,12234.799174630612
00bbac68_5562,12234.540514252969
00bbac68_5563,12233.834597191648
00bbac68_5564,12235.244797705918
00bbac68_5565,12235.612060670706
00bbac68_5566,12233.85263705491
00bbac68_5567,12233.447565706947
00bbac68_5568,12233.842177044697
00bbac68_5569,12238.404036596658
00bbac68_5570,12240.944145522479
00bbac68_5571,12242.179710345661
00bbac68_5572,12241.920161861965
00bbac68_5573,12241.154013173786
00bbac68_5574,12240.958349941086
00bbac68_5575,12240.760755812194
00bbac68_5576,12241.329639012145
00bbac68_5577,12241.157394169308
00bbac68_5578,12240.484248488554
00bbac68_5579,12239.87446382441
00bbac68_5580,12238.210230044386
00bbac68_5581,12237.463189012115
00bbac68_5582,12236.572119034414
00bbac68_5583,12236.806735280066
00bbac68_5584,12237.086626375787
00bbac68_5585,12237.300703089086
00bbac68_5586,12237.380641142343
00bbac68_5587,12236.885004938455
00bbac68_5588,12234.183988262701
00bbac68_5589,12234.46072490934
00bbac68_5590,12234.511892320603
00bbac68_5591,12237.95850780666
00bbac68_5592,12238.146766461823
00bbac68_5593,12238.861445086832
00bbac68_5594,12238.722960799763
00bbac68_5595,12238.201012612926
00bbac68_5596,12236.712634808826
00bbac68_5597,12235.988523951135
00bbac68_5598,12236.29997290654
00bbac68_5599,12237.444711610204
00bbac68_5600,12237.001501905756
00bbac68_5601,12236.493520593149
00bbac68_5602,12235.298355415323
00bbac68_5603,12234.289786326546
00bbac68_5604,12233.310587449056
00bbac68_5605,12233.372904574826
00bbac68_5606,12232.793340228127
00bbac68_5607,12232.170625628482
00bbac68_5608,12230.622483735011
00bbac68_5609,12231.11067788239
00bbac68_5610,12233.876962096945
00bbac68_5611,12236.345511621612
00bbac68_5612,12237.617612449854
00bbac68_5613,12237.317754756785
00bbac68_5614,12237.181228524269
00bbac68_5615,12237.899176888408
00bbac68_5616,12236.993181226548
00bbac68_5617,12237.546473885532
00bbac68_5618,12237.591868799982
00bbac68_5619,12237.55078349007
00bbac68_5620,12236.862759125637
00bbac68_5621,12235.060348748508
00bbac68_5622,12234.427638220528
00bbac68_5623,12233.513423724455
00bbac68_5624,12233.786255082625
00bbac68_5625,12233.747027156036
00bbac68_5626,12234.37777999092
00bbac68_5627,12234.395693772254
00bbac68_5628,12234.257898586753
00bbac68_5629,12234.071831434316
00bbac68_5630,12233.958950500257
00bbac68_5631,12229.17067786915
00bbac68_5632,12224.084614867801
00bbac68_5633,12221.06207993386
00bbac68_5634,12223.219102583555
00bbac68_5635,12224.863747963862
00bbac68_5636,12223.090144571548
00bbac68_5637,12222.972999503443
00bbac68_5638,12221.620391481287
00bbac68_5639,12223.320938119561
00bbac68_5640,12221.374878720291
00bbac68_5641,12222.784578756824
00bbac68_5642,12226.372232637195
00bbac68_5643,12231.163111695345
00bbac68_5644,12234.142445535515
00bbac68_5645,12234.28195802391
00bbac68_5646,12235.034075328767
00bbac68_5647,12235.471375447893
00bbac68_5648,12235.069439660654
00bbac68_5649,12234.720284393605
00bbac68_5650,12234.83462615697
00bbac68_5651,12235.059621806826
00bbac68_5652,12235.06589107358
00bbac68_5653,12234.949238139932
00bbac68_5654,12234.672099622852
00bbac68_5655,12236.345302152591
00bbac68_5656,12237.100083751413
00bbac68_5657,12237.404706934221
00bbac68_5658,12234.287899467416
00bbac68_5659,12230.169667126838
00bbac68_5660,12226.937802379442
00bbac68_5661,12222.67516943907
00bbac68_5662,12221.508864319645
00bbac68_5663,12217.065269513287
00bbac68_5664,12215.960211378042
00bbac68_5665,12214.557075799787
00bbac68_5666,12218.020169618962
00bbac68_5667,12220.715564767355
00bbac68_5668,12223.22854585757
00bbac68_5669,12224.034858922654
00bbac68_5670,12224.520618635439
00bbac68_5671,12223.358199165561
00bbac68_5672,12225.586339520587
00bbac68_5673,12229.016009529483
00bbac68_5674,12234.23339220509
00bbac68_5675,12235.191689019264
00bbac68_5676,12233.787641578614
00bbac68_5677,12230.922119546922
00bbac68_5678,12229.741180399194
00bbac68_5679,12230.262430930161
00bbac68_5680,12232.517213800786
00bbac68_5681,12233.369940054137
00bbac68_5682,12235.292931968199
00bbac68_5683,12234.725788317366
00bbac68_5684,12232.035155093452
00bbac68_5685,12228.57176753009
00bbac68_5686,12222.08888664577
00bbac68_5687,12219.646641508647
00bbac68_5688,12219.55982288766
00bbac68_5689,12224.809691676006
00bbac68_5690,12228.56567450493
00bbac68_5691,12227.952582422542
00bbac68_5692,12227.183282910468
00bbac68_5693,12224.831066174398
00bbac68_5694,12224.002765112304
00bbac68_5695,12222.132868846495
00bbac68_5696,12223.398754868103
00bbac68_5697,12224.630184393829
00bbac68_5698,12225.84098953
00bbac68_5699,12227.44187760588
00bbac68_5700,12229.611354849243
00bbac68_5701,12232.766689169084
00bbac68_5702,12234.061943955296
00bbac68_5703,12233.916977486895
00bbac68_5704,12234.020389908479
00bbac68_5705,12229.441800325949
00bbac68_5706,12230.048258705438
00bbac68_5707,12229.50462052212
00bbac68_5708,12234.229750517785
00bbac68_5709,12234.371232674699
00bbac68_5710,12232.761043016048
00bbac68_5711,12228.859880650612
00bbac68_5712,12224.108655665868
00bbac68_5713,12222.456073989628
00bbac68_5714,12225.364626971355
00bbac68_5715,12229.09405396983
00bbac68_5716,12230.555533665334
00bbac68_5717,12229.076315777633
00bbac68_5718,12228.907173870646
00bbac68_5719,12229.939676977587
00bbac68_5720,12230.876827277376
00bbac68_5721,12229.973642299025
00bbac68_5722,12230.256064787643
00bbac68_5723,12230.1256835482
00bbac68_5724,12232.133036905056
00bbac68_5725,12232.836484666812
00bbac68_5726,12234.086050073574
00bbac68_5727,12234.879800774224
00bbac68_5728,12236.176258175588
00bbac68_5729,12237.377998317606
00bbac68_5730,12236.902605796196
00bbac68_5731,12235.698989865441
00bbac68_5732,12234.356137431418
00bbac68_5733,12230.123530769051
00bbac68_5734,12227.702335760163
00bbac68_5735,12227.951290085135
00bbac68_5736,12231.471056073824
00bbac68_5737,12231.275070390839
00bbac68_5738,12230.35359008956
00bbac68_5739,12229.601032378356
00bbac68_5740,12232.212889343142
00bbac68_5741,12233.111566431491
00bbac68_5742,12234.04459407126
00bbac68_5743,12227.363420571884
00bbac68_5744,12220.075104355145
00bbac68_5745,12217.258822795806
00bbac68_5746,12222.31240275259
00bbac68_5747,12227.787928404405
00bbac68_5748,12229.366255600638
00bbac68_5749,12229.603125901589
00bbac68_5750,12230.768617304246
00bbac68_5751,12231.638735735696
00bbac68_5752,12229.79665820836
00bbac68_5753,12227.007045957269
00bbac68_5754,12224.135496725527
00bbac68_5755,12224.668658852863
00bbac68_5756,12228.341749571506
00bbac68_5757,12231.98138809133
00bbac68_5758,12234.375832114536
00bbac68_5759,12232.21141027564
00bbac68_5760,12231.960534928294
00bbac68_5761,12228.425269552297
00bbac68_5762,12230.37750328282
00bbac68_5763,12229.553957318234
00bbac68_5764,12232.445474541817
00bbac68_5765,12231.800397128782
00bbac68_5766,12230.210937931746
00bbac68_5767,12230.838150985952
00bbac68_5768,12227.777104415638
00bbac68_5769,12230.02769862574
00bbac68_5770,12230.61047328316
00bbac68_5771,12231.66504997413
00bbac68_5772,12231.42748658169
00bbac68_5773,12229.824954135838
00bbac68_5774,12231.772961442804
00bbac68_5775,12232.506325900125
00bbac68_5776,12234.210288942932
00bbac68_5777,12235.220504082134
00bbac68_5778,12229.54403891427
00bbac68_5779,12223.675263242907
00bbac68_5780,12219.695465060206
00bbac68_5781,12221.602379150485
00bbac68_5782,12223.951179163627
00bbac68_5783,12223.229899379583
00bbac68_5784,12223.627426975536
00bbac68_5785,12224.21892160439
00bbac68_5786,12226.008280456459
00bbac68_5787,12226.294681990075
00bbac68_5788,12225.5425882001
00bbac68_5789,12224.953687063497
00bbac68_5790,12224.563160900216
00bbac68_5791,12224.958778739563
00bbac68_5792,12225.274706519267
00bbac68_5793,12225.998710515485
00bbac68_5794,12226.555289587748
00bbac68_5795,12226.545667714148
00bbac68_5796,12226.49841055009
00bbac68_5797,12226.335524309035
00bbac68_5798,12226.275159338385
00bbac68_5799,12226.051256835002
00bbac68_5800,12225.40643859871
00bbac68_5801,12225.096694243259
00bbac68_5802,12224.991531172833
00bbac68_5803,12224.931213266058
00bbac68_5804,12225.429217594334
00bbac68_5805,12225.370732934085
00bbac68_5806,12224.576463464264
00bbac68_5807,12222.49945435178
00bbac68_5808,12221.184439205246
00bbac68_5809,12222.499301134827
00bbac68_5810,12224.774316212664
00bbac68_5811,12227.198275054116
00bbac68_5812,12229.226297550747
00bbac68_5813,12230.994246716598
00bbac68_5814,12232.083455487698
00bbac68_5815,12232.252921281075
00bbac68_5816,12232.500141002247
00bbac68_5817,12232.556628224856
00bbac68_5818,12232.634858938402
00bbac68_5819,12232.852428532728
00bbac68_5820,12233.276365631673
00bbac68_5821,12233.474436958377
00bbac68_5822,12233.319940770327
00bbac68_5823,12233.2143585283
00bbac68_5824,12233.099428370379
00bbac68_5825,12232.152600099927
00bbac68_5826,12229.190003017362
00bbac68_5827,12226.928583736188
00bbac68_5828,12225.751699412249
00bbac68_5829,12228.273678542215
00bbac68_5830,12228.48084989452
00bbac68_5831,12228.98271187306
00bbac68_5832,12227.878595032664
00bbac68_5833,12225.216977894022
00bbac68_5834,12226.456153306528
00bbac68_5835,12227.228235123854
00bbac68_5836,12227.79112035992
00bbac68_5837,12227.491427635856
00bbac68_5838,12224.97308420953
00bbac68_5839,12228.300388140864
00bbac68_5840,12228.225355117598
00bbac68_5841,12230.498092893378
00bbac68_5842,12231.213926815994
00bbac68_5843,12231.929552861904
00bbac68_5844,12232.834807161982
00bbac68_5845,12232.887219801727
00bbac68_5846,12231.901509121773
00bbac68_5847,12230.157170355878
00bbac68_5848,12228.490131337296
00bbac68_5849,12228.105557938086
00bbac68_5850,12228.470750466944
00bbac68_5851,12227.780229380418
00bbac68_5852,12228.035825364628
00bbac68_5853,12229.18599078771
00bbac68_5854,12229.301251633167
00bbac68_5855,12228.106741968775
00bbac68_5856,12226.643929304455
00bbac68_5857,12227.18799638756
00bbac68_5858,12227.857743103246
00bbac68_5859,12226.699457280663
00bbac68_5860,12226.469166003184
00bbac68_5861,12227.210602750085
00bbac68_5862,12229.341588854644
00bbac68_5863,12230.61432568807
00bbac68_5864,12231.570184341357
00bbac68_5865,12231.953753402007
00bbac68_5866,12231.419717484629
00bbac68_5867,12227.368748219078
00bbac68_5868,12225.928083347613
00bbac68_5869,12224.64348935252
00bbac68_5870,12226.42933213679
00bbac68_5871,12226.008094309189
00bbac68_5872,12226.415269547519
00bbac68_5873,12226.781281145697
00bbac68_5874,12227.227925042964
00bbac68_5875,12225.204048075058
00bbac68_5876,12225.079276868442
00bbac68_5877,12225.510271100187
00bbac68_5878,12227.91401551367
00bbac68_5879,12229.421910611693
00bbac68_5880,12230.062299526942
00bbac68_5881,12231.315541500071
00bbac68_5882,12231.163494702958
00bbac68_5883,12231.39213346609
00bbac68_5884,12230.34345704237
00bbac68_5885,12227.026143425306
00bbac68_5886,12221.845890676685
00bbac68_5887,12219.429023606071
00bbac68_5888,12219.544609618772
00bbac68_5889,12224.12290514575
00bbac68_5890,12226.669743980246
00bbac68_5891,12228.764663737575
00bbac68_5892,12229.287191623152
00bbac68_5893,12226.980142182685
00bbac68_5894,12227.049041273398
00bbac68_5895,12223.573388202354
00bbac68_5896,12226.818823469004
00bbac68_5897,12223.170962676917
00bbac68_5898,12224.540988297738
00bbac68_5899,12222.830998496953
00bbac68_5900,12225.90807581367
00bbac68_5901,12226.180255648282
00bbac68_5902,12226.091201063644
00bbac68_5903,12226.304448252047
00bbac68_5904,12226.793377017117
00bbac68_5905,12228.424946939442
00bbac68_5906,12229.977454738188
00bbac68_5907,12231.376626188712
00bbac68_5908,12230.475964395742
00bbac68_5909,12229.152116372281
00bbac68_5910,12227.720275680074
00bbac68_5911,12227.220437107397
00bbac68_5912,12226.885789637374
00bbac68_5913,12226.341925446939
00bbac68_5914,12225.152147703482
00bbac68_5915,12222.54698871739
00bbac68_5916,12221.896484645913
00bbac68_5917,12222.094364201439
00bbac68_5918,12224.022681484219
00bbac68_5919,12223.89214478377
00bbac68_5920,12224.450266138922
00bbac68_5921,12224.331403337274
00bbac68_5922,12225.524564498342
00bbac68_5923,12223.424934227043
00bbac68_5924,12220.91477529397
00bbac68_5925,12217.726152429144
00bbac68_5926,12216.937330980707
00bbac68_5927,12217.87845128877
00bbac68_5928,12218.609709956707
00bbac68_5929,12219.36305614692
00bbac68_5930,12219.713170385061
00bbac68_5931,12217.894415480276
00bbac68_5932,12216.095301426378
00bbac68_5933,12214.859006607248
00bbac68_5934,12217.699224026728
00bbac68_5935,12219.213055755847
00bbac68_5936,12218.085746408678
00bbac68_5937,12216.723439212445
00bbac68_5938,12217.64251844043
00bbac68_5939,12220.143801480719
00bbac68_5940,12221.03486232862
00bbac68_5941,12220.894273817596
00bbac68_5942,12220.27937033627
00bbac68_5943,12219.877966121474
00bbac68_5944,12220.6192641105
00bbac68_5945,12221.976917285923
00bbac68_5946,12223.04476448292
00bbac68_5947,12222.332863931295
00bbac68_5948,12221.27800082267
00bbac68_5949,12216.79698635511
00bbac68_5950,12214.27629796765
00bbac68_5951,12214.50116727036
00bbac68_5952,12215.330607941067
00bbac68_5953,12218.099155686088
00bbac68_5954,12214.909716131477
00bbac68_5955,12217.73006167062
00bbac68_5956,12216.673796029858
00bbac68_5957,12216.453191529023
00bbac68_5958,12215.532600860568
00bbac68_5959,12216.469262352102
00bbac68_5960,12219.461473055982
00bbac68_5961,12220.384014292686
00bbac68_5962,12218.356661288215
00bbac68_5963,12219.252985359577
00bbac68_5964,12220.105200335694
00bbac68_5965,12223.247211427717
00bbac68_5966,12224.124633021602
00bbac68_5967,12223.051332614355
00bbac68_5968,12221.783606927516
00bbac68_5969,12223.016764586982
00bbac68_5970,12225.199042229899
00bbac68_5971,12226.837308813314
00bbac68_5972,12225.961349289224
00bbac68_5973,12225.389352382661
00bbac68_5974,12224.741272459045
00bbac68_5975,12223.815965330185
00bbac68_5976,12222.388907644703
00bbac68_5977,12221.263314456426
00bbac68_5978,12220.620478616527
00bbac68_5979,12218.555176954027
00bbac68_5980,12216.446092328866
00bbac68_5981,12216.603097204723
00bbac68_5982,12218.556646310106
00bbac68_5983,12220.367702711725
00bbac68_5984,12220.609673170155
00bbac68_5985,12220.689406573636
00bbac68_5986,12221.553848038171
00bbac68_5987,12221.583711488673
00bbac68_5988,12221.717242094463
00bbac68_5989,12219.676249897702
00bbac68_5990,12219.923525138183
00bbac68_5991,12220.795161160946
00bbac68_5992,12223.21782621566
00bbac68_5993,12223.217139359875
00bbac68_5994,12222.3481689978
00bbac68_5995,12221.545344271553
00bbac68_5996,12218.644157759803
00bbac68_5997,12217.394012428953
00bbac68_5998,12214.318377051204
00bbac68_5999,12214.155058549184
00bbac68_6000,12212.362347505483
00bbac68_6001,12214.202318649865
00bbac68_6002,12214.10397642838
00bbac68_6003,12215.796777904345
00bbac68_6004,12215.480508988048
00bbac68_6005,12215.781929298915
00bbac68_6006,12217.39311580099
00bbac68_6007,12218.739565603784
00bbac68_6008,12220.780427040547
00bbac68_6009,12220.512022561152
00bbac68_6010,12218.727892545425
00bbac68_6011,12219.04759456957
00bbac68_6012,12219.116213186751
00bbac68_6013,12220.870133780021
00bbac68_6014,12219.423126019587
00bbac68_6015,12218.742400866855
00bbac68_6016,12218.352206401292
00bbac68_6017,12218.920633214277
00bbac68_6018,12218.46229027032
00bbac68_6019,12217.586090383047
00bbac68_6020,12215.617060040806
00bbac68_6021,12215.967664867718
00bbac68_6022,12216.375452416238
00bbac68_6023,12217.881797054215
00bbac68_6024,12216.957631301564
00bbac68_6025,12217.011748454805
00bbac68_6026,12217.6523582546
00bbac68_6027,12217.737483423552
00bbac68_6028,12218.18057193903
00bbac68_6029,12218.115438076129
00bbac68_6030,12219.856790314914
00bbac68_6031,12220.390950475712
00bbac68_6032,12220.74865886164
00bbac68_6033,12219.912853095826
00bbac68_6034,12218.492835137002
00bbac68_6035,12217.210073348435
00bbac68_6036,12216.347626129611
00bbac68_6037,12217.716167882782
00bbac68_6038,12217.909135169239
00bbac68_6039,12216.921560476143
00bbac68_6040,12216.354956441646
00bbac68_6041,12216.37224902262
00bbac68_6042,12217.805925626439
00bbac68_6043,12217.211601933692
00bbac68_6044,12215.359643887065
00bbac68_6045,12214.876276504996
00bbac68_6046,12214.790789576391
00bbac68_6047,12217.393611237827
00bbac68_6048,12217.34258153449
00bbac68_6049,12216.350340520954
00bbac68_6050,12214.807143000156
00bbac68_6051,12214.32161838295
00bbac68_6052,12210.339903995546
00bbac68_6053,12208.056972388971
00bbac68_6054,12205.87899993229
00bbac68_6055,12209.253664300477
00bbac68_6056,12210.909678573875
00bbac68_6057,12213.43490510055
00bbac68_6058,12214.551646787708
00bbac68_6059,12214.882000478521
00bbac68_6060,12215.503255079653
00bbac68_6061,12214.198928414038
00bbac68_6062,12215.732931013576
00bbac68_6063,12215.49903782834
00bbac68_6064,12217.46826985445
00bbac68_6065,12217.097575411999
00bbac68_6066,12217.085590102644
00bbac68_6067,12214.710770469328
00bbac68_6068,12214.991968645874
00bbac68_6069,12212.591159697882
00bbac68_6070,12215.04477050419
00bbac68_6071,12215.024752246658
00bbac68_6072,12218.048763894234
00bbac68_6073,12218.451349933996
00bbac68_6074,12218.513969963446
00bbac68_6075,12218.960763136247
00bbac68_6076,12218.625821620182
00bbac68_6077,12219.341741813716
00bbac68_6078,12219.6962453043
00bbac68_6079,12220.78517934527
00bbac68_6080,12220.092748259696
00bbac68_6081,12219.113473900019
00bbac68_6082,12218.661338124186
00bbac68_6083,12218.706090753578
00bbac68_6084,12219.50910113895
00bbac68_6085,12219.019710987357
00bbac68_6086,12219.72360179662
00bbac68_6087,12218.737267556206
00bbac68_6088,12218.511536292832
00bbac68_6089,12216.791515355066
00bbac68_6090,12216.48814125602
00bbac68_6091,12216.49806070004
00bbac68_6092,12217.564131354857
00bbac68_6093,12217.218618446544
00bbac68_6094,12216.138330265288
00bbac68_6095,12215.193045228129
00bbac68_6096,12216.660853635274
00bbac68_6097,12217.885229116087
00bbac68_6098,12219.231690505874
00bbac68_6099,12219.01209765445
00bbac68_6100,12218.271153258
00bbac68_6101,12216.928944580717
00bbac68_6102,12215.89413758541
00bbac68_6103,12216.206041759584
00bbac68_6104,12217.248540695562
00bbac68_6105,12217.8454674683
00bbac68_6106,12215.7724329871
00bbac68_6107,12215.820228468247
00bbac68_6108,12214.20914464409
00bbac68_6109,12214.370599458065
00bbac68_6110,12211.975722298508
00bbac68_6111,12213.488479978281
00bbac68_6112,12215.34763241189
00bbac68_6113,12217.139582508875
00bbac68_6114,12216.937190002747
00bbac68_6115,12217.68706964181
00bbac68_6116,12217.613201330409
00bbac68_6117,12218.319317608744
00bbac68_6118,12218.169647276045
00bbac68_6119,12217.085027735033
00bbac68_6120,12216.340892012618
00bbac68_6121,12216.024945340288
00bbac68_6122,12217.140650221683
00bbac68_6123,12218.047923839096
00bbac68_6124,12217.702327624887
00bbac68_6125,12217.870298017171
00bbac68_6126,12217.232410778617
00bbac68_6127,12218.225523582516
00bbac68_6128,12218.91025560898
00bbac68_6129,12219.464192614078
00bbac68_6130,12219.456329740135
00bbac68_6131,12218.575261333483
00bbac68_6132,12218.367911735435
00bbac68_6133,12217.580081473438
00bbac68_6134,12218.295047916958
00bbac68_6135,12218.486350140227
00bbac68_6136,12219.25863265982
00bbac68_6137,12219.203945159823
00bbac68_6138,12219.149703773508
00bbac68_6139,12218.056181067155
00bbac68_6140,12217.427889680994
00bbac68_6141,12216.270889489422
00bbac68_6142,12216.062249698849
00bbac68_6143,12215.179890281413
00bbac68_6144,12213.984864616365
00bbac68_6145,12212.152366709895
00bbac68_6146,12210.50374721068
00bbac68_6147,12210.22243935869
00bbac68_6148,12212.082782837906
00bbac68_6149,12213.99886865649
00bbac68_6150,12214.033371162266
00bbac68_6151,12212.035522396976
00bbac68_6152,12209.121038698882
00bbac68_6153,12210.377463663972
00bbac68_6154,12212.65746954398
00bbac68_6155,12215.798419831679
00bbac68_6156,12216.058196210244
00bbac68_6157,12215.940514312822
00bbac68_6158,12215.378182468978
00bbac68_6159,12215.406328602272
00bbac68_6160,12215.260713235855
00bbac68_6161,12215.94151866404
00bbac68_6162,12213.454865449681
00bbac68_6163,12212.965517313603
00bbac68_6164,12212.040555209345
00bbac68_6165,12214.480245186474
00bbac68_6166,12214.664203128626
00bbac68_6167,12214.328530316074
00bbac68_6168,12214.044937192395
00bbac68_6169,12210.753065879924
00bbac68_6170,12210.891237649048
00bbac68_6171,12208.67992635488
00bbac68_6172,12210.318151732741
00bbac68_6173,12209.082376339284
00bbac68_6174,12209.933704199893
00bbac68_6175,12211.121751108263
00bbac68_6176,12212.44720442241
00bbac68_6177,12212.993991936368
00bbac68_6178,12211.795399545314
00bbac68_6179,12212.131815859548
00bbac68_6180,12212.929851734443
00bbac68_6181,12214.720864629742
00bbac68_6182,12212.805337841331
00bbac68_6183,12212.095086916064
00bbac68_6184,12209.210743243762
00bbac68_6185,12211.37562454352
00bbac68_6186,12212.163486363743
00bbac68_6187,12215.749801477572
00bbac68_6188,12214.219297601607
00bbac68_6189,12211.032591352188
00bbac68_6190,12209.333556759031
00bbac68_6191,12210.219576711823
00bbac68_6192,12213.248862879353
00bbac68_6193,12214.272625141048
00bbac68_6194,12214.293755278586
00bbac68_6195,12215.093578710692
00bbac68_6196,12215.707080670201
00bbac68_6197,12215.018603190822
00bbac68_6198,12213.816016951307
00bbac68_6199,12211.870389654592
00bbac68_6200,12209.498300318379
00bbac68_6201,12208.153549438299
00bbac68_6202,12207.254163309384
00bbac68_6203,12208.628379510914
00bbac68_6204,12208.209349258907
00bbac68_6205,12206.193105879602
00bbac68_6206,12205.942922118069
00bbac68_6207,12207.192479331667
00bbac68_6208,12210.337270940217
00bbac68_6209,12212.025396729618
00bbac68_6210,12212.32481527474
00bbac68_6211,12213.307209059887
00bbac68_6212,12212.395584495069
00bbac68_6213,12210.39744910079
00bbac68_6214,12210.098566245671
00bbac68_6215,12208.601263835992
00bbac68_6216,12210.065422274487
00bbac68_6217,12209.26578626273
00bbac68_6218,12211.950221493355
00bbac68_6219,12210.416275512218
00bbac68_6220,12209.10819350148
00bbac68_6221,12209.70893848739
00bbac68_6222,12212.156131290163
00bbac68_6223,12214.409337011259
00bbac68_6224,12214.33889544695
00bbac68_6225,12214.298412069744
00bbac68_6226,12212.518214121208
00bbac68_6227,12211.788855874984
00bbac68_6228,12210.852467069404
00bbac68_6229,12210.555443513595
00bbac68_6230,12211.071173441722
00bbac68_6231,12211.43122153184
00bbac68_6232,12210.501497506506
00bbac68_6233,12210.589464665405
00bbac68_6234,12205.366229706056
00bbac68_6235,12205.253287640446
00bbac68_6236,12202.315043764995
00bbac68_6237,12207.380238210653
00bbac68_6238,12209.639897804149
00bbac68_6239,12211.040439289509
00bbac68_6240,12211.231791084943
00bbac68_6241,12211.89108620419
00bbac68_6242,12213.230810423987
00bbac68_6243,12213.780585299484
00bbac68_6244,12213.724166566666
00bbac68_6245,12213.660054027343
00bbac68_6246,12211.340029155346
00bbac68_6247,12209.854311235371
00bbac68_6248,12208.404205883642
00bbac68_6249,12208.296457913339
00bbac68_6250,12209.892870529975
00bbac68_6251,12211.132231303282
00bbac68_6252,12212.389420758156
00bbac68_6253,12211.834449488864
00bbac68_6254,12211.504507165237
00bbac68_6255,12211.946275815266
00bbac68_6256,12212.113189997486
00bbac68_6257,12212.662741757887
00bbac68_6258,12213.312617693204
00bbac68_6259,12213.64339722921
00bbac68_6260,12213.671148525891
00bbac68_6261,12213.645296896908
00bbac68_6262,12210.974186953405
00bbac68_6263,12208.382947530656
00bbac68_6264,12206.894926567167
00bbac68_6265,12209.769884139818
00bbac68_6266,12212.22587861438
00bbac68_6267,12213.324413628856
00bbac68_6268,12213.17582316105
00bbac68_6269,12212.892000957281
00bbac68_6270,12213.636424090582
00bbac68_6271,12211.804691245741
00bbac68_6272,12212.31717095144
00bbac68_6273,12210.89318728215
00bbac68_6274,12209.980682721647
00bbac68_6275,12208.925591843756
00bbac68_6276,12208.176782342705
00bbac68_6277,12209.900755771921
00bbac68_6278,12209.394538956503
00bbac68_6279,12210.49035534464
00bbac68_6280,12210.47712796316
00bbac68_6281,12210.653306158063
00bbac68_6282,12209.914868736429
00bbac68_6283,12208.73941876926
00bbac68_6284,12208.396337078302
00bbac68_6285,12204.955046201932
00bbac68_6286,12205.445193505742
00bbac68_6287,12205.81698914353
00bbac68_6288,12207.902700919103
00bbac68_6289,12206.496848238026
00bbac68_6290,12202.09932599905
00bbac68_6291,12202.893022776325
00bbac68_6292,12207.314278467262
00bbac68_6293,12213.154960911043
00bbac68_6294,12215.36597585262
00bbac68_6295,12214.39675330557
00bbac68_6296,12214.818861848553
00bbac68_6297,12215.2610656275
00bbac68_6298,12215.558680329383
00bbac68_6299,12216.002639412067
00bbac68_6300,12215.04350540507
00bbac68_6301,12211.599238461931
00bbac68_6302,12210.443864913128
00bbac68_6303,12210.449605220609
00bbac68_6304,12212.193713316547
00bbac68_6305,12211.541964052034
00bbac68_6306,12211.396129379333
00bbac68_6307,12211.877715748482
00bbac68_6308,12210.428764095132
00bbac68_6309,12209.44869373658
00bbac68_6310,12207.910454606763
00bbac68_6311,12210.429002980518
00bbac68_6312,12212.128392479402
00bbac68_6313,12214.222171521693
00bbac68_6314,12213.61365897207
00bbac68_6315,12212.27981850574
00bbac68_6316,12212.592121540007
00bbac68_6317,12213.169596367172
00bbac68_6318,12214.670092927314
00bbac68_6319,12212.078457402515
00bbac68_6320,12209.759970086443
00bbac68_6321,12207.288233371602
00bbac68_6322,12209.855498345822
00bbac68_6323,12211.493098793871
00bbac68_6324,12212.258674553965
00bbac68_6325,12210.280182434139
00bbac68_6326,12209.649038041884
00bbac68_6327,12209.495985740039
00bbac68_6328,12210.02656458036
00bbac68_6329,12210.032510016754
00bbac68_6330,12210.454866720922
00bbac68_6331,12210.935471002516
00bbac68_6332,12211.75265708773
00bbac68_6333,12213.030444579237
00bbac68_6334,12211.35958555739
00bbac68_6335,12211.00004740121
00bbac68_6336,12211.777358247107
00bbac68_6337,12214.47608007252
00bbac68_6338,12215.545638379985
00bbac68_6339,12215.709228736048
00bbac68_6340,12214.991658065841
00bbac68_6341,12214.718212481588
00bbac68_6342,12211.087126620028
00bbac68_6343,12210.646488843535
00bbac68_6344,12209.956242429704
00bbac68_6345,12212.306034229858
00bbac68_6346,12210.125451010217
00bbac68_6347,12208.598968263002
00bbac68_6348,12209.637274024246
00bbac68_6349,12213.825233848374
00bbac68_6350,12216.8961714183
00bbac68_6351,12216.282486079284
00bbac68_6352,12215.147335259497
00bbac68_6353,12212.248116772504
00bbac68_6354,12209.59290576675
00bbac68_6355,12208.98679039072
00bbac68_6356,12209.312831172005
00bbac68_6357,12209.214014208681
00bbac68_6358,12209.21311106816
00bbac68_6359,12209.924746190018
00bbac68_6360,12211.117073076093
00bbac68_6361,12210.563910915296
00bbac68_6362,12209.561447634442
00bbac68_6363,12208.79689711072
00bbac68_6364,12209.867577067971
00bbac68_6365,12211.506120320943
00bbac68_6366,12214.273470094353
00bbac68_6367,12214.119770769896
00bbac68_6368,12212.72367664804
00bbac68_6369,12209.62533252681
00bbac68_6370,12208.4070602575
00bbac68_6371,12208.100817156757
00bbac68_6372,12209.346913791853
00bbac68_6373,12208.909877688697
00bbac68_6374,12210.102694504718
00bbac68_6375,12207.192001973082
00bbac68_6376,12205.88131901809
00bbac68_6377,12204.841122586293
00bbac68_6378,12206.859963302943
00bbac68_6379,12208.840807551343
00bbac68_6380,12209.096501135607
00bbac68_6381,12208.861146154455
00bbac68_6382,12209.009152518565
00bbac68_6383,12208.540213490183
00bbac68_6384,12209.9244067598
00bbac68_6385,12210.465570986134
00bbac68_6386,12211.955996769824
00bbac68_6387,12212.305370400705
00bbac68_6388,12212.383651331218
00bbac68_6389,12213.5813839451
00bbac68_6390,12213.114019090048
00bbac68_6391,12212.822068040274
00bbac68_6392,12210.981659267507
00bbac68_6393,12210.454464254746
00bbac68_6394,12208.97142153138
00bbac68_6395,12206.510475842702
00bbac68_6396,12206.455904761388
00bbac68_6397,12206.542062711638
00bbac68_6398,12210.688030038256
00bbac68_6399,12209.795471127
00bbac68_6400,12211.41695356441
00bbac68_6401,12209.847400458317
00bbac68_6402,12211.509091720436
00bbac68_6403,12211.51555756459
00bbac68_6404,12211.504945853283
00bbac68_6405,12210.960922611726
00bbac68_6406,12209.912062003954
00bbac68_6407,12210.069264232208
00bbac68_6408,12210.628315926542
00bbac68_6409,12209.596859892481
00bbac68_6410,12209.366245804345
00bbac68_6411,12208.803282746603
00bbac68_6412,12211.141166264764
00bbac68_6413,12212.253618677467
00bbac68_6414,12211.002593790414
00bbac68_6415,12208.16058989976
00bbac68_6416,12202.934517632
00bbac68_6417,12203.32183315668
00bbac68_6418,12207.106992319532
00bbac68_6419,12213.546303562327
00bbac68_6420,12215.584908775103
00bbac68_6421,12214.334521264267
00bbac68_6422,12213.60629747338
00bbac68_6423,12214.425422774191
00bbac68_6424,12215.695616283674
00bbac68_6425,12215.965791427932
00bbac68_6426,12216.202030950417
00bbac68_6427,12216.120813903728
00bbac68_6428,12216.248600022847
00bbac68_6429,12216.206153138904
00bbac68_6430,12216.240163400353
00bbac68_6431,12216.213507706707
00bbac68_6432,12215.97719283596
00bbac68_6433,12215.987601525761
00bbac68_6434,12215.710734662445
00bbac68_6435,12214.47345247162
00bbac68_6436,12211.236056799064
00bbac68_6437,12211.154713659678
00bbac68_6438,12211.507908199683
00bbac68_6439,12214.268195130318
00bbac68_6440,12213.625316855694
00bbac68_6441,12213.733506302182
00bbac68_6442,12214.043413150355
00bbac68_6443,12214.552479421383
00bbac68_6444,12215.368943077641
00bbac68_6445,12215.434373487027
00bbac68_6446,12215.593790871151
00bbac68_6447,12215.537720202185
00bbac68_6448,12214.889942850328
00bbac68_6449,12212.7008066828
00bbac68_6450,12210.429458532597
00bbac68_6451,12208.59434773512
00bbac68_6452,12210.876927654563
00bbac68_6453,12209.597167390551
00bbac68_6454,12209.204145216521
00bbac68_6455,12206.349048419352
00bbac68_6456,12206.842688255072
00bbac68_6457,12206.575305557766
00bbac68_6458,12208.31761711035
00bbac68_6459,12209.93614690908
00bbac68_6460,12211.093343556355
00bbac68_6461,12209.266631273298
00bbac68_6462,12207.307596757893
00bbac68_6463,12205.282346056723
00bbac68_6464,12204.701522316916
00bbac68_6465,12203.731326725398
00bbac68_6466,12206.282815408907
00bbac68_6467,12209.010602248003
00bbac68_6468,12212.609272750897
00bbac68_6469,12213.408236031159
00bbac68_6470,12212.771511061292
00bbac68_6471,12212.757619051017
00bbac68_6472,12212.951158595186
00bbac68_6473,12211.410750386654
00bbac68_6474,12211.682488769553
00bbac68_6475,12210.647254615558
00bbac68_6476,12212.787041835394
00bbac68_6477,12212.588270515602
00bbac68_6478,12212.615155707555
00bbac68_6479,12211.37172884273
00bbac68_6480,12209.723847730844
00bbac68_6481,12208.212458777358
00bbac68_6482,12207.580979049222
00bbac68_6483,12205.902348528061
00bbac68_6484,12205.374666856607
00bbac68_6485,12206.692082903226
00bbac68_6486,12210.043009798886
00bbac68_6487,12212.710647233594
00bbac68_6488,12213.198163289177
00bbac68_6489,12211.54303834505
00bbac68_6490,12212.152723537356
00bbac68_6491,12211.93943208991
00bbac68_6492,12210.718337923921
00bbac68_6493,12206.772242994097
00bbac68_6494,12204.119784353095
00bbac68_6495,12204.145239374055
00bbac68_6496,12204.827412763718
00bbac68_6497,12206.383093561917
00bbac68_6498,12208.451545402359
00bbac68_6499,12210.888740528404
00bbac68_6500,12211.485219363038
00bbac68_6501,12212.08392904543
00bbac68_6502,12212.038291798599
00bbac68_6503,12213.428257767553
00bbac68_6504,12212.208186723103
00bbac68_6505,12209.738420327109
00bbac68_6506,12207.150203380399
00bbac68_6507,12205.778433463684
00bbac68_6508,12205.697532067774
00bbac68_6509,12203.81089571147
00bbac68_6510,12201.622584355197
00bbac68_6511,12204.278456630009
00bbac68_6512,12207.625690559209
00bbac68_6513,12211.209822991232
00bbac68_6514,12210.521447280387
00bbac68_6515,12210.503556395905
00bbac68_6516,12209.077690167564
00bbac68_6517,12207.330431571327
00bbac68_6518,12206.209209501352
00bbac68_6519,12207.461572231101
00bbac68_6520,12209.891289233123
00bbac68_6521,12208.682638290762
00bbac68_6522,12209.79801295647
00bbac68_6523,12208.487798939152
00bbac68_6524,12210.177205751424
00bbac68_6525,12209.553536221603
00bbac68_6526,12207.324306983259
00bbac68_6527,12208.221301221332
00bbac68_6528,12205.283429734785
00bbac68_6529,12207.000170905661
00bbac68_6530,12204.964368846466
00bbac68_6531,12205.955580311449
00bbac68_6532,12204.666540589373
00bbac68_6533,12205.161021235006
00bbac68_6534,12205.225339653838
00bbac68_6535,12207.67991735178
00bbac68_6536,12209.32553574992
00bbac68_6537,12210.027997435418
00bbac68_6538,12207.852597212315
00bbac68_6539,12207.463476433573
00bbac68_6540,12208.612179093632
00bbac68_6541,12211.282231738303
00bbac68_6542,12210.938042801905
00bbac68_6543,12208.968126539097
00bbac68_6544,12206.4287375152
00bbac68_6545,12206.91969431946
00bbac68_6546,12209.546217804702
00bbac68_6547,12212.226880910612
00bbac68_6548,12209.54512062665
00bbac68_6549,12206.7805226357
00bbac68_6550,12207.388083718624
00bbac68_6551,12210.350734030792
00bbac68_6552,12213.356202964858
00bbac68_6553,12209.427080934793
00bbac68_6554,12209.687907544976
00bbac68_6555,12209.158195989068
00bbac68_6556,12212.947044559709
00bbac68_6557,12212.891038410251
00bbac68_6558,12213.763278078099
00bbac68_6559,12214.00647736506
00bbac68_6560,12209.705969798628
00bbac68_6561,12205.507914168782
00bbac68_6562,12203.069934157757
00bbac68_6563,12204.968025392254
00bbac68_6564,12207.179682467146
00bbac68_6565,12207.124567522007
00bbac68_6566,12208.090143930704
00bbac68_6567,12208.317684063642
00bbac68_6568,12209.422585594735
00bbac68_6569,12209.548599819342
00bbac68_6570,12207.812108632832
00bbac68_6571,12206.298921476642
00bbac68_6572,12206.36230347139
00bbac68_6573,12209.361295949087
00bbac68_6574,12211.539695513964
00bbac68_6575,12212.73544061034
00bbac68_6576,12212.409740105786
00bbac68_6577,12213.102646044927
00bbac68_6578,12210.152858837742
00bbac68_6579,12208.184762070654
00bbac68_6580,12207.05599940475
00bbac68_6581,12208.472393074815
00bbac68_6582,12209.97482518829
00bbac68_6583,12209.982439772024
00bbac68_6584,12209.935431832373
00bbac68_6585,12209.034445772717
00bbac68_6586,12209.887230893575
00bbac68_6587,12209.724035877383
00bbac68_6588,12211.568857427803
00bbac68_6589,12211.208568636728
00bbac68_6590,12212.207292351382
00bbac68_6591,12211.799426595115
00bbac68_6592,12211.540466010652
00bbac68_6593,12209.633145390404
00bbac68_6594,12209.880838200146
00bbac68_6595,12209.89046445101
00bbac68_6596,12212.219144779127
00bbac68_6597,12212.300654711107
00bbac68_6598,12209.95551836617
00bbac68_6599,12209.932607209354
00bbac68_6600,12210.447847140766
00bbac68_6601,12213.836137629349
00bbac68_6602,12214.717114896745
00bbac68_6603,12214.30668090214
00bbac68_6604,12212.18837998439
00bbac68_6605,12207.889501599966
00bbac68_6606,12203.804383743074
00bbac68_6607,12205.738926614365
00bbac68_6608,12207.526133768339
00bbac68_6609,12211.873193178495
00bbac68_6610,12211.735490994623
00bbac68_6611,12213.964592552846
00bbac68_6612,12212.89968924692
00bbac68_6613,12212.01616113163
00bbac68_6614,12212.250840765795
00bbac68_6615,12213.252523423083
00bbac68_6616,12213.628580781966
00bbac68_6617,12212.990047520136
00bbac68_6618,12212.979093247224
00bbac68_6619,12213.493843004626
00bbac68_6620,12212.449776602849
00bbac68_6621,12210.004165217155
00bbac68_6622,12208.02559379057
00bbac68_6623,12208.142753866969
00bbac68_6624,12210.83079474557
00bbac68_6625,12213.25891055422
00bbac68_6626,12213.917931070018
00bbac68_6627,12213.859795693772
00bbac68_6628,12213.394805638245
00bbac68_6629,12213.851090837465
00bbac68_6630,12213.703803306076
00bbac68_6631,12213.62419283385
00bbac68_6632,12213.75677977739
00bbac68_6633,12213.532098986281
00bbac68_6634,12213.270211428395
00bbac68_6635,12212.743317797445
00bbac68_6636,12211.783014604194
00bbac68_6637,12212.105634998441
00bbac68_6638,12211.736195246109
00bbac68_6639,12210.5025478673
00bbac68_6640,12210.534394700893
00bbac68_6641,12209.103719073746
00bbac68_6642,12211.313381078231
00bbac68_6643,12209.096726458729
00bbac68_6644,12210.711746000647
00bbac68_6645,12211.233978892531
00bbac68_6646,12214.431419430692
00bbac68_6647,12214.15936652752
00bbac68_6648,12211.061711604883
00bbac68_6649,12209.754573563381
00bbac68_6650,12210.749392224097
00bbac68_6651,12213.73919569604
00bbac68_6652,12214.45873106369
00bbac68_6653,12214.700641516503
00bbac68_6654,12214.580505246633
00bbac68_6655,12213.90801239457
00bbac68_6656,12213.258348383877
00bbac68_6657,12213.30498398032
00bbac68_6658,12212.075015109376
00bbac68_6659,12213.130577292148
00bbac68_6660,12213.74892490526
00bbac68_6661,12214.535291447472
00bbac68_6662,12214.928152861248
00bbac68_6663,12212.805913120237
00bbac68_6664,12212.011776516338
00bbac68_6665,12211.345244814242
00bbac68_6666,12210.914635596464
00bbac68_6667,12212.611152746858
00bbac68_6668,12212.37935313173
00bbac68_6669,12214.284479582908
00bbac68_6670,12214.30733985167
00bbac68_6671,12214.144307684133
00bbac68_6672,12211.122588959106
00bbac68_6673,12210.079346071876
00bbac68_6674,12207.594078259528
00bbac68_6675,12210.449005671684
00bbac68_6676,12210.488433604909
00bbac68_6677,12212.828340709422
00bbac68_6678,12212.408773347173
00bbac68_6679,12213.175031384699
00bbac68_6680,12213.066563684746
00bbac68_6681,12213.536531217898
00bbac68_6682,12212.687249575914
00bbac68_6683,12212.068041690378
00bbac68_6684,12212.161437947843
00bbac68_6685,12213.711388286945
00bbac68_6686,12215.105805133964
00bbac68_6687,12212.157761170793
00bbac68_6688,12208.623825483695
00bbac68_6689,12205.5051503189
00bbac68_6690,12206.360449690326
00bbac68_6691,12207.183293220822
00bbac68_6692,12209.473903603968
00bbac68_6693,12211.406562506745
00bbac68_6694,12213.615225878899
00bbac68_6695,12213.784347741015
00bbac68_6696,12213.591170369022
00bbac68_6697,12212.86995383267
00bbac68_6698,12212.109162737843
00bbac68_6699,12212.26647959066
00bbac68_6700,12212.634978833952
00bbac68_6701,12213.324388584157
00bbac68_6702,12213.231515182282
00bbac68_6703,12213.127445193466
00bbac68_6704,12213.299399126297
00bbac68_6705,12213.492089561187
00bbac68_6706,12213.593066128182
00bbac68_6707,12213.440958320489
00bbac68_6708,12213.326262884053
00bbac68_6709,12213.245191630429
00bbac68_6710,12213.332665242042
00bbac68_6711,12212.608650811004
00bbac68_6712,12212.274403508078
00bbac68_6713,12211.211186953025
00bbac68_6714,12210.82569131745
00bbac68_6715,12211.55627040487
00bbac68_6716,12210.474081136106
00bbac68_6717,12210.15388408534
00bbac68_6718,12209.016962308213
00bbac68_6719,12210.549148783053
00bbac68_6720,12211.96104779158
00bbac68_6721,12211.670474226246
00bbac68_6722,12212.068891992787
00bbac68_6723,12212.091157808894
00bbac68_6724,12213.133130759865
00bbac68_6725,12213.322009525991
00bbac68_6726,12213.299389857571
00bbac68_6727,12213.266349492988
00bbac68_6728,12212.545133691026
00bbac68_6729,12212.832213697417
00bbac68_6730,12212.709083771459
00bbac68_6731,12214.463119076367
00bbac68_6732,12214.373640260215
00bbac68_6733,12214.71056421883
00bbac68_6734,12212.376409022587
00bbac68_6735,12212.265766642076
00bbac68_6736,12211.924678740123
00bbac68_6737,12213.09159318344
00bbac68_6738,12212.331663407114
00bbac68_6739,12211.573122692498
00bbac68_6740,12212.243228559782
00bbac68_6741,12213.354305177449
00bbac68_6742,12215.6522239048
00bbac68_6743,12215.781456929471
00bbac68_6744,12216.673740823135
00bbac68_6745,12216.5130781408
00bbac68_6746,12217.076541901246
00bbac68_6747,12217.109583655021
00bbac68_6748,12217.202228174892
00bbac68_6749,12217.719384836657
00bbac68_6750,12217.876168470604
00bbac68_6751,12215.446276189095
00bbac68_6752,12212.851491096886
00bbac68_6753,12212.209074416542
00bbac68_6754,12210.413797788655
00bbac68_6755,12211.393473254624
00bbac68_6756,12211.681957585171
00bbac68_6757,12215.230023654249
00bbac68_6758,12216.004750368365
00bbac68_6759,12215.932560764033
00bbac68_6760,12213.463450189149
00bbac68_6761,12213.350582452154
00bbac68_6762,12212.530900540098
00bbac68_6763,12215.443188735511
00bbac68_6764,12215.949328403483
00bbac68_6765,12216.883288618765
00bbac68_6766,12217.552129193253
00bbac68_6767,12217.849645959786
00bbac68_6768,12217.995279902907
00bbac68_6769,12217.413108513763
00bbac68_6770,12216.593593887394
00bbac68_6771,12215.641263058773
00bbac68_6772,12214.637118903962
00bbac68_6773,12213.938795420734
00bbac68_6774,12213.867552375843
00bbac68_6775,12214.019925459821
00bbac68_6776,12213.919358507052
00bbac68_6777,12213.364489887746
00bbac68_6778,12213.21666533459
00bbac68_6779,12213.346861970867
00bbac68_6780,12213.774551745499
00bbac68_6781,12214.009830351424
00bbac68_6782,12212.515522278749
00bbac68_6783,12212.319841492344
00bbac68_6784,12212.06716336088
00bbac68_6785,12210.856948693943
00bbac68_6786,12211.444857743134
00bbac68_6787,12210.416048857556
00bbac68_6788,12210.443243898344
00bbac68_6789,12210.522144072393
00bbac68_6790,12208.884098633442
00bbac68_6791,12211.442270321817
00bbac68_6792,12210.588069564335
00bbac68_6793,12213.000875880301
00bbac68_6794,12212.831555721976
00bbac68_6795,12212.984342845413
00bbac68_6796,12212.687280592341
00bbac68_6797,12210.329746911228
00bbac68_6798,12210.01832556366
00bbac68_6799,12209.259637469688
00bbac68_6800,12208.077050440968
00bbac68_6801,12207.883960716652
00bbac68_6802,12207.813949875546
00bbac68_6803,12211.46013164336
00bbac68_6804,12211.808709305027
00bbac68_6805,12212.702117545821
00bbac68_6806,12212.597240178407
00bbac68_6807,12212.374445704227
00bbac68_6808,12212.788326455624
00bbac68_6809,12210.67796202621
00bbac68_6810,12211.416621551069
00bbac68_6811,12211.58528500244
00bbac68_6812,12214.013626329317
00bbac68_6813,12213.146497981716
00bbac68_6814,12212.975290422757
00bbac68_6815,12212.770253598255
00bbac68_6816,12212.630428268372
00bbac68_6817,12212.444293147752
00bbac68_6818,12211.713993367588
00bbac68_6819,12212.638068723807
00bbac68_6820,12212.787163048599
00bbac68_6821,12213.808499067314
00bbac68_6822,12213.923714169568
00bbac68_6823,12213.152288624717
00bbac68_6824,12210.414915238654
00bbac68_6825,12209.992069211143
00bbac68_6826,12210.388188220313
00bbac68_6827,12211.941234966858
00bbac68_6828,12211.393472724567
00bbac68_6829,12210.978651044075
00bbac68_6830,12211.618542610653
00bbac68_6831,12209.692501071242
00bbac68_6832,12209.265626757035
00bbac68_6833,12209.96069009172
00bbac68_6834,12213.008731902892
00bbac68_6835,12214.679539890984
00bbac68_6836,12213.643679786974
00bbac68_6837,12208.22382662475
00bbac68_6838,12206.046247972374
00bbac68_6839,12205.04733020023
00bbac68_6840,12208.701309703762
00bbac68_6841,12206.671975850762
00bbac68_6842,12206.825333638093
00bbac68_6843,12204.164728206242
00bbac68_6844,12203.633111457153
00bbac68_6845,12201.161625391394
00bbac68_6846,12202.846992404817
00bbac68_6847,12206.24089443119
00bbac68_6848,12209.153670147294
00bbac68_6849,12211.29633555974
00bbac68_6850,12211.556960613234
00bbac68_6851,12211.940976770033
00bbac68_6852,12211.686891096593
00bbac68_6853,12209.322508072597
00bbac68_6854,12208.947274091786
00bbac68_6855,12210.967925284824
00bbac68_6856,12213.075608884823
00bbac68_6857,12214.519460600177
00bbac68_6858,12212.39067209785
00bbac68_6859,12213.32707592016
00bbac68_6860,12212.935345950944
00bbac68_6861,12213.41074430794
00bbac68_6862,12213.393003422521
00bbac68_6863,12213.414240675273
00bbac68_6864,12213.114212193323
00bbac68_6865,12213.232767207106
00bbac68_6866,12212.712451600522
00bbac68_6867,12213.440170957874
00bbac68_6868,12212.999664797206
00bbac68_6869,12212.230628944226
00bbac68_6870,12211.302473977858
00bbac68_6871,12211.628771718375
00bbac68_6872,12213.1141235229
00bbac68_6873,12213.630993399116
00bbac68_6874,12213.275191441964
00bbac68_6875,12213.116972461541
00bbac68_6876,12213.309652463397
00bbac68_6877,12213.853541340779
00bbac68_6878,12214.264497846123
00bbac68_6879,12214.650020237614
00bbac68_6880,12214.191950681039
00bbac68_6881,12213.935858348443
00bbac68_6882,12213.544694885664
00bbac68_6883,12213.86165858747
00bbac68_6884,12213.790949313707
00bbac68_6885,12213.686116002335
00bbac68_6886,12213.750223903067
00bbac68_6887,12213.693028963562
00bbac68_6888,12213.683774475598
00bbac68_6889,12213.728658688096
00bbac68_6890,12213.127424782613
00bbac68_6891,12213.379589993021
00bbac68_6892,12213.506396174895
00bbac68_6893,12214.642375320995
00bbac68_6894,12214.842728626822
00bbac68_6895,12214.903043490789
00bbac68_6896,12215.061157545264
00bbac68_6897,12215.293846113631
00bbac68_6898,12215.650442997117
00bbac68_6899,12215.305569728922
00bbac68_6900,12212.716079499101
00bbac68_6901,12209.497694579315
00bbac68_6902,12208.466721860192
00bbac68_6903,12210.175168369286
00bbac68_6904,12212.267849250682
00bbac68_6905,12211.447608060846
00bbac68_6906,12209.81403240318
00bbac68_6907,12208.965665588848
00bbac68_6908,12210.24400823215
00bbac68_6909,12211.966485875208
00bbac68_6910,12212.938210788023
00bbac68_6911,12211.833171280092
00bbac68_6912,12211.495285955605
00bbac68_6913,12212.300981082952
00bbac68_6914,12211.116863103778
00bbac68_6915,12209.30287519389
00bbac68_6916,12208.831992307854
00bbac68_6917,12208.950990722245
00bbac68_6918,12211.67431706618
00bbac68_6919,12211.077051463886
00bbac68_6920,12211.779339095177
00bbac68_6921,12208.971693187372
00bbac68_6922,12207.196267334613
00bbac68_6923,12207.751457410044
00bbac68_6924,12209.433800575358
00bbac68_6925,12211.589118762131
00bbac68_6926,12211.94727903609
00bbac68_6927,12212.758376687154
00bbac68_6928,12212.4369858094
00bbac68_6929,12213.321296495333
00bbac68_6930,12213.23324643879
00bbac68_6931,12214.337798372611
00bbac68_6932,12214.565491405994
00bbac68_6933,12214.82071888487
00bbac68_6934,12213.632895527999
00bbac68_6935,12211.748152675704
00bbac68_6936,12208.614652140785
00bbac68_6937,12208.749158454397
00bbac68_6938,12210.18247804709
00bbac68_6939,12210.037188632921
00bbac68_6940,12210.42339652431
00bbac68_6941,12208.984771856465
00bbac68_6942,12208.954992313584
00bbac68_6943,12208.330111136333
00bbac68_6944,12207.084103641413
00bbac68_6945,12209.87840388462
00bbac68_6946,12209.85779752981
00bbac68_6947,12212.19109037697
00bbac68_6948,12212.575326668439
00bbac68_6949,12211.963223472378
00bbac68_6950,12212.35463080585
00bbac68_6951,12208.35092996012
00bbac68_6952,12209.711758722065
00bbac68_6953,12207.942838182122
00bbac68_6954,12211.047220000813
00bbac68_6955,12210.815031568209
00bbac68_6956,12208.018259025097
00bbac68_6957,12208.09101197215
00bbac68_6958,12208.27519388798
00bbac68_6959,12212.871814573315
00bbac68_6960,12214.090293934178
00bbac68_6961,12214.510779242684
00bbac68_6962,12214.902463674747
00bbac68_6963,12214.054921323104
00bbac68_6964,12213.393349475979
00bbac68_6965,12212.41066870341
00bbac68_6966,12211.67702918504
00bbac68_6967,12211.929126793946
00bbac68_6968,12211.509799135893
00bbac68_6969,12211.685483987976
00bbac68_6970,12212.036470915691
00bbac68_6971,12213.26170399949
00bbac68_6972,12214.392406076884
00bbac68_6973,12214.442907597695
00bbac68_6974,12213.64680301125
00bbac68_6975,12213.576651163465
00bbac68_6976,12212.938620778828
00bbac68_6977,12213.542781509028
00bbac68_6978,12213.42645845049
00bbac68_6979,12214.089593243998
00bbac68_6980,12213.9897441273
00bbac68_6981,12214.165720107221
00bbac68_6982,12213.618810351103
00bbac68_6983,12213.269546993579
00bbac68_6984,12213.303840455543
00bbac68_6985,12213.720075378735
00bbac68_6986,12215.141244984776
00bbac68_6987,12215.85055330695
00bbac68_6988,12216.5688116504
00bbac68_6989,12216.686678511416
00bbac68_6990,12217.06855621857
00bbac68_6991,12216.406359210496
00bbac68_6992,12216.703605131806
00bbac68_6993,12216.797430402605
00bbac68_6994,12218.557049547671
00bbac68_6995,12218.54454897262
00bbac68_6996,12218.289405966962
00bbac68_6997,12216.534073477445
00bbac68_6998,12215.828072018092
00bbac68_6999,12215.35361270918
00bbac68_7000,12215.765453764814
00bbac68_7001,12216.105455988245
00bbac68_7002,12216.641454095216
00bbac68_7003,12217.140124158328
00bbac68_7004,12216.37011882177
00bbac68_7005,12211.901521025524
00bbac68_7006,12205.964016935874
00bbac68_7007,12202.430429740974
00bbac68_7008,12204.093028531066
00bbac68_7009,12205.498391324198
00bbac68_7010,12205.151864792037
00bbac68_7011,12204.484125112896
00bbac68_7012,12208.268048567632
00bbac68_7013,12211.890502706892
00bbac68_7014,12214.54511845685
00bbac68_7015,12214.972774041875
00bbac68_7016,12215.217192693855
00bbac68_7017,12214.582244570769
00bbac68_7018,12210.10363788761
00bbac68_7019,12209.403971990236
00bbac68_7020,12208.960048483743
00bbac68_7021,12210.36171722627
00bbac68_7022,12210.063542004747
00bbac68_7023,12211.088250995033
00bbac68_7024,12213.716332710972
00bbac68_7025,12214.195769102667
00bbac68_7026,12212.344044662585
00bbac68_7027,12210.388387831057
00bbac68_7028,12210.093709005669
00bbac68_7029,12208.540638986378
00bbac68_7030,12206.745874573206
00bbac68_7031,12203.678828960294
00bbac68_7032,12202.937072619965
00bbac68_7033,12203.075685626083
00bbac68_7034,12203.453291911248
00bbac68_7035,12203.505956194602
00bbac68_7036,12202.175935897758
00bbac68_7037,12201.348845081107
00bbac68_7038,12203.296473992194
00bbac68_7039,12206.291370405686
00bbac68_7040,12208.865044101729
00bbac68_7041,12209.002962433027
00bbac68_7042,12209.966372291841
00bbac68_7043,12210.855992521783
00bbac68_7044,12211.558888483856
00bbac68_7045,12211.044107588163
00bbac68_7046,12211.14388687
00bbac68_7047,12211.736007318634
00bbac68_7048,12211.622046508222
00bbac68_7049,12211.783246617584
00bbac68_7050,12211.864336832734
00bbac68_7051,12212.56773319607
00bbac68_7052,12212.403988979126
00bbac68_7053,12212.020673980534
00bbac68_7054,12211.75702942368
00bbac68_7055,12211.78745116004
00bbac68_7056,12211.90345272724
00bbac68_7057,12212.656418790017
00bbac68_7058,12212.753649560458
00bbac68_7059,12211.094091927254
00bbac68_7060,12209.480350493875
00bbac68_7061,12208.501040246823
00bbac68_7062,12210.000000256907
00bbac68_7063,12209.093366481948
00bbac68_7064,12208.439464698431
00bbac68_7065,12209.237147223006
00bbac68_7066,12210.932783746435
00bbac68_7067,12213.415820280354
00bbac68_7068,12213.130042478353
00bbac68_7069,12213.8749412716
00bbac68_7070,12214.032104718664
00bbac68_7071,12214.685386683277
00bbac68_7072,12215.56108082454
00bbac68_7073,12215.732099572313
00bbac68_7074,12214.551648074621
00bbac68_7075,12213.900227216931
00bbac68_7076,12211.057639665496
00bbac68_7077,12209.494651296021
00bbac68_7078,12207.155197565771
00bbac68_7079,12207.016416283004
00bbac68_7080,12207.828927413173
00bbac68_7081,12210.548275760166
00bbac68_7082,12211.472561919067
00bbac68_7083,12211.59450257708
00bbac68_7084,12210.885170586918
00bbac68_7085,12212.62638248795
00bbac68_7086,12214.537492657226
00bbac68_7087,12215.386675169886
00bbac68_7088,12215.566689201796
00bbac68_7089,12215.490807369732
00bbac68_7090,12215.326479407982
00bbac68_7091,12215.31551633063
00bbac68_7092,12215.321638075126
00bbac68_7093,12216.071644871927
00bbac68_7094,12216.657102780295
00bbac68_7095,12217.686644749594
00bbac68_7096,12217.5598171798
00bbac68_7097,12217.10048428989
00bbac68_7098,12216.232584024072
00bbac68_7099,12215.69321561558
00bbac68_7100,12214.77323260458
00bbac68_7101,12214.51952195981
00bbac68_7102,12215.15371412214
00bbac68_7103,12217.097544152186
00bbac68_7104,12218.493462310818
00bbac68_7105,12219.181714201552
00bbac68_7106,12219.062962635913
00bbac68_7107,12219.021010317905
00bbac68_7108,12218.98635693859
00bbac68_7109,12219.120237631316
00bbac68_7110,12219.397576376074
00bbac68_7111,12219.141597121203
00bbac68_7112,12218.91341800992
00bbac68_7113,12217.962518055712
00bbac68_7114,12217.271862213878
00bbac68_7115,12217.073114095283
00bbac68_7116,12211.73673926768
00bbac68_7117,12206.719420602385
00bbac68_7118,12204.211624969865
00bbac68_7119,12208.207671346658
00bbac68_7120,12213.447677047217
00bbac68_7121,12212.483213410493
00bbac68_7122,12214.162937799156
00bbac68_7123,12215.47994249507
00bbac68_7124,12220.116328831908
00bbac68_7125,12220.456947470579
00bbac68_7126,12218.922933928667
00bbac68_7127,12218.180368412504
00bbac68_7128,12218.691147884107
00bbac68_7129,12219.978391089166
00bbac68_7130,12220.521161855808
00bbac68_7131,12220.50141786285
00bbac68_7132,12220.466045868568
00bbac68_7133,12220.38901266784
00bbac68_7134,12220.32163928795
00bbac68_7135,12220.297891474249
00bbac68_7136,12220.237235160072
00bbac68_7137,12220.2608049116
00bbac68_7138,12219.740389233622
00bbac68_7139,12219.281229748689
00bbac68_7140,12218.742462592823
00bbac68_7141,12218.783351816972
00bbac68_7142,12218.425873591214
00bbac68_7143,12218.423120031192
00bbac68_7144,12218.178801962886
00bbac68_7145,12218.389574688636
00bbac68_7146,12217.758265095565
00bbac68_7147,12218.61775816345
00bbac68_7148,12219.218650655088
00bbac68_7149,12219.509788869533
00bbac68_7150,12218.897549582294
00bbac68_7151,12218.86448813242
00bbac68_7152,12219.498881946367
00bbac68_7153,12220.234094382939
00bbac68_7154,12220.558736832982
00bbac68_7155,12221.015289028277
00bbac68_7156,12220.84558645873
00bbac68_7157,12217.593937763724
00bbac68_7158,12214.758123997972
00bbac68_7159,12209.849838705202
00bbac68_7160,12210.650924037715
00bbac68_7161,12209.506248449325
00bbac68_7162,12210.759103296747
00bbac68_7163,12210.308854225455
00bbac68_7164,12211.312736909904
00bbac68_7165,12213.570802421338
00bbac68_7166,12214.179294994758
00bbac68_7167,12215.618878520845
00bbac68_7168,12214.898616613062
00bbac68_7169,12215.288867399619
00bbac68_7170,12214.595616123406
00bbac68_7171,12215.298312430868
00bbac68_7172,12215.522899192298
00bbac68_7173,12212.80827011931
00bbac68_7174,12212.362466013781
00bbac68_7175,12211.59536962281
00bbac68_7176,12214.2007327552
00bbac68_7177,12214.280135929113
00bbac68_7178,12214.387427350854
00bbac68_7179,12213.941052813932
00bbac68_7180,12213.035448321885
00bbac68_7181,12211.101816302033
00bbac68_7182,12210.03661907957
00bbac68_7183,12209.590269586608
00bbac68_7184,12209.729161867968
00bbac68_7185,12209.156881977628
00bbac68_7186,12208.5369010099
00bbac68_7187,12208.873555929902
00bbac68_7188,12209.774867128093
00bbac68_7189,12209.221357297456
00bbac68_7190,12208.727037133243
00bbac68_7191,12206.968336579232
00bbac68_7192,12208.600691351092
00bbac68_7193,12206.16394875854
00bbac68_7194,12206.77663212931
00bbac68_7195,12202.340185666579
00bbac68_7196,12204.260628732707
00bbac68_7197,12203.977663070464
00bbac68_7198,12206.042739068007
00bbac68_7199,12206.977022747697
00bbac68_7200,12208.376682724736
00bbac68_7201,12209.522979879896
00bbac68_7202,12210.222896745518
00bbac68_7203,12210.927019391791
00bbac68_7204,12210.862976574024
00bbac68_7205,12209.63896503826
00bbac68_7206,12206.995923684479
00bbac68_7207,12207.701877782436
00bbac68_7208,12209.197399028531
00bbac68_7209,12211.3820506305
00bbac68_7210,12212.775777232535
00bbac68_7211,12212.622841591428
00bbac68_7212,12212.936765962566
00bbac68_7213,12210.62331011823
00bbac68_7214,12210.014959135748
00bbac68_7215,12209.840331529114
00bbac68_7216,12211.86052986272
00bbac68_7217,12210.720771629569
00bbac68_7218,12208.663215018643
00bbac68_7219,12206.693810715742
00bbac68_7220,12207.722933551011
00bbac68_7221,12210.101134883706
00bbac68_7222,12212.866380946793
00bbac68_7223,12214.48814019807
00bbac68_7224,12212.785486348459
00bbac68_7225,12211.828320810231
00bbac68_7226,12211.42990092288
00bbac68_7227,12213.977310679797
00bbac68_7228,12214.64679455987
00bbac68_7229,12215.396260048481
00bbac68_7230,12215.04705040883
00bbac68_7231,12213.842163062543
00bbac68_7232,12213.17639313807
00bbac68_7233,12213.688884683148
00bbac68_7234,12214.338669077128
00bbac68_7235,12214.9537681358
00bbac68_7236,12215.798703358436
00bbac68_7237,12216.827301832805
00bbac68_7238,12217.769780908917
00bbac68_7239,12217.660111251127
00bbac68_7240,12214.866201609768
00bbac68_7241,12209.785423198868
00bbac68_7242,12207.539588681002
00bbac68_7243,12207.089454023187
00bbac68_7244,12211.571478520787
00bbac68_7245,12214.479714293257
00bbac68_7246,12218.008817726595
00bbac68_7247,12218.277795097618
00bbac68_7248,12216.22541007892
00bbac68_7249,12216.29893574788
00bbac68_7250,12216.609376726221
00bbac68_7251,12218.750585494976
00bbac68_7252,12219.410488176596
00bbac68_7253,12217.63259564765
00bbac68_7254,12215.739636867924
00bbac68_7255,12212.351061054125
00bbac68_7256,12211.318375049472
00bbac68_7257,12212.248712295926
00bbac68_7258,12214.602625498983
00bbac68_7259,12217.096429720228
00bbac68_7260,12217.805244769354
00bbac68_7261,12216.369974446912
00bbac68_7262,12216.018305303065
00bbac68_7263,12211.823582642037
00bbac68_7264,12209.507289624404
00bbac68_7265,12205.431947662024
00bbac68_7266,12206.23115302538
00bbac68_7267,12207.434197132477
00bbac68_7268,12209.281220719742
00bbac68_7269,12208.848357200239
00bbac68_7270,12209.225327859807
00bbac68_7271,12209.356463758466
00bbac68_7272,12210.11645712817
00bbac68_7273,12209.566247449498
00bbac68_7274,12210.00570222454
00bbac68_7275,12211.832388859313
00bbac68_7276,12212.825269477973
00bbac68_7277,12215.072014834273
00bbac68_7278,12214.469348624241
00bbac68_7279,12212.322249094244
00bbac68_7280,12208.24184222104
00bbac68_7281,12206.769675197656
00bbac68_7282,12207.936752049793
00bbac68_7283,12209.334320715914
00bbac68_7284,12210.51620016076
00bbac68_7285,12211.660204478649
00bbac68_7286,12215.526986409319
00bbac68_7287,12217.52485770842
00bbac68_7288,12219.912783435939
00bbac68_7289,12219.750826938403
00bbac68_7290,12219.797017050114
00bbac68_7291,12220.096747652666
00bbac68_7292,12218.505928918916
00bbac68_7293,12218.176776167647
00bbac68_7294,12215.83999802001
00bbac68_7295,12212.706066961278
00bbac68_7296,12213.663855105806
00bbac68_7297,12213.697192563399
00bbac68_7298,12216.393714922875
00bbac68_7299,12213.681058497801
00bbac68_7300,12213.678932848545
00bbac68_7301,12213.702263336025
00bbac68_7302,12212.657633251087
00bbac68_7303,12213.161414238568
00bbac68_7304,12214.74852532905
00bbac68_7305,12218.821474897892
00bbac68_7306,12221.988626236141
00bbac68_7307,12222.705146149585
00bbac68_7308,12221.304327403093
00bbac68_7309,12218.920682235368
00bbac68_7310,12216.258158900606
00bbac68_7311,12215.566775705747
00bbac68_7312,12215.686324850023
00bbac68_7313,12216.825915722851
00bbac68_7314,12214.135347980262
00bbac68_7315,12212.295752852626
00bbac68_7316,12209.752214141494
00bbac68_7317,12210.521684599213
00bbac68_7318,12209.960255629267
00bbac68_7319,12213.211578301632
00bbac68_7320,12216.638732743051
00bbac68_7321,12216.810758025216
00bbac68_7322,12214.592608801482
00bbac68_7323,12213.214965456476
00bbac68_7324,12214.746006585978
00bbac68_7325,12215.005024576123
00bbac68_7326,12214.966065821724
00bbac68_7327,12214.604550783828
00bbac68_7328,12212.96272993988
00bbac68_7329,12210.821585975833
00bbac68_7330,12209.734451709985
00bbac68_7331,12210.433132077116
00bbac68_7332,12211.464222363893
00bbac68_7333,12213.704104575416
00bbac68_7334,12216.420015498932
00bbac68_7335,12217.354965068012
00bbac68_7336,12216.081425345168
00bbac68_7337,12214.245784273162
00bbac68_7338,12214.438874202446
00bbac68_7339,12215.46787515742
00bbac68_7340,12216.892723528528
00bbac68_7341,12217.428649035968
00bbac68_7342,12218.0834320995
00bbac68_7343,12218.451332209632
00bbac68_7344,12218.507525342075
00bbac68_7345,12217.762627856333
00bbac68_7346,12216.401670757718
00bbac68_7347,12214.946080478307
00bbac68_7348,12214.741395785595
00bbac68_7349,12214.756860572232
00bbac68_7350,12215.71913621242
00bbac68_7351,12214.089493126254
00bbac68_7352,12213.548709058137
00bbac68_7353,12211.297007012085
00bbac68_7354,12210.57348156254
00bbac68_7355,12207.852600321014
00bbac68_7356,12208.123807853988
00bbac68_7357,12205.817702982635
00bbac68_7358,12211.326955888653
00bbac68_7359,12215.200486822914
00bbac68_7360,12221.138823281259
00bbac68_7361,12219.12409507978
00bbac68_7362,12218.338385742665
00bbac68_7363,12218.027803690942
00bbac68_7364,12219.278651405346
00bbac68_7365,12219.447672452647
00bbac68_7366,12219.682527562045
00bbac68_7367,12219.804533360666
00bbac68_7368,12219.482410996088
00bbac68_7369,12219.435992046449
00bbac68_7370,12217.685583078919
00bbac68_7371,12218.684545096163
00bbac68_7372,12218.77260756614
00bbac68_7373,12221.579560131539
00bbac68_7374,12221.823698367647
00bbac68_7375,12220.326636050595
00bbac68_7376,12218.0337903985
00bbac68_7377,12215.430561769293
00bbac68_7378,12216.017609578383
00bbac68_7379,12216.10505887703
00bbac68_7380,12215.246462821036
00bbac68_7381,12213.369768496777
00bbac68_7382,12210.162739605164
00bbac68_7383,12210.032557750892
00bbac68_7384,12210.074713999458
00bbac68_7385,12212.212922263796
00bbac68_7386,12214.742487459467
00bbac68_7387,12213.879637870605
00bbac68_7388,12212.577494404863
00bbac68_7389,12212.695196040388
00bbac68_7390,12216.1073942347
00bbac68_7391,12219.881112980549
00bbac68_7392,12220.28593325628
00bbac68_7393,12220.222724469395
00bbac68_7394,12218.87263542779
00bbac68_7395,12213.76684508487
00bbac68_7396,12210.897666111885
00bbac68_7397,12208.658751528274
00bbac68_7398,12209.708855860104
00bbac68_7399,12208.636682479371
00bbac68_7400,12212.23669584418
00bbac68_7401,12216.850818032894
00bbac68_7402,12221.505669246008
00bbac68_7403,12217.965409222374
00bbac68_7404,12209.71244243544
00bbac68_7405,12205.638316879129
00bbac68_7406,12205.154310498876
00bbac68_7407,12209.604052587485
00bbac68_7408,12210.471273746554
00bbac68_7409,12212.597253761736
00bbac68_7410,12215.020775866484
00bbac68_7411,12217.559371739313
00bbac68_7412,12219.081498048865
00bbac68_7413,12218.732060939588
00bbac68_7414,12218.441482758337
00bbac68_7415,12218.183538257732
00bbac68_7416,12218.833061412215
00bbac68_7417,12219.444325434248
00bbac68_7418,12220.043601043872
00bbac68_7419,12220.17399539461
00bbac68_7420,12220.057723043763
00bbac68_7421,12219.867928535888
00bbac68_7422,12219.70813415823
00bbac68_7423,12219.66062300154
00bbac68_7424,12219.417242714737
00bbac68_7425,12219.489372423312
00bbac68_7426,12218.841380937089
00bbac68_7427,12217.76724269973
00bbac68_7428,12215.91750170324
00bbac68_7429,12214.12310981907
00bbac68_7430,12214.58091159971
00bbac68_7431,12215.468300064415
00bbac68_7432,12215.173747186413
00bbac68_7433,12211.94470417151
00bbac68_7434,12210.469803249134
00bbac68_7435,12210.789197496144
00bbac68_7436,12212.197225952803
00bbac68_7437,12211.9989688943
00bbac68_7438,12212.382240104382
00bbac68_7439,12213.617362311279
00bbac68_7440,12214.662407369751
00bbac68_7441,12215.378333986504
00bbac68_7442,12213.540785426163
00bbac68_7443,12210.566679967325
00bbac68_7444,12206.501941016168
00bbac68_7445,12208.056221048166
00bbac68_7446,12213.920480483146
00bbac68_7447,12219.857903797012
00bbac68_7448,12222.073752542967
00bbac68_7449,12220.614429865329
00bbac68_7450,12220.192224626713
00bbac68_7451,12219.255064999723
00bbac68_7452,12216.603809559912
00bbac68_7453,12212.544040140756
00bbac68_7454,12207.091390604228
00bbac68_7455,12202.848809176678
00bbac68_7456,12201.694102012252
00bbac68_7457,12205.487879607745
00bbac68_7458,12209.66650697993
00bbac68_7459,12211.9348796759
00bbac68_7460,12211.511741018765
00bbac68_7461,12213.20928291897
00bbac68_7462,12214.93960031467
00bbac68_7463,12216.498092061978
00bbac68_7464,12216.87404446165
00bbac68_7465,12217.258347255352
00bbac68_7466,12217.374151864127
00bbac68_7467,12217.30260636045
00bbac68_7468,12216.442370359955
00bbac68_7469,12215.79560791853
00bbac68_7470,12214.900806296364
00bbac68_7471,12214.159510314405
00bbac68_7472,12211.88784145688
00bbac68_7473,12207.997552890543
00bbac68_7474,12206.563504312531
00bbac68_7475,12209.17664371303
00bbac68_7476,12213.092969965459
00bbac68_7477,12215.625220978922
00bbac68_7478,12215.404738322926
00bbac68_7479,12215.923308380394
00bbac68_7480,12216.233198649665
00bbac68_7481,12216.770728110567
00bbac68_7482,12213.17012009614
00bbac68_7483,12209.777952376018
00bbac68_7484,12207.267061501416
00bbac68_7485,12207.9531972095
00bbac68_7486,12207.021615947495
00bbac68_7487,12204.017205670398
00bbac68_7488,12202.670492074447
00bbac68_7489,12204.259208654932
00bbac68_7490,12202.750719365167
00bbac68_7491,12205.280980522175
00bbac68_7492,12204.418959145683
00bbac68_7493,12208.06266872596
00bbac68_7494,12204.511195638288
00bbac68_7495,12201.421590631808
00bbac68_7496,12198.794485485414
00bbac68_7497,12197.908219799952
00bbac68_7498,12200.606944400652
00bbac68_7499,12204.414136136184
00bbac68_7500,12204.988456628722
00bbac68_7501,12205.867800958536
00bbac68_7502,12203.394344502996
00bbac68_7503,12207.521509300253
00bbac68_7504,12208.485035013995
00bbac68_7505,12212.140339553584
00bbac68_7506,12213.071301662689
00bbac68_7507,12213.212656603397
00bbac68_7508,12211.985877735528
00bbac68_7509,12208.1340270289
00bbac68_7510,12208.35066824499
00bbac68_7511,12207.928466390687
00bbac68_7512,12210.17629601071
00bbac68_7513,12205.894031770013
00bbac68_7514,12203.78684132224
00bbac68_7515,12204.92215090219
00bbac68_7516,12210.382548965857
00bbac68_7517,12214.634701151086
00bbac68_7518,12215.738324151484
00bbac68_7519,12216.218056875272
00bbac68_7520,12216.408053795167
00bbac68_7521,12216.584568777345
00bbac68_7522,12215.951498246606
00bbac68_7523,12215.953019693321
00bbac68_7524,12215.828372827418
00bbac68_7525,12215.759788049741
00bbac68_7526,12215.063946962817
00bbac68_7527,12214.571683126274
00bbac68_7528,12212.46753167997
00bbac68_7529,12212.722060831127
00bbac68_7530,12211.631486125385
00bbac68_7531,12214.186879525287
00bbac68_7532,12214.368778172684
00bbac68_7533,12215.762632500255
00bbac68_7534,12215.960616372424
00bbac68_7535,12216.341306591523
00bbac68_7536,12216.277055690969
00bbac68_7537,12216.70923676069
00bbac68_7538,12217.802094275272
00bbac68_7539,12219.289343439696
00bbac68_7540,12220.405450607
00bbac68_7541,12220.174895431452
00bbac68_7542,12220.657738144253
00bbac68_7543,12220.708310050757
00bbac68_7544,12221.14965445554
00bbac68_7545,12220.881245419694
00bbac68_7546,12220.501911268459
00bbac68_7547,12220.513792778875
00bbac68_7548,12219.523339122354
00bbac68_7549,12219.737152632284
00bbac68_7550,12213.04651371018
00bbac68_7551,12206.898670380862
00bbac68_7552,12202.4909513129
00bbac68_7553,12204.771388100571
00bbac68_7554,12207.155454670807
00bbac68_7555,12208.63163999666
00bbac68_7556,12210.03031395485
00bbac68_7557,12212.743094640246
00bbac68_7558,12214.677752183365
00e12e8b_2083,11615.53337829021
00e12e8b_2084,11615.319635090274
00e12e8b_2085,11615.104254985905
00e12e8b_2086,11614.906017217654
00e12e8b_2087,11614.593735239008
00e12e8b_2088,11614.491557973253
00e12e8b_2089,11614.496929067003
00e12e8b_2090,11614.733145662018
00e12e8b_2091,11614.996318130454
00e12e8b_2092,11615.221381797608
00e12e8b_2093,11615.554780602994
00e12e8b_2094,11615.609165504682
00e12e8b_2095,11615.330112730639
00e12e8b_2096,11614.794392142285
00e12e8b_2097,11614.466075556795
00e12e8b_2098,11614.180773453583
00e12e8b_2099,11613.647995245503
00e12e8b_2100,11613.136370370352
00e12e8b_2101,11612.537875737647
00e12e8b_2102,11612.130658512317
00e12e8b_2103,11611.634873754505
00e12e8b_2104,11610.980458537315
00e12e8b_2105,11610.25075799952
00e12e8b_2106,11609.191854989636
00e12e8b_2107,11608.684881044313
00e12e8b_2108,11609.389722969368
00e12e8b_2109,11615.422785590466
00e12e8b_2110,11623.08532089743
00e12e8b_2111,11628.175307904463
00e12e8b_2112,11627.653524149353
00e12e8b_2113,11624.772318544006
00e12e8b_2114,11624.265021870553
00e12e8b_2115,11623.976672202303
00e12e8b_2116,11622.094740108245
00e12e8b_2117,11620.101848084645
00e12e8b_2118,11619.470315270511
00e12e8b_2119,11619.279460724263
00e12e8b_2120,11616.657787275819
00e12e8b_2121,11613.218402064726
00e12e8b_2122,11610.252038598708
00e12e8b_2123,11608.422597549079
00e12e8b_2124,11607.58587571738
00e12e8b_2125,11607.467879170223
00e12e8b_2126,11607.662257248827
00e12e8b_2127,11607.854157497852
00e12e8b_2128,11611.630409801763
00e12e8b_2129,11618.308891670837
00e12e8b_2130,11623.731206536613
00e12e8b_2131,11626.132754362292
00e12e8b_2132,11625.842196320724
00e12e8b_2133,11624.547225703953
00e12e8b_2134,11620.408868757253
00e12e8b_2135,11614.791001550055
00e12e8b_2136,11610.940310290573
00e12e8b_2137,11609.544910076436
00e12e8b_2138,11609.115819959048
00e12e8b_2139,11607.961327976664
00e12e8b_2140,11606.434759327676
00e12e8b_2141,11605.490282530935
00e12e8b_2142,11605.295900329862
00e12e8b_2143,11606.134353591682
00e12e8b_2144,11606.924511082283
00e12e8b_2145,11607.497370114119
00e12e8b_2146,11608.094838460684
00e12e8b_2147,11608.801618876212
00e12e8b_2148,11609.25127806505
00e12e8b_2149,11609.493163460034
00e12e8b_2150,11609.35872996701
00e12e8b_2151,11609.095909044316
00e12e8b_2152,11608.932005542112
00e12e8b_2153,11608.90036954673
00e12e8b_2154,11609.196808370956
00e12e8b_2155,11609.694803980941
00e12e8b_2156,11609.855790881667
00e12e8b_2157,11610.641737418298
00e12e8b_2158,11610.717728958545
00e12e8b_2159,11611.111409061321
00e12e8b_2160,11610.574023802876
00e12e8b_2161,11610.681381641363
00e12e8b_2162,11610.831062090356
00e12e8b_2163,11611.03138067194
00e12e8b_2164,11610.991627638941
00e12e8b_2165,11611.043015537107
00e12e8b_2166,11611.047084547523
00e12e8b_2167,11611.048137291495
00e12e8b_2168,11611.053259045882
00e12e8b_2169,11611.050242779436
00e12e8b_2170,11611.050242779436
00e12e8b_2171,11611.045121025049
00e12e8b_2172,11611.044068281079
00e12e8b_2173,11610.991627638941
00e12e8b_2174,11611.027311661523
00e12e8b_2175,11610.826993079938
00e12e8b_2176,11610.696640709057
00e12e8b_2177,11610.609568788306
00e12e8b_2178,11610.830143995458
00e12e8b_2179,11611.011884264504
00e12e8b_2180,11611.064324906642
00e12e8b_2181,11611.359243078448
00e12e8b_2182,11611.700787070431
00e12e8b_2183,11612.252424173852
00e12e8b_2184,11612.596687507337
00e12e8b_2185,11613.121618492349
00e12e8b_2186,11613.460844287116
00e12e8b_2187,11613.687787944256
00e12e8b_2188,11613.682688665742
00e12e8b_2189,11613.5660965711
00e12e8b_2190,11613.5461897601
00e12e8b_2191,11613.551289038616
00e12e8b_2192,11613.66234727909
00e12e8b_2193,11613.63663648359
00e12e8b_2194,11613.610925688086
00e12e8b_2195,11613.591018877085
00e12e8b_2196,11613.616729672585
00e12e8b_2197,11613.616729672585
00e12e8b_2198,11613.619422463269
00e12e8b_2199,11613.621578863238
00e12e8b_2200,11613.61752303591
00e12e8b_2201,11613.633077945318
00e12e8b_2202,11613.537046041218
00e12e8b_2203,11613.68504361345
00e12e8b_2204,11613.556829109117
00e12e8b_2205,11613.688742441285
00e12e8b_2206,11613.64386833034
00e12e8b_2207,11613.48513856152
00e12e8b_2208,11612.98332086864
00e12e8b_2209,11612.482019080513
00e12e8b_2210,11612.355496508897
00e12e8b_2211,11611.953854140715
00e12e8b_2212,11611.520445867776
00e12e8b_2213,11611.050242779436
00e12e8b_2214,11611.050242779436
00e12e8b_2215,11611.04617376902
00e12e8b_2216,11611.040639914854
00e12e8b_2217,11611.040639914854
00e12e8b_2218,11611.040639914854
00e12e8b_2219,11610.993733126883
00e12e8b_2220,11610.792361801328
00e12e8b_2221,11610.668156327696
00e12e8b_2222,11610.009378367226
00e12e8b_2223,11609.583352229087
00e12e8b_2224,11608.838676023859
00e12e8b_2225,11608.708519458029
00e12e8b_2226,11608.251136363462
00e12e8b_2227,11607.590773693715
00e12e8b_2228,11606.965427066107
00e12e8b_2229,11605.91673747654
00e12e8b_2230,11605.54254250694
00e12e8b_2231,11605.432381021148
00e12e8b_2232,11607.11221954576
00e12e8b_2233,11608.150760430939
00e12e8b_2234,11608.631573089719
00e12e8b_2235,11608.098452280952
00e12e8b_2236,11607.554103833565
00e12e8b_2237,11606.527416973833
00e12e8b_2238,11605.058676941395
00e12e8b_2239,11604.971620720868
00e12e8b_2240,11605.683206337084
00e12e8b_2241,11606.489322689622
00e12e8b_2242,11606.713191724355
00e12e8b_2243,11607.000175358642
00e12e8b_2244,11607.771650929806
00e12e8b_2245,11608.163040855887
00e12e8b_2246,11608.463920325987
00e12e8b_2247,11608.592601797107
00e12e8b_2248,11608.67540604183
00e12e8b_2249,11608.558393433937
00e12e8b_2250,11608.538018441459
00e12e8b_2251,11608.532881286583
00e12e8b_2252,11608.548934093278
00e12e8b_2253,11608.495219393162
00e12e8b_2254,11608.508993012942
00e12e8b_2255,11608.575637364343
00e12e8b_2256,11608.623167168631
00e12e8b_2257,11608.731682946898
00e12e8b_2258,11608.687357837376
00e12e8b_2259,11608.565256484195
00e12e8b_2260,11608.305703418731
00e12e8b_2261,11608.099397787437
00e12e8b_2262,11609.157335921822
00e12e8b_2263,11609.254570942385
00e12e8b_2264,11609.866588166793
00e12e8b_2265,11609.949837890696
00e12e8b_2266,11610.920224059208
00e12e8b_2267,11611.87925729646
00e12e8b_2268,11612.07231042634
00e12e8b_2269,11612.848801272476
00e12e8b_2270,11613.128708608054
00e12e8b_2271,11613.507842223466
00e12e8b_2272,11613.602441109431
00e12e8b_2273,11613.966534195926
00e12e8b_2274,11614.521044723971
00e12e8b_2275,11614.827076590993
00e12e8b_2276,11615.100448196461
00e12e8b_2277,11615.118420111978
00e12e8b_2278,11615.210432798374
00e12e8b_2279,11615.272093185204
00e12e8b_2280,11615.290485112288
00e12e8b_2281,11615.616015148624
00e12e8b_2282,11616.178769084334
00e12e8b_2283,11616.649808463853
00e12e8b_2284,11616.576070322784
00e12e8b_2285,11616.00938168612
00e12e8b_2286,11615.617747998098
00e12e8b_2287,11615.40773456823
00e12e8b_2288,11615.90131877722
00e12e8b_2289,11616.481484880549
00e12e8b_2290,11617.160300006362
00e12e8b_2291,11617.345530923189
00e12e8b_2292,11617.396298813324
00e12e8b_2293,11617.12281458178
00e12e8b_2294,11616.868843328106
00e12e8b_2295,11616.629543022662
00e12e8b_2296,11616.649056000533
00e12e8b_2297,11616.852259364072
00e12e8b_2298,11617.048256247812
00e12e8b_2299,11617.449181981448
00e12e8b_2300,11617.671857242314
00e12e8b_2301,11617.86797451898
00e12e8b_2302,11617.86797451898
00e12e8b_2303,11617.518342345247
00e12e8b_2304,11617.367412287223
00e12e8b_2305,11618.35098122059
00e12e8b_2306,11619.637094020261
00e12e8b_2307,11620.765733636654
00e12e8b_2308,11620.743598219988
00e12e8b_2309,11620.765733636654
00e12e8b_2310,11620.50302912115
00e12e8b_2311,11620.058823818543
00e12e8b_2312,11619.620315130518
00e12e8b_2313,11619.408540905913
00e12e8b_2314,11619.426119030913
00e12e8b_2315,11619.391772795132
00e12e8b_2316,11619.737322362716
00e12e8b_2317,11620.605542867395
00e12e8b_2318,11621.484906807129
00e12e8b_2319,11622.05824678082
00e12e8b_2320,11621.885553644292
00e12e8b_2321,11621.878366555518
00e12e8b_2322,11621.839068237352
00e12e8b_2323,11621.592303463476
00e12e8b_2324,11621.192981536326
00e12e8b_2325,11620.760199782488
00e12e8b_2326,11620.954769395248
00e12e8b_2327,11620.940098447018
00e12e8b_2328,11620.69952934818
00e12e8b_2329,11620.140151946296
00e12e8b_2330,11619.715308074155
00e12e8b_2331,11619.5919127558
00e12e8b_2332,11619.5118346308
00e12e8b_2333,11619.51284076315
00e12e8b_2334,11619.429995711065
00e12e8b_2335,11619.398286999663
00e12e8b_2336,11619.370454968413
00e12e8b_2337,11619.370454968413
00e12e8b_2338,11619.395520072581
00e12e8b_2339,11619.366895631085
00e12e8b_2340,11619.392611776917
00e12e8b_2341,11619.354388890084
00e12e8b_2342,11619.34464907617
00e12e8b_2343,11619.28884196665
00e12e8b_2344,11619.220850776162
00e12e8b_2345,11619.258887832302
00e12e8b_2346,11619.266352300736
00e12e8b_2347,11619.319526195623
00e12e8b_2348,11619.281624410376
00e12e8b_2349,11619.215981119522
00e12e8b_2350,11619.163336151265
00e12e8b_2351,11619.130318550544
00e12e8b_2352,11619.013044300176
00e12e8b_2353,11618.531113047853
00e12e8b_2354,11617.954474700644
00e12e8b_2355,11617.57258372706
00e12e8b_2356,11617.793815110133
00e12e8b_2357,11618.299952169984
00e12e8b_2358,11618.788559947983
00e12e8b_2359,11619.053491588065
00e12e8b_2360,11619.108597278724
00e12e8b_2361,11619.190329380239
00e12e8b_2362,11619.186097609405
00e12e8b_2363,11619.201493206108
00e12e8b_2364,11619.121392638233
00e12e8b_2365,11618.988674871149
00e12e8b_2366,11618.729591740304
00e12e8b_2367,11618.724264826544
00e12e8b_2368,11618.845123064342
00e12e8b_2369,11619.079044973483
00e12e8b_2370,11619.093297799556
00e12e8b_2371,11619.118463037628
00e12e8b_2372,11619.123467965162
00e12e8b_2373,11619.12900181933
00e12e8b_2374,11619.15003855846
00e12e8b_2375,11619.205513863044
00e12e8b_2376,11619.199848755206
00e12e8b_2377,11619.20785552237
00e12e8b_2378,11619.171160292217
00e12e8b_2379,11619.160734099938
00e12e8b_2380,11619.178494321546
00e12e8b_2381,11619.216821881528
00e12e8b_2382,11619.285422879007
00e12e8b_2383,11619.27782313968
00e12e8b_2384,11619.289027797344
00e12e8b_2385,11619.249823808766
00e12e8b_2386,11619.231656559321
00e12e8b_2387,11619.183500561412
00e12e8b_2388,11619.108810045982
00e12e8b_2389,11619.001186715228
00e12e8b_2390,11618.899015686882
00e12e8b_2391,11618.930102926466
00e12e8b_2392,11618.958774272045
00e12e8b_2393,11618.974399272047
00e12e8b_2394,11618.938266459545
00e12e8b_2395,11618.255704179923
00e12e8b_2396,11617.621929736997
00e12e8b_2397,11617.02687247807
00e12e8b_2398,11617.169994779535
00e12e8b_2399,11616.724532599977
00e12e8b_2400,11616.249467819756
00e12e8b_2401,11616.220317048204
00e12e8b_2402,11616.636251443697
00e12e8b_2403,11616.975107601762
00e12e8b_2404,11616.857110438425
00e12e8b_2405,11616.874742146298
00e12e8b_2406,11616.941240956641
00e12e8b_2407,11616.534746665318
00e12e8b_2408,11616.105498911733
00e12e8b_2409,11615.643471530355
00e12e8b_2410,11615.248908492385
00e12e8b_2411,11614.941330796217
00e12e8b_2412,11615.161604774308
00e12e8b_2413,11615.085076441092
00e12e8b_2414,11615.082635034842
00e12e8b_2415,11614.949432977497
00e12e8b_2416,11614.973715216964
00e12e8b_2417,11614.822585892127
00e12e8b_2418,11614.818690676795
00e12e8b_2419,11615.184915434993
00e12e8b_2420,11615.471688223426
00e12e8b_2421,11615.199884707346
00e12e8b_2422,11614.481370887928
00e12e8b_2423,11613.52037817273
00e12e8b_2424,11613.141122200737
00e12e8b_2425,11613.018526061438
00e12e8b_2426,11613.231870024441
00e12e8b_2427,11612.946694439242
00e12e8b_2428,11612.949887651024
00e12e8b_2429,11613.054832862945
00e12e8b_2430,11612.95112343685
00e12e8b_2431,11612.818795037521
00e12e8b_2432,11613.292850886908
00e12e8b_2433,11614.148614631122
00e12e8b_2434,11614.830011515007
00e12e8b_2435,11614.778385227803
00e12e8b_2436,11614.883621048377
00e12e8b_2437,11615.19752059422
00e12e8b_2438,11615.54078231297
00e12e8b_2439,11615.54078231297
00e12e8b_2440,11615.54078231297
00e12e8b_2441,11615.492767990052
00e12e8b_2442,11615.48853621922
00e12e8b_2443,11615.48853621922
00e12e8b_2444,11615.48853621922
00e12e8b_2445,11615.539924117385
00e12e8b_2446,11615.595543786383
00e12e8b_2447,11615.683049931273
00e12e8b_2448,11615.635893803941
00e12e8b_2449,11615.580274134942
00e12e8b_2450,11615.54078231297
00e12e8b_2451,11615.536550542136
00e12e8b_2452,11615.536550542136
00e12e8b_2453,11615.270613841998
00e12e8b_2454,11615.13573002515
00e12e8b_2455,11615.01274228449
00e12e8b_2456,11615.088261809382
00e12e8b_2457,11615.099669604324
00e12e8b_2458,11615.08204485724
00e12e8b_2459,11615.001659934269
00e12e8b_2460,11614.945623728849
00e12e8b_2461,11614.96699196552
00e12e8b_2462,11615.136790013994
00e12e8b_2463,11615.133814388239
00e12e8b_2464,11615.116677922402
00e12e8b_2465,11615.049736769068
00e12e8b_2466,11615.052712394821
00e12e8b_2467,11615.065617089824
00e12e8b_2468,11615.110086270992
00e12e8b_2469,11615.107110645236
00e12e8b_2470,11615.105656836155
00e12e8b_2471,11614.991097080812
00e12e8b_2472,11614.29342717056
00e12e8b_2473,11613.674791898664
00e12e8b_2474,11613.322635681507
00e12e8b_2475,11613.531482456618
00e12e8b_2476,11613.408642837485
00e12e8b_2477,11613.145776464038
00e12e8b_2478,11613.166284276538
00e12e8b_2479,11613.162052505706
00e12e8b_2480,11613.152142843157
00e12e8b_2481,11612.949887651026
00e12e8b_2482,11612.91945145311
00e12e8b_2483,11612.929361115659
00e12e8b_2484,11613.006981300445
00e12e8b_2485,11613.136828856115
00e12e8b_2486,11613.218499328452
00e12e8b_2487,11613.311884335795
00e12e8b_2488,11613.0746232742
00e12e8b_2489,11612.870533513526
00e12e8b_2490,11612.53853481431
00e12e8b_2491,11612.465131330959
00e12e8b_2492,11612.47084251132
00e12e8b_2493,11612.269778711046
00e12e8b_2494,11612.521070960742
00e12e8b_2495,11612.637779068718
00e12e8b_2496,11612.84621337834
00e12e8b_2497,11612.713391989113
00e12e8b_2498,11612.603031537386
00e12e8b_2499,11612.754279580631
00e12e8b_2500,11612.559429326668
00e12e8b_2501,11612.55731344125
00e12e8b_2502,11612.410753725266
00e12e8b_2503,11612.617607488655
00e12e8b_2504,11612.09130992101
00e12e8b_2505,11611.752308820585
00e12e8b_2506,11611.126876034095
00e12e8b_2507,11610.776303155028
00e12e8b_2508,11610.293019698414
00e12e8b_2509,11609.96941832469
00e12e8b_2510,11609.721006760336
00e12e8b_2511,11609.512402602564
00e12e8b_2512,11609.367763288543
00e12e8b_2513,11609.5763980791
00e12e8b_2514,11609.728084417982
00e12e8b_2515,11609.973425309707
00e12e8b_2516,11610.640249676924
00e12e8b_2517,11611.310319303719
00e12e8b_2518,11612.112885777164
00e12e8b_2519,11611.284592769947
00e12e8b_2520,11610.59138412513
00e12e8b_2521,11609.756127524835
00e12e8b_2522,11610.228672732877
00e12e8b_2523,11610.210545176533
00e12e8b_2524,11610.157556010958
00e12e8b_2525,11609.851372204168
00e12e8b_2526,11609.888340789648
00e12e8b_2527,11609.829046862535
00e12e8b_2528,11609.669385263236
00e12e8b_2529,11609.896954327918
00e12e8b_2530,11610.31085014577
00e12e8b_2531,11610.495285315772
00e12e8b_2532,11610.259962154822
00e12e8b_2533,11610.356243155167
00e12e8b_2534,11610.678639939551
00e12e8b_2535,11611.092296144998
00e12e8b_2536,11611.065921909481
00e12e8b_2537,11611.03227101682
00e12e8b_2538,11610.659709864849
00e12e8b_2539,11610.319538149284
00e12e8b_2540,11610.440441620807
00e12e8b_2541,11611.199369782567
00e12e8b_2542,11612.08831962855
00e12e8b_2543,11612.533890721157
00e12e8b_2544,11612.49441072619
00e12e8b_2545,11613.177870686357
00e12e8b_2546,11613.205001550305
00e12e8b_2547,11613.380011867843
00e12e8b_2548,11612.761132536261
00e12e8b_2549,11613.064932940608
00e12e8b_2550,11613.369934907807
00e12e8b_2551,11613.4700118151
00e12e8b_2552,11613.4836836901
00e12e8b_2553,11613.388892821282
00e12e8b_2554,11613.0240628085
00e12e8b_2555,11612.63163025416
00e12e8b_2556,11612.300948204052
00e12e8b_2557,11612.33509616673
00e12e8b_2558,11612.334282364645
00e12e8b_2559,11612.502115966323
00e12e8b_2560,11612.945167010244
00e12e8b_2561,11612.972000327543
00e12e8b_2562,11612.844020876495
00e12e8b_2563,11612.44490402829
00e12e8b_2564,11612.334948186697
00e12e8b_2565,11612.341139901051
00e12e8b_2566,11612.346662720549
00e12e8b_2567,11612.425576905525
00e12e8b_2568,11613.202011851545
00e12e8b_2569,11613.97503564733
00e12e8b_2570,11614.773730005983
00e12e8b_2571,11613.851404782477
00e12e8b_2572,11613.175453246835
00e12e8b_2573,11612.366943464063
00e12e8b_2574,11612.697393019384
00e12e8b_2575,11612.857801496162
00e12e8b_2576,11613.036758100256
00e12e8b_2577,11613.153082795192
00e12e8b_2578,11613.09058482128
00e12e8b_2579,11613.02807735042
00e12e8b_2580,11612.815799444967
00e12e8b_2581,11612.620294832683
00e12e8b_2582,11612.72159886366
00e12e8b_2583,11612.632172175747
00e12e8b_2584,11612.968979730087
00e12e8b_2585,11612.710757314553
00e12e8b_2586,11612.758203221805
00e12e8b_2587,11612.550203765748
00e12e8b_2588,11612.924962163946
00e12e8b_2589,11613.080962561377
00e12e8b_2590,11612.814669985746
00e12e8b_2591,11612.849492447145
00e12e8b_2592,11612.640153199443
00e12e8b_2593,11612.784457056676
00e12e8b_2594,11612.495540424332
00e12e8b_2595,11613.521364715221
00e12e8b_2596,11614.288090980393
00e12e8b_2597,11614.028612818483
00e12e8b_2598,11613.085291501227
00e12e8b_2599,11612.408818116319
00e12e8b_2600,11612.80585446651
00e12e8b_2601,11612.681112935528
00e12e8b_2602,11612.681112935528
00e12e8b_2603,11613.52284611659
00e12e8b_2604,11613.425907960069
00e12e8b_2605,11613.383669402721
00e12e8b_2606,11612.524032575826
00e12e8b_2607,11612.673334003544
00e12e8b_2608,11612.800170277615
00e12e8b_2609,11612.586413213785
00e12e8b_2610,11612.752677233433
00e12e8b_2611,11612.914594495342
00e12e8b_2612,11613.14423066138
00e12e8b_2613,11613.030627944267
00e12e8b_2614,11612.812815403036
00e12e8b_2615,11612.72003307631
00e12e8b_2616,11612.756947966067
00e12e8b_2617,11612.701534083413
00e12e8b_2618,11612.642408835914
00e12e8b_2619,11612.6354273963
00e12e8b_2620,11612.642826556124
00e12e8b_2621,11612.701951803623
00e12e8b_2622,11612.704701472407
00e12e8b_2623,11612.712807768412
00e12e8b_2624,11612.710691882998
00e12e8b_2625,11612.678465320496
00e12e8b_2626,11612.646238757998
00e12e8b_2627,11612.681424948392
00e12e8b_2628,11612.795758101878
00e12e8b_2629,11612.71586146016
00e12e8b_2630,11612.676443498933
00e12e8b_2631,11612.530817129198
00e12e8b_2632,11612.642940333417
00e12e8b_2633,11612.689727514073
00e12e8b_2634,11612.759594949071
00e12e8b_2635,11612.727368386571
00e12e8b_2636,11612.2766794716
00e12e8b_2637,11611.610902364766
00e12e8b_2638,11610.986643924372
00e12e8b_2639,11611.008013351318
00e12e8b_2640,11611.066673845502
00e12e8b_2641,11611.230104376455
00e12e8b_2642,11610.950860038234
00e12e8b_2643,11611.152323781547
00e12e8b_2644,11611.017057881652
00e12e8b_2645,11610.887480161005
00e12e8b_2646,11610.223779452515
00e12e8b_2647,11609.880841914934
00e12e8b_2648,11610.514963349835
00e12e8b_2649,11611.355166123833
00e12e8b_2650,11611.535609801917
00e12e8b_2651,11610.754436759447
00e12e8b_2652,11610.086746463108
00e12e8b_2653,11609.952992899722
00e12e8b_2654,11610.115436824917
00e12e8b_2655,11610.76417856827
00e12e8b_2656,11611.452365756171
00e12e8b_2657,11612.200435990135
00e12e8b_2658,11611.655294275144
00e12e8b_2659,11611.704334938564
00e12e8b_2660,11611.540655038974
00e12e8b_2661,11611.483642857782
00e12e8b_2662,11610.699904420633
00e12e8b_2663,11610.03731182425
00e12e8b_2664,11610.009318181474
00e12e8b_2665,11610.312590785856
00e12e8b_2666,11610.618109999448
00e12e8b_2667,11610.745447674091
00e12e8b_2668,11610.697634090991
00e12e8b_2669,11610.81479963781
00e12e8b_2670,11611.4926534253
00e12e8b_2671,11612.170752476217
00e12e8b_2672,11612.587940834585
00e12e8b_2673,11612.994900145946
00e12e8b_2674,11612.813357297826
00e12e8b_2675,11612.718793658174
00e12e8b_2676,11612.248035941144
00e12e8b_2677,11612.358244266115
00e12e8b_2678,11612.35772241685
00e12e8b_2679,11612.666220458246
00e12e8b_2680,11613.032796257789
00e12e8b_2681,11612.977487067988
00e12e8b_2682,11612.780067066074
00e12e8b_2683,11612.309494885507
00e12e8b_2684,11612.418498455188
00e12e8b_2685,11612.339601068723
00e12e8b_2686,11613.220853016368
00e12e8b_2687,11613.867508716126
00e12e8b_2688,11614.583110796042
00e12e8b_2689,11614.831958960873
00e12e8b_2690,11615.205390589277
00e12e8b_2691,11615.487279876144
00e12e8b_2692,11615.483048105312
00e12e8b_2693,11615.153515167318
00e12e8b_2694,11614.888733138627
00e12e8b_2695,11614.610099817548
00e12e8b_2696,11614.602775598798
00e12e8b_2697,11614.602775598798
00e12e8b_2698,11614.674420122528
00e12e8b_2699,11614.704867355113
00e12e8b_2700,11614.69379964678
00e12e8b_2701,11614.035630275326
00e12e8b_2702,11613.706712254556
00e12e8b_2703,11613.228910889493
00e12e8b_2704,11613.246002224652
00e12e8b_2705,11612.999453562768
00e12e8b_2706,11612.840346042422
00e12e8b_2707,11612.857924167422
00e12e8b_2708,11612.667202991788
00e12e8b_2709,11612.398879645703
00e12e8b_2710,11612.95073503327
00e12e8b_2711,11613.693311596471
00e12e8b_2712,11614.73712950503
00e12e8b_2713,11614.718106052533
00e12e8b_2714,11614.644197516625
00e12e8b_2715,11613.480204557593
00e12e8b_2716,11613.532593895507
00e12e8b_2717,11612.887790489156
00e12e8b_2718,11613.001777495534
00e12e8b_2719,11612.29193822521
00e12e8b_2720,11612.42412531974
00e12e8b_2721,11612.65325057079
00e12e8b_2722,11612.509707982463
00e12e8b_2723,11613.33874585102
00e12e8b_2724,11613.048384625561
00e12e8b_2725,11612.8497914087
00e12e8b_2726,11611.604822415844
00e12e8b_2727,11611.808598457508
00e12e8b_2728,11612.151256111965
00e12e8b_2729,11612.5618364158
00e12e8b_2730,11612.753145090735
00e12e8b_2731,11612.849738944496
00e12e8b_2732,11612.658825191897
00e12e8b_2733,11612.474277877423
00e12e8b_2734,11612.276379992683
00e12e8b_2735,11612.44157759945
00e12e8b_2736,11612.65740473047
00e12e8b_2737,11613.023817769596
00e12e8b_2738,11613.07197607105
00e12e8b_2739,11613.077480108668
00e12e8b_2740,11612.7481274113
00e12e8b_2741,11612.660982045158
00e12e8b_2742,11612.39282145949
00e12e8b_2743,11612.353068767688
00e12e8b_2744,11612.295004714557
00e12e8b_2745,11612.522961985896
00e12e8b_2746,11612.346598297
00e12e8b_2747,11612.2483097282
00e12e8b_2748,11612.11612263367
00e12e8b_2749,11612.485909391507
00e12e8b_2750,11612.640471648856
00e12e8b_2751,11612.53802829496
00e12e8b_2752,11612.357664117097
00e12e8b_2753,11612.429508512663
00e12e8b_2754,11612.478942096359
00e12e8b_2755,11612.558002243242
00e12e8b_2756,11612.456698212261
00e12e8b_2757,11612.456698212261
00e12e8b_2758,11612.349689183198
00e12e8b_2759,11612.260262495285
00e12e8b_2760,11611.994994033312
00e12e8b_2761,11612.788483919494
00e12e8b_2762,11613.554671777783
00e12e8b_2763,11614.539974339787
00e12e8b_2764,11613.903215406855
00e12e8b_2765,11613.238331579547
00e12e8b_2766,11612.876395047502
00e12e8b_2767,11612.827709339808
00e12e8b_2768,11612.52577402134
00e12e8b_2769,11612.005533972102
00e12e8b_2770,11611.98201105959
00e12e8b_2771,11612.259107855656
00e12e8b_2772,11612.530105168402
00e12e8b_2773,11612.562110345447
00e12e8b_2774,11612.591587239163
00e12e8b_2775,11612.736941180476
00e12e8b_2776,11612.939700604902
00e12e8b_2777,11612.404752502853
00e12e8b_2778,11611.730667179407
00e12e8b_2779,11611.026668376544
00e12e8b_2780,11611.053379866804
00e12e8b_2781,11611.230625960554
00e12e8b_2782,11611.59703899968
00e12e8b_2783,11611.941824130829
00e12e8b_2784,11612.144523634373
00e12e8b_2785,11612.14470562223
00e12e8b_2786,11612.016550389517
00e12e8b_2787,11611.658256143784
00e12e8b_2788,11611.24890071019
00e12e8b_2789,11611.090814436122
00e12e8b_2790,11611.145289050071
00e12e8b_2791,11611.2646594873
00e12e8b_2792,11611.400915592245
00e12e8b_2793,11611.342371967881
00e12e8b_2794,11611.339018631481
00e12e8b_2795,11611.122567550605
00e12e8b_2796,11611.122567550605
00e12e8b_2797,11611.142806554717
00e12e8b_2798,11611.164457906285
00e12e8b_2799,11611.443241534927
00e12e8b_2800,11611.729993511139
00e12e8b_2801,11611.929045284574
00e12e8b_2802,11612.027427917224
00e12e8b_2803,11611.75011080994
00e12e8b_2804,11611.72669203281
00e12e8b_2805,11611.377716485016
00e12e8b_2806,11612.193250474234
00e12e8b_2807,11611.766878252887
00e12e8b_2808,11611.593455122083
00e12e8b_2809,11610.690364621812
00e12e8b_2810,11611.757259153062
00e12e8b_2811,11612.679747136986
00e12e8b_2812,11613.636127345317
00e12e8b_2813,11612.853776080146
00e12e8b_2814,11612.271320242835
00e12e8b_2815,11611.285551925495
00e12e8b_2816,11611.52629974227
00e12e8b_2817,11611.689824199086
00e12e8b_2818,11612.050660218092
00e12e8b_2819,11612.167280210182
00e12e8b_2820,11611.840206024057
00e12e8b_2821,11611.487850203686
00e12e8b_2822,11611.100747364204
00e12e8b_2823,11611.162993062535
00e12e8b_2824,11611.149273053743
00e12e8b_2825,11611.370451005221
00e12e8b_2826,11611.45258830319
00e12e8b_2827,11611.802955422298
00e12e8b_2828,11611.798153002288
00e12e8b_2829,11611.860231618566
00e12e8b_2830,11611.80817112083
00e12e8b_2831,11611.839729383362
00e12e8b_2832,11611.84783567937
00e12e8b_2833,11611.814600829544
00e12e8b_2834,11611.829932033537
00e12e8b_2835,11611.975285974848
00e12e8b_2836,11612.09183132241
00e12e8b_2837,11611.870625449636
00e12e8b_2838,11611.496224385824
00e12e8b_2839,11611.207478517432
00e12e8b_2840,11611.228782873712
00e12e8b_2841,11611.24705525663
00e12e8b_2842,11611.025353800453
00e12e8b_2843,11610.973591974871
00e12e8b_2844,11610.972294158075
00e12e8b_2845,11611.115048532549
00e12e8b_2846,11611.166810358132
00e12e8b_2847,11611.143488135762
00e12e8b_2848,11611.355419367108
00e12e8b_2849,11611.405035649243
00e12e8b_2850,11611.426194858757
00e12e8b_2851,11611.035674050529
00e12e8b_2852,11610.718588508238
00e12e8b_2853,11610.839734008368
00e12e8b_2854,11611.011615471538
00e12e8b_2855,11611.279084731692
00e12e8b_2856,11611.19378938413
00e12e8b_2857,11611.273259683712
00e12e8b_2858,11611.170705314473
00e12e8b_2859,11611.170705314473
00e12e8b_2860,11611.065681629474
00e12e8b_2861,11611.364251645857
00e12e8b_2862,11611.480796993419
00e12e8b_2863,11611.684787900978
00e12e8b_2864,11611.50919639522
00e12e8b_2865,11611.313180748077
00e12e8b_2866,11611.220398421348
00e12e8b_2867,11611.172960317335
00e12e8b_2868,11610.841692945103
00e12e8b_2869,11610.462318981728
00e12e8b_2870,11609.854536991881
00e12e8b_2871,11609.715421644776
00e12e8b_2872,11609.490049954324
00e12e8b_2873,11609.53178265864
00e12e8b_2874,11609.246424562478
00e12e8b_2875,11608.740304452605
00e12e8b_2876,11608.321397028083
00e12e8b_2877,11607.965363766372
00e12e8b_2878,11608.20004972141
00e12e8b_2879,11608.379733291697
00e12e8b_2880,11608.610007454938
00e12e8b_2881,11609.141583752878
00e12e8b_2882,11609.43565055313
00e12e8b_2883,11609.870393083089
00e12e8b_2884,11609.766714905521
00e12e8b_2885,11609.537082314646
00e12e8b_2886,11609.715988494843
00e12e8b_2887,11609.956785088565
00e12e8b_2888,11610.617818026107
00e12e8b_2889,11610.918146339069
00e12e8b_2890,11611.1194465378
00e12e8b_2891,11611.230335503695
00e12e8b_2892,11611.27732869413
00e12e8b_2893,11611.24493937121
00e12e8b_2894,11611.213856398166
00e12e8b_2895,11611.07867269199
00e12e8b_2896,11611.078672691992
00e12e8b_2897,11611.10568665462
00e12e8b_2898,11611.188092769547
00e12e8b_2899,11611.307730565024
00e12e8b_2900,11611.418904818836
00e12e8b_2901,11611.588227757646
00e12e8b_2902,11611.286411376497
00e12e8b_2903,11611.018845902014
00e12e8b_2904,11610.656482645869
00e12e8b_2905,11610.810612544301
00e12e8b_2906,11610.703603515236
00e12e8b_2907,11611.161094195704
00e12e8b_2908,11611.167039191098
00e12e8b_2909,11611.440856107502
00e12e8b_2910,11611.213677879787
00e12e8b_2911,11611.413524835858
00e12e8b_2912,11611.559185070566
00e12e8b_2913,11611.346776263643
00e12e8b_2914,11611.045031101661
00e12e8b_2915,11610.732562979616
00e12e8b_2916,11610.671898927169
00e12e8b_2917,11610.773202958148
00e12e8b_2918,11611.05018930936
00e12e8b_2919,11611.292164249824
00e12e8b_2920,11611.105502541346
00e12e8b_2921,11610.924469400654
00e12e8b_2922,11610.910634765236
00e12e8b_2923,11611.170587185125
00e12e8b_2924,11611.72919125961
00e12e8b_2925,11611.888596492325
00e12e8b_2926,11611.913012244599
00e12e8b_2927,11611.169028271679
00e12e8b_2928,11611.789178025187
00e12e8b_2929,11612.328498760486
00e12e8b_2930,11613.025984308515
00e12e8b_2931,11612.759186013556
00e12e8b_2932,11612.631744607306
00e12e8b_2933,11612.70109795923
00e12e8b_2934,11612.780216936155
00e12e8b_2935,11612.851622136985
00e12e8b_2936,11612.86203880365
00e12e8b_2937,11612.776897691312
00e12e8b_2938,11612.697778714384
00e12e8b_2939,11613.063222471888
00e12e8b_2940,11613.204888070899
00e12e8b_2941,11613.279124235327
00e12e8b_2942,11612.948196720825
00e12e8b_2943,11611.933501661237
00e12e8b_2944,11612.012277702903
00e12e8b_2945,11612.016661199485
00e12e8b_2946,11611.436596463675
00e12e8b_2947,11608.542566884114
00e12e8b_2948,11606.69508678372
00e12e8b_2949,11606.40553600247
00e12e8b_2950,11607.332802683093
00e12e8b_2951,11607.398441753097
00e12e8b_2952,11607.33370972935
00e12e8b_2953,11607.418650079977
00e12e8b_2954,11606.340152937055
00e12e8b_2955,11605.75315115923
00e12e8b_2956,11605.087616290251
00e12e8b_2957,11605.418179338629
00e12e8b_2958,11605.269102896136
00e12e8b_2959,11605.983954171359
00e12e8b_2960,11606.671783050066
00e12e8b_2961,11607.54030162747
00e12e8b_2962,11606.47877818997
00e12e8b_2963,11605.556290206048
00e12e8b_2964,11604.733373539382
00e12e8b_2965,11605.173541399985
00e12e8b_2966,11605.206487852653
00e12e8b_2967,11605.243174596435
00e12e8b_2968,11605.868599183746
00e12e8b_2969,11605.735517017085
00e12e8b_2970,11606.482847200386
00e12e8b_2971,11606.94801647122
00e12e8b_2972,11608.47877818997
00e12e8b_2973,11608.357422613075
00e12e8b_2974,11607.545336317287
00e12e8b_2975,11607.459330348584
00e12e8b_2976,11607.515473190082
00e12e8b_2977,11607.873930196229
00e12e8b_2978,11607.316373838112
00e12e8b_2979,11607.222782025454
00e12e8b_2980,11607.112156527442
00e12e8b_2981,11607.143714789976
00e12e8b_2982,11607.131390026248
00e12e8b_2983,11607.024678262533
00e12e8b_2984,11607.161731422595
00e12e8b_2985,11607.370748675634
00e12e8b_2986,11607.562025043257
00e12e8b_2987,11607.151154966792
00e12e8b_2988,11606.747795313082
00e12e8b_2989,11606.363315867706
00e12e8b_2990,11606.384967219274
00e12e8b_2991,11606.37291873229
00e12e8b_2992,11606.739494531832
00e12e8b_2993,11607.154421209794
00e12e8b_2994,11607.185675425944
00e12e8b_2995,11606.819099626402
00e12e8b_2996,11606.770748747984
00e12e8b_2997,11607.025038582891
00e12e8b_2998,11607.017221866741
00e12e8b_2999,11606.846779187801
00e12e8b_3000,11606.582886488308
00e12e8b_3001,11606.594413126026
00e12e8b_3002,11607.418211353293
00e12e8b_3003,11608.191235149081
00e12e8b_3004,11609.010907337006
00e12e8b_3005,11608.802910559176
00e12e8b_3006,11608.836439205008
00e12e8b_3007,11608.071600719884
00e12e8b_3008,11607.318209774208
00e12e8b_3009,11606.698156280647
00e12e8b_3010,11606.596852249668
00e12e8b_3011,11606.729039344196
00e12e8b_3012,11606.723851284152
00e12e8b_3013,11607.13318749031
00e12e8b_3014,11607.287404662979
00e12e8b_3015,11607.268372373548
00e12e8b_3016,11607.153962138842
00e12e8b_3017,11607.035764693734
00e12e8b_3018,11607.058225631234
00e12e8b_3019,11607.056109745818
00e12e8b_3020,11607.075177207947
00e12e8b_3021,11608.15576492937
00e12e8b_3022,11609.087095687637
00e12e8b_3023,11610.109538990595
00e12e8b_3024,11610.131204958323
00e12e8b_3025,11610.188803422956
00e12e8b_3026,11609.973077603214
00e12e8b_3027,11609.31471252753
00e12e8b_3028,11608.494932201706
00e12e8b_3029,11608.174641641557
00e12e8b_3030,11608.46650170254
00e12e8b_3031,11608.578976624302
00e12e8b_3032,11608.487745993834
00e12e8b_3033,11608.33931763882
00e12e8b_3034,11609.145936529962
00e12e8b_3035,11609.900935268399
00e12e8b_3036,11609.510404404122
00e12e8b_3037,11608.560655102701
00e12e8b_3038,11607.651005213265
00e12e8b_3039,11608.115711030992
00e12e8b_3040,11608.340902224334
00e12e8b_3041,11608.713509924048
00e12e8b_3042,11608.695838774334
00e12e8b_3043,11608.713484528145
00e12e8b_3044,11608.67589483111
00e12e8b_3045,11608.90785589821
00e12e8b_3046,11609.441045496396
00e12e8b_3047,11609.901282308476
00e12e8b_3048,11610.100196814152
00e12e8b_3049,11610.305540280926
00e12e8b_3050,11610.13003487234
00e12e8b_3051,11610.030490253333
00e12e8b_3052,11609.475556807163
00e12e8b_3053,11610.277435818789
00e12e8b_3054,11611.025532673748
00e12e8b_3055,11611.989312716987
00e12e8b_3056,11611.85676170131
00e12e8b_3057,11611.7199789148
00e12e8b_3058,11611.716235425216
00e12e8b_3059,11611.793401277138
00e12e8b_3060,11611.9089785874
00e12e8b_3061,11611.985917642394
00e12e8b_3062,11611.985266600728
00e12e8b_3063,11611.787323898849
00e12e8b_3064,11611.787323898849
00e12e8b_3065,11611.843360104269
00e12e8b_3066,11612.058276511569
00e12e8b_3067,11611.973786440894
00e12e8b_3068,11611.968903628394
00e12e8b_3069,11611.969391909644
00e12e8b_3070,11612.109918185737
00e12e8b_3071,11612.115289279487
00e12e8b_3072,11612.115289279487
00e12e8b_3073,11612.048348126153
00e12e8b_3074,11611.999845521985
00e12e8b_3075,11611.943321035316
00e12e8b_3076,11611.993288483232
00e12e8b_3077,11611.308793215818
00e12e8b_3078,11610.722268368094
00e12e8b_3079,11609.90595030147
00e12e8b_3080,11609.809399890592
00e12e8b_3081,11609.70809585961
00e12e8b_3082,11610.374932811921
00e12e8b_3083,11611.203992813127
00e12e8b_3084,11611.818309274948
00e12e8b_3085,11611.759028968292
00e12e8b_3086,11612.180587116816
00e12e8b_3087,11612.176582142913
00e12e8b_3088,11612.26658375116
00e12e8b_3089,11611.844935548086
00e12e8b_3090,11611.845359792824
00e12e8b_3091,11612.319648549159
00e12e8b_3092,11612.71073448404
00e12e8b_3093,11613.641191246752
00e12e8b_3094,11613.951531192935
00e12e8b_3095,11614.423975598276
00e12e8b_3096,11614.49864832698
00e12e8b_3097,11614.549057259652
00e12e8b_3098,11614.549057259652
00e12e8b_3099,11614.37636123676
00e12e8b_3100,11614.37636123676
00e12e8b_3101,11614.35430963875
00e12e8b_3102,11614.255515387893
00e12e8b_3103,11614.223061592738
00e12e8b_3104,11614.080977022126
00e12e8b_3105,11614.174237418812
00e12e8b_3106,11614.375059153426
00e12e8b_3107,11614.539195322046
00e12e8b_3108,11614.817591072302
00e12e8b_3109,11615.080539538367
00e12e8b_3110,11615.764636726622
00e12e8b_3111,11616.35609948753
00e12e8b_3112,11616.773016438887
00e12e8b_3113,11616.789107739003
00e12e8b_3114,11616.86695557165
00e12e8b_3115,11616.88304687177
00e12e8b_3116,11616.88304687177
00e12e8b_3117,11616.804670112491
00e12e8b_3118,11616.82004294533
00e12e8b_3119,11616.833348654118
00e12e8b_3120,11616.833877580748
00e12e8b_3121,11616.476320854743
00e12e8b_3122,11616.066702124634
00e12e8b_3123,11615.644678307812
00e12e8b_3124,11615.478263215022
00e12e8b_3125,11615.478263215022
00e12e8b_3126,11615.81400154126
00e12e8b_3127,11616.384357059747
00e12e8b_3128,11616.819244299819
00e12e8b_3129,11616.54725459712
00e12e8b_3130,11616.089185043267
00e12e8b_3131,11615.628587007695
00e12e8b_3132,11615.547412073096
00e12e8b_3133,11615.37635285831
00e12e8b_3134,11615.102516270199
00e12e8b_3135,11614.846105993143
00e12e8b_3136,11614.71328974088
00e12e8b_3137,11614.642300086683
00e12e8b_3138,11614.478163918064
00e12e8b_3139,11614.534541643035
00e12e8b_3140,11614.70992894126
00e12e8b_3141,11615.502124511659
00e12e8b_3142,11616.164349183275
00e12e8b_3143,11616.743952414896
00e12e8b_3144,11616.811753418051
00e12e8b_3145,11616.729233886801
00e12e8b_3146,11616.741093416085
00e12e8b_3147,11616.740564489455
00e12e8b_3148,11616.80467011249
00e12e8b_3149,11616.864942309598
00e12e8b_3150,11616.878776945014
00e12e8b_3151,11616.878248018385
00e12e8b_3152,11616.831281530065
00e12e8b_3153,11616.870485518642
00e12e8b_3154,11616.923524142634
00e12e8b_3155,11616.993767048974
00e12e8b_3156,11617.358148503079
00e12e8b_3157,11617.843831900851
00e12e8b_3158,11618.559912102966
00e12e8b_3159,11618.942649768745
00e12e8b_3160,11619.158016260963
00e12e8b_3161,11618.901279199099
00e12e8b_3162,11618.329080736003
00e12e8b_3163,11617.66656818901
00e12e8b_3164,11617.222177615253
00e12e8b_3165,11617.085783974298
00e12e8b_3166,11617.08023979296
00e12e8b_3167,11617.16275932421
00e12e8b_3168,11617.636749783067
00e12e8b_3169,11618.116274096094
00e12e8b_3170,11618.696440199425
00e12e8b_3171,11618.696440199425
00e12e8b_3172,11618.712844300739
00e12e8b_3173,11618.179087838676
00e12e8b_3174,11617.70509737982
00e12e8b_3175,11617.242534850899
00e12e8b_3176,11617.133973241193
00e12e8b_3177,11617.133973241193
00e12e8b_3178,11616.96770117654
00e12e8b_3179,11617.26279501496
00e12e8b_3180,11618.123040259225
00e12e8b_3181,11619.444461915687
00e12e8b_3182,11620.577406536831
00e12e8b_3183,11620.707409935038
00e12e8b_3184,11620.186951186139
00e12e8b_3185,11619.205071154181
00e12e8b_3186,11618.666677553905
00e12e8b_3187,11618.133083852263
00e12e8b_3188,11617.686925424656
00e12e8b_3189,11617.235070382463
00e12e8b_3190,11617.429067079613
00e12e8b_3191,11617.87522550722
00e12e8b_3192,11618.079997246043
00e12e8b_3193,11617.899457171108
00e12e8b_3194,11617.452292611151
00e12e8b_3195,11617.247520872328
00e12e8b_3196,11617.132967108844
00e12e8b_3197,11617.034552437695
00e12e8b_3198,11617.000724082114
00e12e8b_3199,11616.946690924133
00e12e8b_3200,11616.9844513408
00e12e8b_3201,11617.0176544658
00e12e8b_3202,11617.005463847594
00e12e8b_3203,11616.961561198774
00e12e8b_3204,11616.871149716162
00e12e8b_3205,11616.460229554626
00e12e8b_3206,11616.06414772616
00e12e8b_3207,11615.32431747744
00e12e8b_3208,11615.107500519225
00e12e8b_3209,11613.01940732034
00e12e8b_3210,11611.235927608364
00e12e8b_3211,11608.953133516834
00e12e8b_3212,11607.791531205114
00e12e8b_3213,11607.091054700019
00e12e8b_3214,11606.394162620316
00e12e8b_3215,11606.548559300369
00e12e8b_3216,11606.299646176221
00e12e8b_3217,11606.375051731922
00e12e8b_3218,11606.350303868972
00e12e8b_3219,11606.381386842018
00e12e8b_3220,11606.412161552535
00e12e8b_3221,11606.614652679715
00e12e8b_3222,11606.727129016856
00e12e8b_3223,11606.704668079356
00e12e8b_3224,11606.508489671796
00e12e8b_3225,11606.398129220068
00e12e8b_3226,11606.4267750534
00e12e8b_3227,11606.622953460961
00e12e8b_3228,11606.769313905168
00e12e8b_3229,11606.882586786094
00e12e8b_3230,11606.714609146866
00e12e8b_3231,11606.535049844199
00e12e8b_3232,11605.689049719216
00e12e8b_3233,11604.89767804519
00e12e8b_3234,11605.075925379619
00e12e8b_3235,11605.395032263195
00e12e8b_3236,11605.798679741301
00e12e8b_3237,11605.157363134285
00e12e8b_3238,11605.61185249778
00e12e8b_3239,11605.478982723878
00e12e8b_3240,11605.076753945883
00e12e8b_3241,11604.868576367822
00e12e8b_3242,11604.58156886975
00e12e8b_3243,11605.383424044236
00e12e8b_3244,11605.568556482585
00e12e8b_3245,11606.329801818343
00e12e8b_3246,11606.75572466057
00e12e8b_3247,11607.188475891999
00e12e8b_3248,11607.629212899084
00e12e8b_3249,11608.216122562199
00e12e8b_3250,11608.679869842987
00e12e8b_3251,11609.836571200918
00e12e8b_3252,11609.293715769794
00e12e8b_3253,11608.5379221361
00e12e8b_3254,11607.48312503113
00e12e8b_3255,11607.609943713973
00e12e8b_3256,11607.99259168035
00e12e8b_3257,11608.27250783775
00e12e8b_3258,11608.51567749639
00e12e8b_3259,11608.720736898526
00e12e8b_3260,11608.716667888108
00e12e8b_3261,11608.700549010717
00e12e8b_3262,11608.684430133328
00e12e8b_3263,11608.641293026769
00e12e8b_3264,11609.035477225392
00e12e8b_3265,11609.055665113201
00e12e8b_3266,11609.087547654772
00e12e8b_3267,11609.124046502659
00e12e8b_3268,11609.561489989384
00e12e8b_3269,11609.54687099845
00e12e8b_3270,11609.027746424885
00e12e8b_3271,11608.200235447739
00e12e8b_3272,11607.930434178246
00e12e8b_3273,11607.739516209496
00e12e8b_3274,11608.29231139376
00e12e8b_3275,11609.005439561239
00e12e8b_3276,11609.595087504682
00e12e8b_3277,11609.902288893974
00e12e8b_3278,11609.885380344063
00e12e8b_3279,11610.000829503922
00e12e8b_3280,11609.975789399949
00e12e8b_3281,11610.024202597371
00e12e8b_3282,11610.063406585949
00e12e8b_3283,11610.014464461894
00e12e8b_3284,11609.996161941554
00e12e8b_3285,11609.96190339199
00e12e8b_3286,11609.594391500339
00e12e8b_3287,11609.163736031102
00e12e8b_3288,11609.1143791103
00e12e8b_3289,11609.458401477505
00e12e8b_3290,11609.83862319871
00e12e8b_3291,11609.869728971715
00e12e8b_3292,11609.92385809987
00e12e8b_3293,11609.958200547788
00e12e8b_3294,11609.976451695586
00e12e8b_3295,11609.960360395471
00e12e8b_3296,11609.997055625623
00e12e8b_3297,11610.02538546374
00e12e8b_3298,11609.610821294615
00e12e8b_3299,11609.561528901591
00e12e8b_3300,11609.498856615559
00e12e8b_3301,11609.899401407716
00e12e8b_3302,11609.928089870702
00e12e8b_3303,11609.962432318622
00e12e8b_3304,11609.976451695586
00e12e8b_3305,11609.547138824239
00e12e8b_3306,11609.144738927236
00e12e8b_3307,11608.686223849478
00e12e8b_3308,11608.473612634616
00e12e8b_3309,11608.413271279162
00e12e8b_3310,11608.457222187799
00e12e8b_3311,11608.693931469941
00e12e8b_3312,11608.684016211251
00e12e8b_3313,11608.472747594278
00e12e8b_3314,11608.342746524664
00e12e8b_3315,11607.941224324872
00e12e8b_3316,11607.84861747479
00e12e8b_3317,11607.404811735067
00e12e8b_3318,11607.560550809832
00e12e8b_3319,11607.616928534806
00e12e8b_3320,11607.86981630578
00e12e8b_3321,11607.951829461452
00e12e8b_3322,11607.903848830334
00e12e8b_3323,11607.988058586556
00e12e8b_3324,11608.105360493493
00e12e8b_3325,11607.937155314452
00e12e8b_3326,11607.680412295755
00e12e8b_3327,11607.242140410197
00e12e8b_3328,11607.237812326757
00e12e8b_3329,11607.237812326757
00e12e8b_3330,11607.31263298109
00e12e8b_3331,11607.232278472591
00e12e8b_3332,11607.213838730235
00e12e8b_3333,11607.213838730235
00e12e8b_3334,11607.223441594819
00e12e8b_3335,11607.34767385642
00e12e8b_3336,11607.618466619564
00e12e8b_3337,11607.911588468449
00e12e8b_3338,11607.497487712482
00e12e8b_3339,11606.913102197816
00e12e8b_3340,11606.32575134316
00e12e8b_3341,11606.336654443503
00e12e8b_3342,11606.285266545334
00e12e8b_3343,11606.285266545334
00e12e8b_3344,11606.26370783644
00e12e8b_3345,11606.32038024941
00e12e8b_3346,11606.377908015465
00e12e8b_3347,11606.388563624021
00e12e8b_3348,11606.241252928716
00e12e8b_3349,11606.744886156006
00e12e8b_3350,11607.294296611386
00e12e8b_3351,11607.43737553586
00e12e8b_3352,11606.928655184645
00e12e8b_3353,11606.373960214463
00e12e8b_3354,11606.377139241324
00e12e8b_3355,11606.376086497354
00e12e8b_3356,11606.380318268188
00e12e8b_3357,11606.377139241324
00e12e8b_3358,11606.378191985297
00e12e8b_3359,11606.375012958433
00e12e8b_3360,11606.375012958433
00e12e8b_3361,11606.322572316296
00e12e8b_3362,11606.270131674159
00e12e8b_3363,11606.217691032023
00e12e8b_3364,11606.217691032023
00e12e8b_3365,11606.217691032023
00e12e8b_3366,11606.221922802855
00e12e8b_3367,11606.260451993665
00e12e8b_3368,11606.347523914412
00e12e8b_3369,11605.875676564327
00e12e8b_3370,11605.50273385161
00e12e8b_3371,11605.013818974368
00e12e8b_3372,11605.010889286868
00e12e8b_3373,11604.881657516036
00e12e8b_3374,11605.2942536947
00e12e8b_3375,11605.692029748461
00e12e8b_3376,11606.155675041204
00e12e8b_3377,11606.231993739782
00e12e8b_3378,11605.744528075646
00e12e8b_3379,11604.36564537257
00e12e8b_3380,11603.301110595517
00e12e8b_3381,11602.693151897443
00e12e8b_3382,11603.063667538336
00e12e8b_3383,11603.19414041304
00e12e8b_3384,11603.207975048455
00e12e8b_3385,11603.137575223353
00e12e8b_3386,11602.773611223141
00e12e8b_3387,11602.740265412167
00e12e8b_3388,11603.466994030454
00e12e8b_3389,11604.28701000369
00e12e8b_3390,11605.083776745872
00e12e8b_3391,11605.04487700629
00e12e8b_3392,11605.305619193789
00e12e8b_3393,11604.322057995872
00e12e8b_3394,11603.542110079206
00e12e8b_3395,11602.501419975039
00e12e8b_3396,11602.56265594945
00e12e8b_3397,11603.3815036057
00e12e8b_3398,11604.161451522368
00e12e8b_3399,11605.026555279283
00e12e8b_3400,11604.987655539699
00e12e8b_3401,11604.987655539699
00e12e8b_3402,11605.100913211709
00e12e8b_3403,11605.023485875463
00e12e8b_3404,11605.080010362131
00e12e8b_3405,11604.947296586039
00e12e8b_3406,11604.900032028692
00e12e8b_3407,11605.32151747135
00e12e8b_3408,11605.880436742184
00e12e8b_3409,11605.9284510651
00e12e8b_3410,11605.9284510651
00e12e8b_3411,11605.837147373517
00e12e8b_3412,11606.295016050637
00e12e8b_3413,11606.20794412989
00e12e8b_3414,11606.159929806972
00e12e8b_3415,11605.614989209105
00e12e8b_3416,11605.147373629856
00e12e8b_3417,11604.860974430863
00e12e8b_3418,11605.024723922286
00e12e8b_3419,11605.10140149296
00e12e8b_3420,11605.10514498254
00e12e8b_3421,11605.027717646297
00e12e8b_3422,11605.264581690682
00e12e8b_3423,11605.354367322396
00e12e8b_3424,11605.629004393937
00e12e8b_3425,11605.590402828815
00e12e8b_3426,11605.638611700118
00e12e8b_3427,11605.57316563375
00e12e8b_3428,11605.98372893549
00e12e8b_3429,11606.387944580978
00e12e8b_3430,11606.748543656517
00e12e8b_3431,11606.792604932938
00e12e8b_3432,11606.939752867826
00e12e8b_3433,11607.23782401965
00e12e8b_3434,11607.206652057233
00e12e8b_3435,11607.20893070307
00e12e8b_3436,11607.03155435862
00e12e8b_3437,11607.021757492534
00e12e8b_3438,11606.881771015978
00e12e8b_3439,11607.02387337795
00e12e8b_3440,11607.158488760755
00e12e8b_3441,11606.744833011098
00e12e8b_3442,11606.598498878293
00e12e8b_3443,11606.459977245488
00e12e8b_3444,11606.824386456205
00e12e8b_3445,11606.501119524253
00e12e8b_3446,11606.087455966875
00e12e8b_3447,11605.73757244079
00e12e8b_3448,11605.589981101308
00e12e8b_3449,11605.589981101308
00e12e8b_3450,11605.515160446977
00e12e8b_3451,11605.571541358951
00e12e8b_3452,11605.686725382982
00e12e8b_3453,11605.885028105151
00e12e8b_3454,11605.986663286809
00e12e8b_3455,11605.97229255487
00e12e8b_3456,11605.755550090345
00e12e8b_3457,11605.541628944053
00e12e8b_3458,11605.679606527498
00e12e8b_3459,11606.045728820272
00e12e8b_3460,11606.596283483463
00e12e8b_3461,11606.632675368985
00e12e8b_3462,11606.559128535499
00e12e8b_3463,11606.1392995793
00e12e8b_3464,11605.8825565606
00e12e8b_3465,11605.57095553336
00e12e8b_3466,11605.55222351967
00e12e8b_3467,11605.799267361179
00e12e8b_3468,11606.363446084099
00e12e8b_3469,11606.807052626906
00e12e8b_3470,11606.979837741594
00e12e8b_3471,11606.78468800201
00e12e8b_3472,11606.801951552648
00e12e8b_3473,11606.854203242538
00e12e8b_3474,11607.022334752954
00e12e8b_3475,11607.032089431485
00e12e8b_3476,11607.0224865669
00e12e8b_3477,11607.010033669196
00e12e8b_3478,11607.47741194586
00e12e8b_3479,11607.511073965516
00e12e8b_3480,11607.523526863219
00e12e8b_3481,11607.424459229262
00e12e8b_3482,11607.737538394436
00e12e8b_3483,11608.15536336803
00e12e8b_3484,11608.20371639487
00e12e8b_3485,11608.26305385636
00e12e8b_3486,11608.352462376088
00e12e8b_3487,11608.451984022782
00e12e8b_3488,11608.510515855562
00e12e8b_3489,11608.446964260953
00e12e8b_3490,11608.37755329134
00e12e8b_3491,11608.447421137911
00e12e8b_3492,11608.490976908084
00e12e8b_3493,11608.061501276317
00e12e8b_3494,11608.009369589505
00e12e8b_3495,11607.932893585506
00e12e8b_3496,11608.364580437497
00e12e8b_3497,11608.33659037149
00e12e8b_3498,11608.433062199925
00e12e8b_3499,11608.459272135398
00e12e8b_3500,11608.459272135398
00e12e8b_3501,11608.444133738209
00e12e8b_3502,11608.380841207967
00e12e8b_3503,11608.328331510604
00e12e8b_3504,11608.310028990265
00e12e8b_3505,11608.328809064695
00e12e8b_3506,11608.347060212493
00e12e8b_3507,11608.330968912376
00e12e8b_3508,11608.330968912376
00e12e8b_3509,11608.300858235292
00e12e8b_3510,11608.282078160863
00e12e8b_3511,11608.316336710426
00e12e8b_3512,11608.380705937072
00e12e8b_3513,11608.385702748625
00e12e8b_3514,11608.332664124633
00e12e8b_3515,11608.280154427272
00e12e8b_3516,11608.310028990265
00e12e8b_3517,11608.328809064691
00e12e8b_3518,11607.995924496412
00e12e8b_3519,11607.967236033423
00e12e8b_3520,11607.932893585506
00e12e8b_3521,11608.253918624503
00e12e8b_3522,11608.248264639575
00e12e8b_3523,11608.298698387609
00e12e8b_3524,11608.328809064695
00e12e8b_3525,11607.970371110996
00e12e8b_3526,11607.95427981088
00e12e8b_3527,11607.95427981088
00e12e8b_3528,11608.362293048782
00e12e8b_3529,11608.360950450893
00e12e8b_3530,11607.946223521352
00e12e8b_3531,11607.902302222079
00e12e8b_3532,11607.903644819968
00e12e8b_3533,11608.159491547623
00e12e8b_3534,11608.172088710495
00e12e8b_3535,11608.13774626258
00e12e8b_3536,11608.330885014024
00e12e8b_3537,11608.316966480254
00e12e8b_3538,11608.332528853738
00e12e8b_3539,11608.284250927209
00e12e8b_3540,11608.279389386551
00e12e8b_3541,11608.279389386551
00e12e8b_3542,11608.275157615717
00e12e8b_3543,11608.275686542345
00e12e8b_3544,11608.276215468977
00e12e8b_3545,11608.26012416886
00e12e8b_3546,11608.26012416886
00e12e8b_3547,11608.26012416886
00e12e8b_3548,11608.310557916893
00e12e8b_3549,11608.328809064695
00e12e8b_3550,11608.307183910409
00e12e8b_3551,11608.291092610292
00e12e8b_3552,11608.327787840446
00e12e8b_3553,11607.904922890075
00e12e8b_3554,11607.490195960536
00e12e8b_3555,11606.995799454706
00e12e8b_3556,11607.01273188837
00e12e8b_3557,11606.978877721704
00e12e8b_3558,11606.960145708013
00e12e8b_3559,11606.886829953233
00e12e8b_3560,11606.549579526318
00e12e8b_3561,11606.339184703733
00e12e8b_3562,11606.219928139084
00e12e8b_3563,11606.289403766183
00e12e8b_3564,11606.328103837788
00e12e8b_3565,11606.32501138987
00e12e8b_3566,11606.39989369976
00e12e8b_3567,11605.852905927764
00e12e8b_3568,11605.299263701554
00e12e8b_3569,11604.285992282594
00e12e8b_3570,11603.82636308985
00e12e8b_3571,11603.370965667937
00e12e8b_3572,11603.370965667937
00e12e8b_3573,11603.370965667937
00e12e8b_3574,11603.366733897104
00e12e8b_3575,11603.366733897104
00e12e8b_3576,11603.366733897104
00e12e8b_3577,11603.366733897104
00e12e8b_3578,11603.366733897104
00e12e8b_3579,11603.315345998939
00e12e8b_3580,11603.268189871606
00e12e8b_3581,11603.21680197344
00e12e8b_3582,11603.21680197344
00e12e8b_3583,11602.8781566807
00e12e8b_3584,11602.48770695337
00e12e8b_3585,11602.534572374627
00e12e8b_3586,11603.199855100043
00e12e8b_3587,11602.26591982082
00e12e8b_3588,11600.757573016701
00e12e8b_3589,11599.003351584079
00e12e8b_3590,11598.933843996934
00e12e8b_3591,11598.971973150683
00e12e8b_3592,11598.971973150683
00e12e8b_3593,11598.948698411099
00e12e8b_3594,11598.916309088183
00e12e8b_3595,11598.585545100657
00e12e8b_3596,11598.184478997326
00e12e8b_3597,11597.96172969066
00e12e8b_3598,11597.598893586814
00e12e8b_3599,11598.145008166108
00e12e8b_3600,11596.17860098518
00e12e8b_3601,11595.580808289453
00e12e8b_3602,11598.775200151853
00e12e8b_3603,11604.98293206615
00e12e8b_3604,11609.980699769787
00e12e8b_3605,11609.287124330696
00e12e8b_3606,11609.31685795456
00e12e8b_3607,11609.280519415324
00e12e8b_3608,11610.068557826076
00e12e8b_3609,11608.94074694384
00e12e8b_3610,11608.735195446903
00e12e8b_3611,11607.589261415129
00e12e8b_3612,11607.082876903543
00e12e8b_3613,11606.845522712123
00e12e8b_3614,11608.443391043913
00e12e8b_3615,11609.774910573235
00e12e8b_3616,11610.336599052513
00e12e8b_3617,11610.147102642703
00e12e8b_3618,11610.138538139008
00e12e8b_3619,11609.776228827383
00e12e8b_3620,11608.927201880846
00e12e8b_3621,11607.96578859222
00e12e8b_3622,11607.308235642433
00e12e8b_3623,11608.169464096269
00e12e8b_3624,11608.316174281159
00e12e8b_3625,11609.583806746561
00e12e8b_3626,11611.022482095936
00e12e8b_3627,11607.41385425074
00e12e8b_3628,11602.619350770807
00e12e8b_3629,11597.776710550148
00e12e8b_3630,11598.6850676466
00e12e8b_3631,11599.405047491578
00e12e8b_3632,11593.24396121221
00e12e8b_3633,11586.732744247334
00e12e8b_3634,11580.656054167348
00e12e8b_3635,11580.956719126443
00e12e8b_3636,11581.670629287813
00e12e8b_3637,11581.685497310915
00e12e8b_3638,11581.221614672766
00e12e8b_3639,11580.939980921363
00e12e8b_3640,11581.428425439599
00e12e8b_3641,11582.016149385718
00e12e8b_3642,11582.536548099177
00e12e8b_3643,11582.709347307862
00e12e8b_3644,11582.415904213927
00e12e8b_3645,11582.216675787278
00e12e8b_3646,11582.276169758565
00e12e8b_3647,11581.496397036659
00e12e8b_3648,11580.074263457993
00e12e8b_3649,11583.335708076995
00e12e8b_3650,11586.919402299873
00e12e8b_3651,11592.184778373363
00e12e8b_3652,11588.817924438035
00e12e8b_3653,11583.069848722824
00e12e8b_3654,11581.569816441772
00e12e8b_3655,11585.141300056393
00e12e8b_3656,11591.875266793648
00e12e8b_3657,11593.375817629501
00e12e8b_3658,11593.760949151461
00e12e8b_3659,11594.189109026302
00e12e8b_3660,11594.39116339723
00e12e8b_3661,11593.758916597688
00e12e8b_3662,11593.152492803041
00e12e8b_3663,11593.132917488861
00e12e8b_3664,11593.965881510683
00e12e8b_3665,11599.706886552587
00e12e8b_3666,11601.949749791456
00e12e8b_3667,11602.329631251007
00e12e8b_3668,11597.153086590466
00e12e8b_3669,11594.245319937283
00e12e8b_3670,11593.858438581978
00e12e8b_3671,11594.13065716114
00e12e8b_3672,11594.641420095346
00e12e8b_3673,11595.831270428984
00e12e8b_3674,11597.1171500841
00e12e8b_3675,11598.537031398087
00e12e8b_3676,11598.189747563963
00e12e8b_3677,11598.206520413432
00e12e8b_3678,11598.918263296544
00e12e8b_3679,11599.709890696977
00e12e8b_3680,11600.152967757045
00e12e8b_3681,11600.852769151243
00e12e8b_3682,11601.774298033031
00e12e8b_3683,11602.395799672877
00e12e8b_3684,11602.468660814724
00e12e8b_3685,11602.48986031427
00e12e8b_3686,11602.207013095054
00e12e8b_3687,11601.744177497327
00e12e8b_3688,11600.580937911289
00e12e8b_3689,11599.822297656458
00e12e8b_3690,11598.665540980592
00e12e8b_3691,11598.81627290583
00e12e8b_3692,11597.253130168954
00e12e8b_3693,11596.194023240087
00e12e8b_3694,11594.046558696355
00e12e8b_3695,11593.74691929187
00e12e8b_3696,11593.002150098793
00e12e8b_3697,11593.133257501055
00e12e8b_3698,11593.453665391347
00e12e8b_3699,11594.112849589086
00e12e8b_3700,11594.543506950618
00e12e8b_3701,11595.988477373065
00e12e8b_3702,11597.06474287046
00e12e8b_3703,11597.989469773913
00e12e8b_3704,11597.526837073243
00e12e8b_3705,11597.518097648128
00e12e8b_3706,11597.815644466182
00e12e8b_3707,11597.965572845147
00e12e8b_3708,11597.99456161374
00e12e8b_3709,11598.433356779753
00e12e8b_3710,11597.465013203087
00e12e8b_3711,11596.482641371544
00e12e8b_3712,11594.690787753549
00e12e8b_3713,11594.537807566629
00e12e8b_3714,11594.06043316045
00e12e8b_3715,11593.597388879658
00e12e8b_3716,11592.933662259675
00e12e8b_3717,11598.637109768684
00e12e8b_3718,11603.539122020602
00e12e8b_3719,11609.174112628263
00e12e8b_3720,11608.946198781492
00e12e8b_3721,11610.882400459419
00e12e8b_3722,11612.241705500097
00e12e8b_3723,11614.096993794437
00e12e8b_3724,11614.689098890376
00e12e8b_3725,11616.220262626368
00e12e8b_3726,11614.972636729815
00e12e8b_3727,11613.614218552684
00e12e8b_3728,11612.05829008575
00e12e8b_3729,11612.144123939428
00e12e8b_3730,11612.760944637026
00e12e8b_3731,11610.684027477482
00e12e8b_3732,11606.36572818639
00e12e8b_3733,11601.50428056487
00e12e8b_3734,11598.003315129246
00e12e8b_3735,11598.03992993618
00e12e8b_3736,11598.083187117954
00e12e8b_3737,11598.74741237837
00e12e8b_3738,11598.019267302145
00e12e8b_3739,11597.842410826226
00e12e8b_3740,11597.810974332477
00e12e8b_3741,11598.194501971142
00e12e8b_3742,11598.519638904421
00e12e8b_3743,11600.725842968212
00e12e8b_3744,11602.96095565535
00e12e8b_3745,11602.619423540984
00e12e8b_3746,11600.766527792912
00e12e8b_3747,11598.433514537652
00e12e8b_3748,11599.296967748458
00e12e8b_3749,11599.343835764137
00e12e8b_3750,11599.746911680944
00e12e8b_3751,11599.143827450069
00e12e8b_3752,11600.480436978178
00e12e8b_3753,11601.997524318662
00e12e8b_3754,11603.302637663548
00e12e8b_3755,11602.866451159374
00e12e8b_3756,11603.105144612096
00e12e8b_3757,11603.335856170599
00e12e8b_3758,11603.72797166982
00e12e8b_3759,11604.163918425542
00e12e8b_3760,11604.480768788393
00e12e8b_3761,11605.00828883537
00e12e8b_3762,11605.428023496585
00e12e8b_3763,11606.286349312259
00e12e8b_3764,11606.945156015126
00e12e8b_3765,11607.142462154681
00e12e8b_3766,11607.196062356206
00e12e8b_3767,11607.246574436707
00e12e8b_3768,11607.3385871231
00e12e8b_3769,11607.419920248509
00e12e8b_3770,11607.979877837295
00e12e8b_3771,11608.850539748228
00e12e8b_3772,11609.569364366695
00e12e8b_3773,11609.251755268653
00e12e8b_3774,11608.36025614563
00e12e8b_3775,11607.607880593785
00e12e8b_3776,11606.570426348766
00e12e8b_3777,11605.801706998443
00e12e8b_3778,11605.139022402873
00e12e8b_3779,11605.09016307995
00e12e8b_3780,11605.168077698248
00e12e8b_3781,11605.733611671096
00e12e8b_3782,11606.587634650874
00e12e8b_3783,11607.843286963298
00e12e8b_3784,11608.692813137866
00e12e8b_3785,11609.569364366695
00e12e8b_3786,11609.910338825981
00e12e8b_3787,11610.06199196619
00e12e8b_3788,11610.099270746054
00e12e8b_3789,11610.408151097598
00e12e8b_3790,11610.9905927504
00e12e8b_3791,11611.583260273168
00e12e8b_3792,11611.893355939023
00e12e8b_3793,11611.968971212846
00e12e8b_3794,11612.001780497085
00e12e8b_3795,11612.083065624416
00e12e8b_3796,11612.325151122544
00e12e8b_3797,11612.959075925688
00e12e8b_3798,11612.50031938972
00e12e8b_3799,11611.851305830156
00e12e8b_3800,11611.745837347538
00e12e8b_3801,11612.057515437875
00e12e8b_3802,11612.356986046228
00e12e8b_3803,11612.127422928956
00e12e8b_3804,11612.865061244867
00e12e8b_3805,11613.271411901209
00e12e8b_3806,11617.542097144185
00e12e8b_3807,11621.638487627593
00e12e8b_3808,11626.069649527371
00e12e8b_3809,11626.208159535383
00e12e8b_3810,11626.164279560197
00e12e8b_3811,11626.126359365728
00e12e8b_3812,11626.038140195049
00e12e8b_3813,11625.96294354545
00e12e8b_3814,11625.890510840325
00e12e8b_3815,11625.918901557117
00e12e8b_3816,11625.655221182753
00e12e8b_3817,11625.085989931993
00e12e8b_3818,11624.481557277075
00e12e8b_3819,11624.251882324696
00e12e8b_3820,11617.043973341964
00e12e8b_3821,11610.14220739444
00e12e8b_3822,11603.24412193545
00e12e8b_3823,11603.609801851957
00e12e8b_3824,11603.699169043668
00e12e8b_3825,11603.415572869531
00e12e8b_3826,11603.140815223034
00e12e8b_3827,11602.716574442506
00e12e8b_3828,11602.57909700804
00e12e8b_3829,11602.478516723015
00e12e8b_3830,11602.487064984962
00e12e8b_3831,11602.674794664274
00e12e8b_3832,11603.036748611632
00e12e8b_3833,11603.415870442877
00e12e8b_3834,11603.474026458642
00e12e8b_3835,11603.298387893863
00e12e8b_3836,11603.250470414125
00e12e8b_3837,11603.471816948671
00e12e8b_3838,11603.561920235843
00e12e8b_3839,11603.445592379969
00e12e8b_3840,11603.366230633948
00e12e8b_3841,11603.589078140147
00e12e8b_3842,11603.843176902335
00e12e8b_3843,11601.179171808015
00e12e8b_3844,11598.185882472979
00e12e8b_3845,11595.391875681702
00e12e8b_3846,11595.419906702926
00e12e8b_3847,11595.670547129857
00e12e8b_3848,11595.789426172874
00e12e8b_3849,11595.819554292975
00e12e8b_3850,11595.97229130778
00e12e8b_3851,11595.978575892063
00e12e8b_3852,11596.010765571411
00e12e8b_3853,11595.79771197531
00e12e8b_3854,11595.896357876534
00e12e8b_3855,11596.029002432713
00e12e8b_3856,11596.20836361756
00e12e8b_3857,11596.220396730225
00e12e8b_3858,11595.887416539792
00e12e8b_3859,11595.599917098269
00e12e8b_3860,11595.36808205276
00e12e8b_3861,11595.23561921971
00e12e8b_3862,11594.866824473793
00e12e8b_3863,11594.506285826705
00e12e8b_3864,11594.351855761133
00e12e8b_3865,11594.461752400099
00e12e8b_3866,11594.46937962895
00e12e8b_3867,11594.497374420616
00e12e8b_3868,11594.46937962895
00e12e8b_3869,11594.53873807718
00e12e8b_3870,11594.537979425528
00e12e8b_3871,11594.667318839163
00e12e8b_3872,11594.941408116016
00e12e8b_3873,11595.118879285665
00e12e8b_3874,11595.180361999262
00e12e8b_3875,11595.141625020095
00e12e8b_3876,11595.066257124066
00e12e8b_3877,11595.004774410467
00e12e8b_3878,11594.82177584933
00e12e8b_3879,11594.773761526414
00e12e8b_3880,11594.725747203498
00e12e8b_3881,11594.725747203498
00e12e8b_3882,11594.855870816551
00e12e8b_3883,11594.903474898356
00e12e8b_3884,11594.75072379581
00e12e8b_3885,11594.453099799512
00e12e8b_3886,11594.272337782379
00e12e8b_3887,11593.758869485902
00e12e8b_3888,11593.05716466136
00e12e8b_3889,11592.438874420019
00e12e8b_3890,11592.407904175838
00e12e8b_3891,11591.329226617192
00e12e8b_3892,11590.132792027429
00e12e8b_3893,11588.99416464981
00e12e8b_3894,11589.15424471834
00e12e8b_3895,11589.3185565577
00e12e8b_3896,11588.986477501356
00e12e8b_3897,11590.121849670642
00e12e8b_3898,11590.97586662098
00e12e8b_3899,11592.10895523126
00e12e8b_3900,11592.114896854111
00e12e8b_3901,11592.618929719238
00e12e8b_3902,11593.596589776324
00e12e8b_3903,11594.303210790218
00e12e8b_3904,11594.797488202603
00e12e8b_3905,11594.917861846878
00e12e8b_3906,11594.9460210774
00e12e8b_3907,11594.970927209013
00e12e8b_3908,11594.987854292349
00e12e8b_3909,11595.102570816249
00e12e8b_3910,11594.965887141487
00e12e8b_3911,11594.88532358256
00e12e8b_3912,11594.592852608466
00e12e8b_3913,11594.468373467593
00e12e8b_3914,11593.810115899636
00e12e8b_3915,11593.172458374009
00e12e8b_3916,11591.220180915625
00e12e8b_3917,11589.991643805706
00e12e8b_3918,11588.891226718159
00e12e8b_3919,11589.30532776506
00e12e8b_3920,11588.992056697427
00e12e8b_3921,11587.046728803753
00e12e8b_3922,11585.302961997511
00e12e8b_3923,11584.005980060245
00e12e8b_3924,11585.933460492015
00e12e8b_3925,11586.919836027693
00e12e8b_3926,11588.54444479451
00e12e8b_3927,11588.550639385068
00e12e8b_3928,11589.23013652329
00e12e8b_3929,11589.267168659537
00e12e8b_3930,11589.150003230274
00e12e8b_3931,11589.150003230274
00e12e8b_3932,11589.101988907358
00e12e8b_3933,11589.21915433662
00e12e8b_3934,11589.16353466762
00e12e8b_3935,11589.27262854029
00e12e8b_3936,11589.287472583455
00e12e8b_3937,11589.382086645215
00e12e8b_3938,11588.956348129666
00e12e8b_3939,11587.176382391595
00e12e8b_3940,11585.33234627946
00e12e8b_3941,11583.904007796717
00e12e8b_3942,11583.93289530153
00e12e8b_3943,11583.881050511869
00e12e8b_3944,11583.711199367644
00e12e8b_3945,11582.747843141036
00e12e8b_3946,11581.740983063874
00e12e8b_3947,11580.56053738859
00e12e8b_3948,11576.372328149037
00e12e8b_3949,11572.18772881852
00e12e8b_3950,11568.581472189435
00e12e8b_3951,11567.407764047386
00e12e8b_3952,11567.56375120971
00e12e8b_3953,11567.36037197915
00e12e8b_3954,11568.77376305216
00e12e8b_3955,11568.733141638419
00e12e8b_3956,11570.08606006927
00e12e8b_3957,11571.636085732569
00e12e8b_3958,11573.402748166072
00e12e8b_3959,11573.751766982867
00e12e8b_3960,11574.877149449303
00e12e8b_3961,11576.49872810286
00e12e8b_3962,11578.506770466944
00e12e8b_3963,11579.318955362463
00e12e8b_3964,11579.695867529204
00e12e8b_3965,11579.904152074198
00e12e8b_3966,11580.08546671184
00e12e8b_3967,11580.169116348166
00e12e8b_3968,11579.926713872192
00e12e8b_3969,11579.702377802469
00e12e8b_3970,11579.523752543508
00e12e8b_3971,11579.327857556096
00e12e8b_3972,11579.192446442636
00e12e8b_3973,11579.044234262941
00e12e8b_3974,11579.110414751478
00e12e8b_3975,11579.276534909814
00e12e8b_3976,11579.427974584245
00e12e8b_3977,11579.543255605598
00e12e8b_3978,11579.240786316203
00e12e8b_3979,11579.038987559941
00e12e8b_3980,11578.920151184662
00e12e8b_3981,11579.029041691281
00e12e8b_3982,11579.204029214388
00e12e8b_3983,11578.939865417075
00e12e8b_3984,11578.52463931601
00e12e8b_3985,11577.82450115527
00e12e8b_3986,11576.25126558062
00e12e8b_3987,11574.942156500605
00e12e8b_3988,11573.793964087969
00e12e8b_3989,11573.994015111755
00e12e8b_3990,11573.539138103491
00e12e8b_3991,11573.416167752861
00e12e8b_3992,11571.722032069001
00e12e8b_3993,11570.39455540177
00e12e8b_3994,11568.79488320913
00e12e8b_3995,11568.778678684184
00e12e8b_3996,11568.770190140813
00e12e8b_3997,11570.20868596359
00e12e8b_3998,11571.268393831813
00e12e8b_3999,11572.59248169935
00e12e8b_4000,11572.287143157686
00e12e8b_4001,11572.472523056118
00e12e8b_4002,11571.032549771911
00e12e8b_4003,11570.010697780206
00e12e8b_4004,11568.62296864165
00e12e8b_4005,11568.817492341273
00e12e8b_4006,11567.736315262613
00e12e8b_4007,11566.0208959381
00e12e8b_4008,11563.956436120816
00e12e8b_4009,11562.833375494338
00e12e8b_4010,11561.239031001334
00e12e8b_4011,11559.304152897583
00e12e8b_4012,11557.188158378654
00e12e8b_4013,11557.308793802571
00e12e8b_4014,11557.566528723999
00e12e8b_4015,11557.300677282445
00e12e8b_4016,11556.283320086264
00e12e8b_4017,11556.8936757602
00e12e8b_4018,11558.862480397605
00e12e8b_4019,11560.652847136435
00e12e8b_4020,11561.231900964856
00e12e8b_4021,11561.683148941613
00e12e8b_4022,11562.202367890175
00e12e8b_4023,11564.292386428404
00e12e8b_4024,11566.155982530234
00e12e8b_4025,11569.678006496926
00e12e8b_4026,11571.452816201292
00e12e8b_4027,11574.375021161728
00e12e8b_4028,11575.726947121666
00e12e8b_4029,11577.95340736793
00e12e8b_4030,11578.34682846369
00e12e8b_4031,11578.579853270896
00e12e8b_4032,11578.204506767286
00e12e8b_4033,11578.569876776019
00e12e8b_4034,11578.551908519396
00e12e8b_4035,11578.952695688175
00e12e8b_4036,11579.038747839133
00e12e8b_4037,11579.018678267714
00e12e8b_4038,11578.617891098935
00e12e8b_4039,11578.557279613147
00e12e8b_4040,11578.970663944798
00e12e8b_4041,11579.353937599364
00e12e8b_4042,11579.44894290561
00e12e8b_4043,11579.521239283213
00e12e8b_4044,11579.600882177941
00e12e8b_4045,11579.61602057513
00e12e8b_4046,11579.616020575131
00e12e8b_4047,11579.561542918475
00e12e8b_4048,11579.493759553028
00e12e8b_4049,11579.441249855665
00e12e8b_4050,11579.427415220249
00e12e8b_4051,11579.427415220249
00e12e8b_4052,11579.431646991083
00e12e8b_4053,11579.432175917711
00e12e8b_4054,11579.432175917713
00e12e8b_4055,11579.462286594795
00e12e8b_4056,11579.061782317194
00e12e8b_4057,11578.580591386248
00e12e8b_4058,11577.8699082678
00e12e8b_4059,11578.250625865161
00e12e8b_4060,11578.716434041904
00e12e8b_4061,11579.496528129965
00e12e8b_4062,11579.70641223861
00e12e8b_4063,11580.004340299676
00e12e8b_4064,11580.287021412056
00e12e8b_4065,11580.53565863157
00e12e8b_4066,11580.38086319253
00e12e8b_4067,11581.03211501315
00e12e8b_4068,11581.877561722451
00e12e8b_4069,11583.090800916978
00e12e8b_4070,11583.417717544367
00e12e8b_4071,11583.357316102456
00e12e8b_4072,11583.22559444789
00e12e8b_4073,11583.076307843616
00e12e8b_4074,11583.411339443506
00e12e8b_4075,11583.425851951033
00e12e8b_4076,11583.77781063426
00e12e8b_4077,11583.07712704051
00e12e8b_4078,11582.711475046648
00e12e8b_4079,11581.542204213314
00e12e8b_4080,11581.595014977172
00e12e8b_4081,11581.595014977172
00e12e8b_4082,11582.014440012606
00e12e8b_4083,11581.956095394584
00e12e8b_4084,11582.321747388443
00e12e8b_4085,11582.722564190617
00e12e8b_4086,11583.093750038644
00e12e8b_4087,11583.4372451802
00e12e8b_4088,11583.786274175925
00e12e8b_4089,11584.129769317482
00e12e8b_4090,11584.129769317482
00e12e8b_4091,11583.420622182064
00e12e8b_4092,11583.07712704051
00e12e8b_4093,11582.73363189895
00e12e8b_4094,11583.09928389281
00e12e8b_4095,11583.055430678694
00e12e8b_4096,11583.086116621382
00e12e8b_4097,11583.454809158342
00e12e8b_4098,11583.683154338301
00e12e8b_4099,11584.040551580047
00e12e8b_4100,11583.879606574415
00e12e8b_4101,11583.68201612467
00e12e8b_4102,11583.28136338297
00e12e8b_4103,11583.095388742286
00e12e8b_4104,11582.733987610065
00e12e8b_4105,11582.497723071936
00e12e8b_4106,11582.078747893196
00e12e8b_4107,11580.663225256358
00e12e8b_4108,11579.273653625662
00e12e8b_4109,11577.944767302159
00e12e8b_4110,11578.387005825947
00e12e8b_4111,11576.09070185702
00e12e8b_4112,11574.237990905234
00e12e8b_4113,11572.161716598639
00e12e8b_4114,11572.632163010625
00e12e8b_4115,11572.775924649244
00e12e8b_4116,11571.880908054161
00e12e8b_4117,11571.882695970313
00e12e8b_4118,11571.882695970313
00e12e8b_4119,11572.761361582654
00e12e8b_4120,11572.825257358118
00e12e8b_4121,11572.826559441453
00e12e8b_4122,11572.810934441453
00e12e8b_4123,11572.806865431035
00e12e8b_4124,11572.844137566453
00e12e8b_4125,11572.639098214053
00e12e8b_4126,11572.929826433601
00e12e8b_4127,11574.20580375735
00e12e8b_4128,11576.21417608686
00e12e8b_4129,11577.795904934987
00e12e8b_4130,11578.248928715315
00e12e8b_4131,11578.36785749338
00e12e8b_4132,11578.307752277544
00e12e8b_4133,11578.38491812947
00e12e8b_4134,11577.73663044741
00e12e8b_4135,11577.187627658635
00e12e8b_4136,11576.722700737317
00e12e8b_4137,11575.518440228012
00e12e8b_4138,11574.387304728758
00e12e8b_4139,11573.030011887371
00e12e8b_4140,11573.032624423111
00e12e8b_4141,11572.919351542187
00e12e8b_4142,11573.09431062103
00e12e8b_4143,11573.207583501955
00e12e8b_4144,11573.178774908205
00e12e8b_4145,11573.019868636062
00e12e8b_4146,11572.887655072254
00e12e8b_4147,11572.865133660203
00e12e8b_4148,11572.884502149785
00e12e8b_4149,11573.039176651095
00e12e8b_4150,11574.535039081615
00e12e8b_4151,11575.66178382615
00e12e8b_4152,11576.663783263173
00e12e8b_4153,11575.011971351783
00e12e8b_4154,11573.974308660641
00e12e8b_4155,11572.635246759462
00e12e8b_4156,11571.850670575479
00e12e8b_4157,11570.641914172678
00e12e8b_4158,11570.67624495709
00e12e8b_4159,11571.595611767778
00e12e8b_4160,11572.376531853903
00e12e8b_4161,11573.676887162286
00e12e8b_4162,11574.892480371456
00e12e8b_4163,11576.45715296932
00e12e8b_4164,11574.671489715205
00e12e8b_4165,11574.671489715205
00e12e8b_4166,11574.767442925722
00e12e8b_4167,11576.450729877755
00e12e8b_4168,11576.450729877755
00e12e8b_4169,11576.243698627755
00e12e8b_4170,11575.210104947031
00e12e8b_4171,11574.029667987865
00e12e8b_4172,11571.963283896717
00e12e8b_4173,11570.940310503642
00e12e8b_4174,11569.875023825074
00e12e8b_4175,11570.628901506017
00e12e8b_4176,11571.594042845702
00e12e8b_4177,11572.7740364798
00e12e8b_4178,11573.072828919125
00e12e8b_4179,11573.050367981623
00e12e8b_4180,11572.92801128651
00e12e8b_4181,11572.77431761424
00e12e8b_4182,11571.592053878723
00e12e8b_4183,11570.524235525378
00e12e8b_4184,11569.389938288978
00e12e8b_4185,11570.576340103196
00e12e8b_4186,11571.62869621696
00e12e8b_4187,11572.944681917297
00e12e8b_4188,11572.66249921073
00e12e8b_4189,11573.95547483698
00e12e8b_4190,11575.492388423247
00e12e8b_4191,11577.571211498942
00e12e8b_4192,11578.038128610686
00e12e8b_4193,11578.064929354856
00e12e8b_4194,11578.097892480686
00e12e8b_4195,11577.989037549907
00e12e8b_4196,11577.768059414908
00e12e8b_4197,11578.79114561956
00e12e8b_4198,11579.921760373894
00e12e8b_4199,11581.069793854907
00e12e8b_4200,11580.940814840464
00e12e8b_4201,11580.789729450953
00e12e8b_4202,11580.940114802814
00e12e8b_4203,11580.89523972431
00e12e8b_4204,11581.138428318096
00e12e8b_4205,11581.226996602185
00e12e8b_4206,11581.276199764128
00e12e8b_4207,11581.120734007281
00e12e8b_4208,11580.915208763277
00e12e8b_4209,11581.016184815782
00e12e8b_4210,11581.130996471848
00e12e8b_4211,11581.166627928322
00e12e8b_4212,11581.257891596184
00e12e8b_4213,11581.20848229683
00e12e8b_4214,11581.289807800269
00e12e8b_4215,11579.63146672376
00e12e8b_4216,11579.341243186156
00e12e8b_4217,11578.263802488276
00e12e8b_4218,11578.799156486608
00e12e8b_4219,11578.160031697864
00e12e8b_4220,11578.10057810928
00e12e8b_4221,11578.0543468468
00e12e8b_4222,11578.113963781389
00e12e8b_4223,11578.215018157984
00e12e8b_4224,11578.242173606463
00e12e8b_4225,11577.979250439754
00e12e8b_4226,11577.989037549907
00e12e8b_4227,11578.040425448073
00e12e8b_4228,11578.195134422851
00e12e8b_4229,11578.195134422851
00e12e8b_4230,11578.143746524685
00e12e8b_4231,11578.097892480686
00e12e8b_4232,11578.04650458252
00e12e8b_4233,11578.04650458252
00e12e8b_4234,11578.101961491104
00e12e8b_4235,11577.993106560323
00e12e8b_4236,11579.131852304856
00e12e8b_4237,11580.098155219828
00e12e8b_4238,11581.134065496626
00e12e8b_4239,11580.945046611298
00e12e8b_4240,11581.121359571795
00e12e8b_4241,11581.607810949825
00e12e8b_4242,11582.480142373983
00e12e8b_4243,11583.128218399239
00e12e8b_4244,11583.526518036582
00e12e8b_4245,11583.627058875434
00e12e8b_4246,11583.56013932392
00e12e8b_4247,11583.577976435665
00e12e8b_4248,11583.345668100103
00e12e8b_4249,11583.396715498617
00e12e8b_4250,11583.23443861278
00e12e8b_4251,11583.474659128167
00e12e8b_4252,11582.805274002692
00e12e8b_4253,11582.293427852477
00e12e8b_4254,11581.624716621547
00e12e8b_4255,11581.322309169036
00e12e8b_4256,11581.485396508186
00e12e8b_4257,11581.082080515398
00e12e8b_4258,11582.049604820922
00e12e8b_4259,11582.049604820922
00e12e8b_4260,11582.509728518839
00e12e8b_4261,11582.002327911232
00e12e8b_4262,11582.002327911232
00e12e8b_4263,11581.644320262147
00e12e8b_4264,11582.009972256006
00e12e8b_4265,11582.375624249866
00e12e8b_4266,11583.09928389281
00e12e8b_4267,11583.442779034367
00e12e8b_4268,11583.878853379187
00e12e8b_4269,11582.70720426768
00e12e8b_4270,11581.704994476386
00e12e8b_4271,11580.562028398499
00e12e8b_4272,11581.420836280004
00e12e8b_4273,11582.186134735168
00e12e8b_4274,11582.527374474377
00e12e8b_4275,11582.131068568966
00e12e8b_4276,11581.972493528587
00e12e8b_4277,11582.430791501718
00e12e8b_4278,11583.30913901912
00e12e8b_4279,11583.361130254072
00e12e8b_4280,11583.202143292738
00e12e8b_4281,11583.103179634687
00e12e8b_4282,11583.117258439173
00e12e8b_4283,11583.2383768882
00e12e8b_4284,11583.372900291813
00e12e8b_4285,11583.726071338426
00e12e8b_4286,11583.82223369766
00e12e8b_4287,11583.604375086208
00e12e8b_4288,11583.224555677842
00e12e8b_4289,11582.682004410635
00e12e8b_4290,11582.237475218817
00e12e8b_4291,11581.93127181098
00e12e8b_4292,11582.270527558418
00e12e8b_4293,11582.83644407182
00e12e8b_4294,11583.370323551115
00e12e8b_4295,11583.65271781555
00e12e8b_4296,11583.85975400707
00e12e8b_4297,11583.744307462812
00e12e8b_4298,11583.974148093666
00e12e8b_4299,11583.962074252986
00e12e8b_4300,11584.0877311234
00e12e8b_4301,11583.649624812324
00e12e8b_4302,11582.93867088268
00e12e8b_4303,11582.271845244008
00e12e8b_4304,11581.818802895506
00e12e8b_4305,11581.959714231076
00e12e8b_4306,11582.026072339324
00e12e8b_4307,11581.648084544562
00e12e8b_4308,11581.322264849417
00e12e8b_4309,11581.059929360294
00e12e8b_4310,11580.073793266201
00e12e8b_4311,11578.867918572272
00e12e8b_4312,11578.677013121744
00e12e8b_4313,11579.974906765807
00e12e8b_4314,11581.27589285779
00e12e8b_4315,11580.263155463725
00e12e8b_4316,11578.967540465494
00e12e8b_4317,11578.824461541022
00e12e8b_4318,11579.876579710837
00e12e8b_4319,11581.177984517975
00e12e8b_4320,11581.96119443069
00e12e8b_4321,11582.90983765918
00e12e8b_4322,11583.60996101159
00e12e8b_4323,11583.682094628777
00e12e8b_4324,11583.737362427948
00e12e8b_4325,11583.691366935118
00e12e8b_4326,11583.63901999817
00e12e8b_4327,11583.191404606483
00e12e8b_4328,11582.79090032888
00e12e8b_4329,11582.332018521489
00e12e8b_4330,11582.255075357723
00e12e8b_4331,11582.118010979406
00e12e8b_4332,11581.82212279328
00e12e8b_4333,11580.368194258246
00e12e8b_4334,11579.155439344895
00e12e8b_4335,11578.1968826434
00e12e8b_4336,11577.82117002143
00e12e8b_4337,11576.022755170163
00e12e8b_4338,11574.116165037078
00e12e8b_4339,11571.873608170208
00e12e8b_4340,11570.156713737679
00e12e8b_4341,11568.121432777583
00e12e8b_4342,11567.28441336356
00e12e8b_4343,11566.82925412509
00e12e8b_4344,11566.895998068334
00e12e8b_4345,11566.690550189103
00e12e8b_4346,11566.69826201716
00e12e8b_4347,11565.445316280553
00e12e8b_4348,11564.016776043334
00e12e8b_4349,11563.062434413034
00e12e8b_4350,11563.260830618374
00e12e8b_4351,11563.577791994941
00e12e8b_4352,11564.24049470827
00e12e8b_4353,11564.908593957514
00e12e8b_4354,11566.579129024214
00e12e8b_4355,11568.527472563384
00e12e8b_4356,11570.583804321257
00e12e8b_4357,11571.7221521084
00e12e8b_4358,11571.923235203465
00e12e8b_4359,11572.431415506195
00e12e8b_4360,11572.68756499377
00e12e8b_4361,11574.687401387268
00e12e8b_4362,11576.238105530085
00e12e8b_4363,11576.220527405087
00e12e8b_4364,11573.992848489048
00e12e8b_4365,11572.303797992063
00e12e8b_4366,11572.525880307578
00e12e8b_4367,11573.176162372465
00e12e8b_4368,11574.623144572506
00e12e8b_4369,11575.648385181097
00e12e8b_4370,11577.439067732439
00e12e8b_4371,11577.84414544251
00e12e8b_4372,11578.405080101855
00e12e8b_4373,11578.09171788767
00e12e8b_4374,11578.967710256546
00e12e8b_4375,11580.054832760767
00e12e8b_4376,11581.795591768076
00e12e8b_4377,11582.613492318298
00e12e8b_4378,11583.507570115951
00e12e8b_4379,11583.826097192888
00e12e8b_4380,11583.942890107994
00e12e8b_4381,11583.890473824167
00e12e8b_4382,11583.872895699164
00e12e8b_4383,11583.83952981375
00e12e8b_4384,11583.78010218647
00e12e8b_4385,11583.519147145444
00e12e8b_4386,11583.257113895268
00e12e8b_4387,11582.910384986788
00e12e8b_4388,11582.819970751429
00e12e8b_4389,11582.717451131464
00e12e8b_4390,11582.766704536669
00e12e8b_4391,11582.734799256397
00e12e8b_4392,11582.81718579705
00e12e8b_4393,11583.019686342537
00e12e8b_4394,11583.203278777934
00e12e8b_4395,11583.291296840327
00e12e8b_4396,11583.15301666987
00e12e8b_4397,11583.14764557612
00e12e8b_4398,11583.383626117624
00e12e8b_4399,11583.3523880616
00e12e8b_4400,11583.53921495727
00e12e8b_4401,11583.25200762764
00e12e8b_4402,11582.896818404088
00e12e8b_4403,11581.952177083249
00e12e8b_4404,11581.13233532557
00e12e8b_4405,11580.788095541711
00e12e8b_4406,11579.663900696825
00e12e8b_4407,11578.696035852563
00e12e8b_4408,11577.792509750529
00e12e8b_4409,11578.097206713894
00e12e8b_4410,11576.2950302993
00e12e8b_4411,11574.521189459949
00e12e8b_4412,11571.3385630325
00e12e8b_4413,11569.661861985061
00e12e8b_4414,11567.460895997698
00e12e8b_4415,11566.832613332508
00e12e8b_4416,11567.002648398884
00e12e8b_4417,11568.169410680724
00e12e8b_4418,11570.002536528695
00e12e8b_4419,11571.585188904754
00e12e8b_4420,11574.300731397763
00e12e8b_4421,11575.781592557361
00e12e8b_4422,11577.606204048936
00e12e8b_4423,11577.775787065502
00e12e8b_4424,11578.205279715985
00e12e8b_4425,11578.362619952386
00e12e8b_4426,11578.433630116138
00e12e8b_4427,11578.2596218163
00e12e8b_4428,11578.109622590784
00e12e8b_4429,11577.955554354856
00e12e8b_4430,11578.04650458252
00e12e8b_4431,11578.06134862569
00e12e8b_4432,11578.078634075107
00e12e8b_4433,11578.22912158187
00e12e8b_4434,11578.308728840044
00e12e8b_4435,11577.836403621945
00e12e8b_4436,11576.00924605558
00e12e8b_4437,11573.77612668284
00e12e8b_4438,11572.512777619777
00e12e8b_4439,11572.471058847636
00e12e8b_4440,11573.046012588595
00e12e8b_4441,11574.773201128557
00e12e8b_4442,11576.625687751497
00e12e8b_4443,11578.203757843852
00e12e8b_4444,11578.246346033802
00e12e8b_4445,11578.003393311825
00e12e8b_4446,11577.768504254722
00e12e8b_4447,11578.898342569839
00e12e8b_4448,11580.050878643597
00e12e8b_4449,11581.17203194865
00e12e8b_4450,11581.103917581917
00e12e8b_4451,11581.27537672862
00e12e8b_4452,11582.201647774447
00e12e8b_4453,11582.919830909632
00e12e8b_4454,11583.627289742166
00e12e8b_4455,11583.733251714933
00e12e8b_4456,11583.917166532498
00e12e8b_4457,11583.80062256698
00e12e8b_4458,11583.871975395161
00e12e8b_4459,11583.635216039263
00e12e8b_4460,11583.602240232218
00e12e8b_4461,11583.427252709103
00e12e8b_4462,11583.288972538647
00e12e8b_4463,11583.294343632397
00e12e8b_4464,11583.301970861248
00e12e8b_4465,11583.440251031707
00e12e8b_4466,11583.32708651243
00e12e8b_4467,11583.000173119834
00e12e8b_4468,11582.694315921895
00e12e8b_4469,11582.638642726934
00e12e8b_4470,11583.724327311362
00e12e8b_4471,11584.911765761915
00e12e8b_4472,11585.9772210418
00e12e8b_4473,11586.166467322508
00e12e8b_4474,11586.219338964574
00e12e8b_4475,11586.228225450177
00e12e8b_4476,11586.262567898093
00e12e8b_4477,11586.334527594934
00e12e8b_4478,11586.44510865682
00e12e8b_4479,11586.399608379792
00e12e8b_4480,11586.511689955914
00e12e8b_4481,11586.382198647909
00e12e8b_4482,11586.379106199993
00e12e8b_4483,11586.234215339631
00e12e8b_4484,11586.220316301513
00e12e8b_4485,11586.168954537949
00e12e8b_4486,11586.062346400477
00e12e8b_4487,11586.283615205502
00e12e8b_4488,11586.54215737633
00e12e8b_4489,11586.748857616845
00e12e8b_4490,11586.911998382062
00e12e8b_4491,11586.915537856277
00e12e8b_4492,11586.978106468989
00e12e8b_4493,11586.849801686345
00e12e8b_4494,11586.525067555236
00e12e8b_4495,11586.479773245248
00e12e8b_4496,11586.128028333698
00e12e8b_4497,11586.204636055658
00e12e8b_4498,11586.040703646247
00e12e8b_4499,11586.165570655648
00e12e8b_4500,11586.137201130792
00e12e8b_4501,11585.99844893896
00e12e8b_4502,11585.91369359732
00e12e8b_4503,11585.830379706522
00e12e8b_4504,11585.87198337214
00e12e8b_4505,11585.897889432503
00e12e8b_4506,11585.93639831394
00e12e8b_4507,11585.973504706324
00e12e8b_4508,11586.01201358776
00e12e8b_4509,11586.104472176965
00e12e8b_4510,11586.30334530206
00e12e8b_4511,11586.359148896974
00e12e8b_4512,11586.268778645475
00e12e8b_4513,11586.11191787872
00e12e8b_4514,11586.199081685985
00e12e8b_4515,11586.466020612417
00e12e8b_4516,11586.641603872893
00e12e8b_4517,11586.814810525999
00e12e8b_4518,11586.723677146694
00e12e8b_4519,11586.83842907983
00e12e8b_4520,11586.56771107557
00e12e8b_4521,11586.434622200097
00e12e8b_4522,11586.209779822595
00e12e8b_4523,11586.32294434187
00e12e8b_4524,11586.627460908121
00e12e8b_4525,11586.523644160296
00e12e8b_4526,11586.523644160296
00e12e8b_4527,11586.523644160296
00e12e8b_4528,11586.6590387643
00e12e8b_4529,11586.674098357505
00e12e8b_4530,11586.4623241329
00e12e8b_4531,11586.465120629835
00e12e8b_4532,11586.426198379517
00e12e8b_4533,11587.331143534408
00e12e8b_4534,11588.327560043464
00e12e8b_4535,11589.485939941946
00e12e8b_4536,11589.559198456218
00e12e8b_4537,11589.938284653263
00e12e8b_4538,11589.855138713523
00e12e8b_4539,11589.920667136883
00e12e8b_4540,11589.291831428605
00e12e8b_4541,11589.038419289873
00e12e8b_4542,11588.875152186389
00e12e8b_4543,11589.038560383395
00e12e8b_4544,11589.092017729818
00e12e8b_4545,11589.076415240548
00e12e8b_4546,11589.25318772949
00e12e8b_4547,11589.410924816
00e12e8b_4548,11589.54208261342
00e12e8b_4549,11589.664906940787
00e12e8b_4550,11589.659535847037
00e12e8b_4551,11589.518281446295
00e12e8b_4552,11589.055276432982
00e12e8b_4553,11588.827317677127
00e12e8b_4554,11588.837105397384
00e12e8b_4555,11589.017546040524
00e12e8b_4556,11588.997088510741
00e12e8b_4557,11588.880188246769
00e12e8b_4558,11588.81173364464
00e12e8b_4559,11588.940501046609
00e12e8b_4560,11589.064143358051
00e12e8b_4561,11589.19965132878
00e12e8b_4562,11589.562972771993
00e12e8b_4563,11589.781544679261
00e12e8b_4564,11590.07090806684
00e12e8b_4565,11589.923146654955
00e12e8b_4566,11589.74703457275
00e12e8b_4567,11589.37368493567
00e12e8b_4568,11589.221151212516
00e12e8b_4569,11589.052180879755
00e12e8b_4570,11589.326807820484
00e12e8b_4571,11589.277439757716
00e12e8b_4572,11589.543047971325
00e12e8b_4573,11589.460341434606
00e12e8b_4574,11589.260752384833
00e12e8b_4575,11589.090658346757
00e12e8b_4576,11588.863679588698
00e12e8b_4577,11589.119847117001
00e12e8b_4578,11589.269317245931
00e12e8b_4579,11589.416267456005
00e12e8b_4580,11589.42473099767
00e12e8b_4581,11589.424991181193
00e12e8b_4582,11589.35842210622
00e12e8b_4583,11589.301777161507
00e12e8b_4584,11589.529001947021
00e12e8b_4585,11589.624276639433
00e12e8b_4586,11589.954952597845
00e12e8b_4587,11589.795283864461
00e12e8b_4588,11589.808633555263
00e12e8b_4589,11589.503790186944
00e12e8b_4590,11589.346654270807
00e12e8b_4591,11589.19323603317
00e12e8b_4592,11588.936699464706
00e12e8b_4593,11588.685228246706
00e12e8b_4594,11588.279970929463
00e12e8b_4595,11588.025850651362
00e12e8b_4596,11587.446846009072
00e12e8b_4597,11586.068948665712
00e12e8b_4598,11585.896179196758
00e12e8b_4599,11585.882223693176
00e12e8b_4600,11587.166202189255
00e12e8b_4601,11587.922073702306
00e12e8b_4602,11588.99400228665
00e12e8b_4603,11589.744087360565
00e12e8b_4604,11589.954867041664
00e12e8b_4605,11589.831949608813
00e12e8b_4606,11589.809859177329
00e12e8b_4607,11589.798855234678
00e12e8b_4608,11589.669591444674
00e12e8b_4609,11589.426718938483
00e12e8b_4610,11588.937816345375
00e12e8b_4611,11588.930659539279
00e12e8b_4612,11588.90912628689
00e12e8b_4613,11589.02868920948
00e12e8b_4614,11589.111842676124
00e12e8b_4615,11589.400154788067
00e12e8b_4616,11589.755270465923
00e12e8b_4617,11589.893844705899
00e12e8b_4618,11589.707319800777
00e12e8b_4619,11589.409983597989
00e12e8b_4620,11589.28788006529
00e12e8b_4621,11589.28946350459
00e12e8b_4622,11589.61202764269
00e12e8b_4623,11589.716239017727
00e12e8b_4624,11589.973321556523
00e12e8b_4625,11589.773269553278
00e12e8b_4626,11589.606691792871
00e12e8b_4627,11589.183806927884
00e12e8b_4628,11588.949980450663
00e12e8b_4629,11588.841010655671
00e12e8b_4630,11588.887146765961
00e12e8b_4631,11588.899025293764
00e12e8b_4632,11588.941808772614
00e12e8b_4633,11589.035090084037
00e12e8b_4634,11589.166196397326
00e12e8b_4635,11589.331744670848
00e12e8b_4636,11589.38461631292
00e12e8b_4637,11589.404961365004
00e12e8b_4638,11589.404961365004
00e12e8b_4639,11589.313580841495
00e12e8b_4640,11589.251149161422
00e12e8b_4641,11589.498335443199
00e12e8b_4642,11589.605366127527
00e12e8b_4643,11589.664215408806
00e12e8b_4644,11589.148213500705
00e12e8b_4645,11588.96559956379
00e12e8b_4646,11589.228248085083
00e12e8b_4647,11588.067839234725
00e12e8b_4648,11587.67489525007
00e12e8b_4649,11587.001498766607
00e12e8b_4650,11588.334790498908
00e12e8b_4651,11588.696751541103
00e12e8b_4652,11588.802458028173
00e12e8b_4653,11588.321618284257
00e12e8b_4654,11587.805964455301
00e12e8b_4655,11587.381206029944
00e12e8b_4656,11587.365497157994
00e12e8b_4657,11586.196139087702
00e12e8b_4658,11585.081045466746
00e12e8b_4659,11583.945673297463
00e12e8b_4660,11583.95120715163
00e12e8b_4661,11583.95120715163
00e12e8b_4662,11584.94350039644
00e12e8b_4663,11585.95297533709
00e12e8b_4664,11587.236953833171
00e12e8b_4665,11587.581068618738
00e12e8b_4666,11587.825258759849
00e12e8b_4667,11586.589247790189
00e12e8b_4668,11585.315827406617
00e12e8b_4669,11583.524192825766
00e12e8b_4670,11582.744202440563
00e12e8b_4671,11578.943833654475
00e12e8b_4672,11575.30686312558
00e12e8b_4673,11571.514820290611
00e12e8b_4674,11570.021486806714
00e12e8b_4675,11570.493457464734
00e12e8b_4676,11569.824913433456
00e12e8b_4677,11569.514354122462
00e12e8b_4678,11567.704689309096
00e12e8b_4679,11567.449799478045
00e12e8b_4680,11568.593950166813
00e12e8b_4681,11569.004147133832
00e12e8b_4682,11570.261010332577
00e12e8b_4683,11566.809129878076
00e12e8b_4684,11563.014687814182
00e12e8b_4685,11559.464768298401
00e12e8b_4686,11559.463213052795
00e12e8b_4687,11564.72248309236
00e12e8b_4688,11567.640927533728
00e12e8b_4689,11571.50610572
00e12e8b_4690,11572.483196620233
00e12e8b_4691,11575.741082487628
00e12e8b_4692,11577.736379210917
00e12e8b_4693,11578.387515124597
00e12e8b_4694,11578.062561600687
00e12e8b_4695,11578.218745569095
00e12e8b_4696,11578.526525873734
00e12e8b_4697,11577.745050983676
00e12e8b_4698,11575.916594298478
00e12e8b_4699,11574.157340827041
00e12e8b_4700,11573.6477372295
00e12e8b_4701,11573.775836031358
00e12e8b_4702,11574.18814428201
00e12e8b_4703,11574.286471159916
00e12e8b_4704,11574.828048579779
00e12e8b_4705,11575.840845473145
00e12e8b_4706,11577.119606421255
00e12e8b_4707,11577.29571388562
00e12e8b_4708,11576.66777990618
00e12e8b_4709,11576.748420508467
00e12e8b_4710,11577.726275496827
00e12e8b_4711,11576.537340295434
00e12e8b_4712,11574.407249812648
00e12e8b_4713,11572.233268192063
00e12e8b_4714,11572.23733720248
00e12e8b_4715,11572.036394552137
00e12e8b_4716,11571.992340653922
00e12e8b_4717,11571.40998246335
00e12e8b_4718,11570.80496114681
00e12e8b_4719,11569.901310366478
00e12e8b_4720,11570.451999344086
00e12e8b_4721,11571.453978958112
00e12e8b_4722,11572.725686130056
00e12e8b_4723,11574.60524789925
00e12e8b_4724,11575.969675405786
00e12e8b_4725,11577.295542753984
00e12e8b_4726,11576.888244748765
00e12e8b_4727,11577.077856418031
00e12e8b_4728,11575.637883133828
00e12e8b_4729,11574.489734278244
00e12e8b_4730,11572.698950213706
00e12e8b_4731,11572.83195508091
00e12e8b_4732,11572.859442868461
00e12e8b_4733,11573.22595408411
00e12e8b_4734,11573.185885414821
00e12e8b_4735,11572.579078863071
00e12e8b_4736,11572.242175684494
00e12e8b_4737,11571.902025666657
00e12e8b_4738,11571.920817763405
00e12e8b_4739,11570.317436502928
00e12e8b_4740,11568.332250029156
00e12e8b_4741,11566.77900345859
00e12e8b_4742,11566.873936193495
00e12e8b_4743,11567.180617387477
00e12e8b_4744,11567.18061738748
00e12e8b_4745,11566.786382652632
00e12e8b_4746,11566.731074591482
00e12e8b_4747,11567.06715729321
00e12e8b_4748,11567.808284279383
00e12e8b_4749,11569.216240262462
00e12e8b_4750,11570.552689985541
00e12e8b_4751,11571.801530413102
00e12e8b_4752,11572.140896355419
00e12e8b_4753,11573.70348327531
00e12e8b_4754,11574.968525198945
00e12e8b_4755,11576.292613066484
00e12e8b_4756,11576.148457136436
00e12e8b_4757,11576.175084762386
00e12e8b_4758,11576.866154504693
00e12e8b_4759,11577.639834759399
00e12e8b_4760,11578.14016028023
00e12e8b_4761,11578.129255332315
00e12e8b_4762,11578.025204803978
00e12e8b_4763,11578.148395716527
00e12e8b_4764,11578.159300664445
00e12e8b_4765,11578.246214726945
00e12e8b_4766,11578.306482703198
00e12e8b_4767,11578.362518908618
00e12e8b_4768,11578.13317206711
00e12e8b_4769,11578.081805654097
00e12e8b_4770,11578.082293935347
00e12e8b_4771,11578.262324370604
00e12e8b_4772,11577.538416296948
00e12e8b_4773,11576.890291375306
00e12e8b_4774,11576.351868013619
00e12e8b_4775,11576.442121089698
00e12e8b_4776,11576.473004153246
00e12e8b_4777,11577.11503884854
00e12e8b_4778,11577.02478577246
00e12e8b_4779,11577.589734914714
00e12e8b_4780,11577.535439987361
00e12e8b_4781,11578.250446497777
00e12e8b_4782,11577.531208216527
00e12e8b_4783,11576.696932000306
00e12e8b_4784,11576.147570122683
00e12e8b_4785,11576.313214755477
00e12e8b_4786,11576.313214755477
00e12e8b_4787,11576.403163292658
00e12e8b_4788,11576.747244670905
00e12e8b_4789,11575.64252731334
00e12e8b_4790,11574.21535593416
00e12e8b_4791,11571.985995307034
00e12e8b_4792,11571.84486866554
00e12e8b_4793,11572.77641340468
00e12e8b_4794,11575.249954270766
00e12e8b_4795,11577.291174746462
00e12e8b_4796,11577.467974716143
00e12e8b_4797,11576.969661636118
00e12e8b_4798,11574.791123501598
00e12e8b_4799,11573.686847803197
00e12e8b_4800,11572.106053426282
00e12e8b_4801,11572.426815434932
00e12e8b_4802,11572.424525905175
00e12e8b_4803,11573.94753588889
00e12e8b_4804,11573.328054074374
00e12e8b_4805,11574.752326923264
00e12e8b_4806,11574.572989662667
00e12e8b_4807,11576.394569689553
00e12e8b_4808,11576.28447504565
00e12e8b_4809,11576.918605748491
00e12e8b_4810,11577.613183401576
00e12e8b_4811,11578.172905487632
00e12e8b_4812,11578.235309779027
00e12e8b_4813,11578.235309779027
00e12e8b_4814,11577.531208216527
00e12e8b_4815,11576.73583173989
00e12e8b_4816,11576.203767937806
00e12e8b_4817,11576.870760125306
00e12e8b_4818,11576.951130091527
00e12e8b_4819,11577.681436081111
00e12e8b_4820,11577.137849969056
00e12e8b_4821,11577.057480002835
00e12e8b_4822,11576.060184313354
00e12e8b_4823,11576.029577720756
00e12e8b_4824,11574.665921150801
00e12e8b_4825,11573.423604776914
00e12e8b_4826,11571.78786131022
00e12e8b_4827,11571.452669912243
00e12e8b_4828,11569.821755134742
00e12e8b_4829,11567.879758293115
00e12e8b_4830,11566.418992853733
00e12e8b_4831,11565.333565662295
00e12e8b_4832,11565.106876628552
00e12e8b_4833,11564.113333837382
00e12e8b_4834,11564.525373319397
00e12e8b_4835,11564.63245333908
00e12e8b_4836,11565.401936364766
00e12e8b_4837,11566.36945708687
00e12e8b_4838,11568.13259909893
00e12e8b_4839,11569.919527902697
00e12e8b_4840,11570.896249118885
00e12e8b_4841,11571.08492269442
00e12e8b_4842,11571.215729251771
00e12e8b_4843,11570.561545996366
00e12e8b_4844,11570.677200231728
00e12e8b_4845,11570.659125545857
00e12e8b_4846,11585.026045161809
00e12e8b_4847,11597.963435361795
00e12e8b_4848,11610.54411125592
00e12e8b_4849,11609.500690010058
00e12e8b_4850,11609.493174249743
00e12e8b_4851,11609.60943685968
00e12e8b_4852,11609.662234171818
00e12e8b_4853,11609.289568366914
00e12e8b_4854,11609.054417056066
00e12e8b_4855,11609.587719339257
00e12e8b_4856,11609.705846768027
00e12e8b_4857,11610.021140754396
00e12e8b_4858,11609.280588136035
00e12e8b_4859,11609.27348773608
00e12e8b_4860,11609.35931207326
00e12e8b_4861,11609.81797047362
00e12e8b_4862,11609.58562229314
00e12e8b_4863,11609.162245296155
00e12e8b_4864,11609.012949685288
00e12e8b_4865,11609.657927606762
00e12e8b_4866,11610.153717416348
00e12e8b_4867,11610.055816998543
00e12e8b_4868,11610.09216856089
00e12e8b_4869,11610.642908546275
00e12e8b_4870,11611.903745227357
00e12e8b_4871,11612.692093544742
00e12e8b_4872,11613.231611862195
00e12e8b_4873,11615.322659358064
00e12e8b_4874,11615.591737929646
00e12e8b_4875,11615.576646909234
00e12e8b_4876,11615.050302628611
00e12e8b_4877,11616.21367890024
00e12e8b_4878,11617.408552918108
00e12e8b_4879,11618.041870406438
00e12e8b_4880,11618.834624174435
00e12e8b_4881,11619.787340887473
00e12e8b_4882,11619.917015911613
00e12e8b_4883,11619.31161782857
00e12e8b_4884,11617.096548576563
00e12e8b_4885,11614.966182896795
00e12e8b_4886,11613.605848075631
00e12e8b_4887,11613.878296402598
00e12e8b_4888,11613.992402338607
00e12e8b_4889,11613.593672497758
00e12e8b_4890,11613.107301572769
00e12e8b_4891,11612.750909756456
00e12e8b_4892,11613.374517023134
00e12e8b_4893,11613.31657030172
00e12e8b_4894,11613.319504255756
00e12e8b_4895,11612.593151022005
00e12e8b_4896,11620.318523878741
00e12e8b_4897,11627.96885674102
00e12e8b_4898,11635.31419508422
00e12e8b_4899,11636.100068007041
00e12e8b_4900,11636.779868042324
00e12e8b_4901,11637.769788799846
00e12e8b_4902,11638.411287834233
00e12e8b_4903,11639.004140226903
00e12e8b_4904,11639.756323164132
00e12e8b_4905,11639.77345962997
00e12e8b_4906,11639.696520574973
00e12e8b_4907,11639.62625469706
00e12e8b_4908,11639.62674297831
00e12e8b_4909,11639.742581772889
00e12e8b_4910,11639.227920392916
00e12e8b_4911,11638.711982565803
00e12e8b_4912,11638.022416917616
00e12e8b_4913,11638.102786883837
00e12e8b_4914,11638.82294241178
00e12e8b_4915,11639.512508059966
00e12e8b_4916,11640.023738528716
00e12e8b_4917,11639.762996341216
00e12e8b_4918,11639.724096601632
00e12e8b_4919,11639.013321862049
00e12e8b_4920,11638.217945385411
00e12e8b_4921,11637.739800031277
00e12e8b_4922,11637.030938802736
00e12e8b_4923,11636.441899941356
00e12e8b_4924,11636.082186202926
00e12e8b_4925,11635.765285238062
00e12e8b_4926,11635.099253890783
00e12e8b_4927,11634.302239129009
00e12e8b_4928,11634.945061744724
00e12e8b_4929,11635.564095598102
00e12e8b_4930,11635.770250178999
00e12e8b_4931,11635.333976667162
00e12e8b_4932,11634.37117514089
00e12e8b_4933,11633.83152198979
00e12e8b_4934,11633.600364711427
00e12e8b_4935,11634.238068083427
00e12e8b_4936,11634.676992426379
00e12e8b_4937,11634.988223527447
00e12e8b_4938,11635.274869399736
00e12e8b_4939,11635.527433282543
00e12e8b_4940,11635.404040652997
00e12e8b_4941,11635.452327557688
00e12e8b_4942,11635.227503316797
00e12e8b_4943,11635.510693370534
00e12e8b_4944,11635.594242960471
00e12e8b_4945,11635.623051554221
00e12e8b_4946,11635.480707814915
00e12e8b_4947,11635.43795490882
00e12e8b_4948,11636.920169832703
00e12e8b_4949,11637.864927118962
00e12e8b_4950,11637.470473043732
00e12e8b_4951,11636.825545166495
00e12e8b_4952,11636.764408173403
00e12e8b_4953,11637.840102111542
00e12e8b_4954,11637.056078942702
00e12e8b_4955,11636.28164805352
00e12e8b_4956,11635.522036686112
00e12e8b_4957,11635.607875805808
00e12e8b_4958,11635.586933208246
00e12e8b_4959,11635.56683873592
00e12e8b_4960,11635.415929169081
00e12e8b_4961,11635.483258485394
00e12e8b_4962,11635.658755436112
00e12e8b_4963,11635.562486752984
00e12e8b_4964,11635.1600885617
00e12e8b_4965,11634.900342189698
00e12e8b_4966,11635.11643746662
00e12e8b_4967,11634.820085926474
00e12e8b_4968,11634.86811789868
00e12e8b_4969,11634.972605127072
00e12e8b_4970,11635.515146061776
00e12e8b_4971,11635.347256226021
00e12e8b_4972,11635.01729667037
00e12e8b_4973,11634.787576100478
00e12e8b_4974,11634.68556069978
00e12e8b_4975,11634.407208744504
00e12e8b_4976,11634.197086435059
00e12e8b_4977,11634.109520747917
00e12e8b_4978,11634.109520747917
00e12e8b_4979,11634.138003820835
00e12e8b_4980,11634.445165317811
00e12e8b_4981,11634.676767909485
00e12e8b_4982,11634.241094462763
00e12e8b_4983,11634.219242955076
00e12e8b_4984,11634.479757913674
00e12e8b_4985,11636.163499641994
00e12e8b_4986,11636.83918235189
00e12e8b_4987,11638.02973517341
00e12e8b_4988,11638.682644180415
00e12e8b_4989,11639.59507563733
00e12e8b_4990,11639.189508934584
00e12e8b_4991,11638.650942654627
00e12e8b_4992,11637.086957449914
00e12e8b_4993,11636.265663740489
00e12e8b_4994,11635.019237553328
00e12e8b_4995,11634.343596796143
00e12e8b_4996,11634.114245340143
00e12e8b_4997,11633.754953106123
00e12e8b_4998,11633.9670635854
00e12e8b_4999,11633.898641405149
00e12e8b_5000,11634.406633405037
00e12e8b_5001,11635.080829913832
00e12e8b_5002,11634.973558647527
00e12e8b_5003,11635.931778510467
00e12e8b_5004,11637.527284984293
00e12e8b_5005,11638.715045638308
00e12e8b_5006,11638.744993554974
00e12e8b_5007,11637.977515573824
00e12e8b_5008,11638.062922948824
00e12e8b_5009,11636.975403754142
00e12e8b_5010,11637.352379881748
00e12e8b_5011,11637.402605798683
00e12e8b_5012,11638.578299723582
00e12e8b_5013,11638.07598173654
00e12e8b_5014,11638.067101132787
00e12e8b_5015,11637.934914038256
00e12e8b_5016,11638.125644757152
00e12e8b_5017,11638.032053350218
00e12e8b_5018,11637.242496327208
00e12e8b_5019,11636.21313424196
00e12e8b_5020,11635.460241223967
00e12e8b_5021,11636.041412085804
00e12e8b_5022,11635.555043088518
00e12e8b_5023,11634.688048113863
00e12e8b_5024,11634.216147015983
00e12e8b_5025,11635.33436069335
00e12e8b_5026,11636.043700608205
00e12e8b_5027,11636.00416844809
00e12e8b_5028,11635.33018001359
00e12e8b_5029,11635.704568873844
00e12e8b_5030,11635.478445749526
00e12e8b_5031,11635.956498736994
00e12e8b_5032,11635.942495037418
00e12e8b_5033,11635.94532354429
00e12e8b_5034,11635.37464833912
00e12e8b_5035,11635.046559051372
00e12e8b_5036,11635.004729056047
00e12e8b_5037,11635.206264619997
00e12e8b_5038,11634.819371061138
00e12e8b_5039,11629.738837066156
00e12e8b_5040,11625.117189610091
00e12e8b_5041,11620.858533343659
00e12e8b_5042,11621.530243536929
00e12e8b_5043,11621.544516193919
00e12e8b_5044,11620.131459597344
00e12e8b_5045,11618.531719249897
00e12e8b_5046,11618.11138296318
00e12e8b_5047,11616.540581347064
00e12e8b_5048,11615.068675569384
00e12e8b_5049,11612.272236131123
00e12e8b_5050,11612.130757127748
00e12e8b_5051,11612.161261474314
00e12e8b_5052,11612.236082128644
00e12e8b_5053,11612.745612342842
00e12e8b_5054,11613.297714828026
00e12e8b_5055,11614.02227512903
00e12e8b_5056,11614.644963895344
00e12e8b_5057,11615.075349315905
00e12e8b_5058,11615.48938550143
00e12e8b_5059,11615.578048130215
00e12e8b_5060,11615.594139430332
00e12e8b_5061,11615.54110080634
00e12e8b_5062,11615.481126640545
00e12e8b_5063,11615.496792285923
00e12e8b_5064,11615.515572360353
00e12e8b_5065,11615.499481060235
00e12e8b_5066,11615.523019403432
00e12e8b_5067,11615.655233912745
00e12e8b_5068,11616.113631563778
00e12e8b_5069,11616.648834912652
00e12e8b_5070,11617.08608230178
00e12e8b_5071,11617.212107993548
00e12e8b_5072,11617.020681668355
00e12e8b_5073,11616.66037148323
00e12e8b_5074,11616.194493622066
00e12e8b_5075,11615.92350648852
00e12e8b_5076,11616.073009344893
00e12e8b_5077,11616.372576532047
00e12e8b_5078,11616.773544611477
00e12e8b_5079,11616.976291331239
00e12e8b_5080,11617.166555357617
00e12e8b_5081,11617.17192580502
00e12e8b_5082,11617.0944548293
00e12e8b_5083,11617.110803617396
00e12e8b_5084,11617.195253827469
00e12e8b_5085,11617.30169622191
00e12e8b_5086,11617.309150363171
00e12e8b_5087,11617.285347433814
00e12e8b_5088,11617.326170533192
00e12e8b_5089,11617.351553903718
00e12e8b_5090,11617.509624004291
00e12e8b_5091,11617.554380200818
00e12e8b_5092,11617.593469483409
00e12e8b_5093,11617.508382788468
00e12e8b_5094,11617.136298781223
00e12e8b_5095,11616.526728134086
00e12e8b_5096,11615.79730873598
00e12e8b_5097,11615.383695243936
00e12e8b_5098,11614.252946604145
00e12e8b_5099,11613.25899156546
00e12e8b_5100,11612.571879254312
00e12e8b_5101,11612.444294784065
00e12e8b_5102,11612.341492976673
00e12e8b_5103,11612.408471959367
00e12e8b_5104,11613.381041079607
00e12e8b_5105,11614.578366920352
00e12e8b_5106,11615.440460253338
00e12e8b_5107,11616.019996764726
00e12e8b_5108,11616.551910410164
00e12e8b_5109,11617.009824843888
00e12e8b_5110,11617.416400132619
00e12e8b_5111,11617.427720527185
00e12e8b_5112,11617.435548630036
00e12e8b_5113,11617.19679167764
00e12e8b_5114,11617.39447826441
00e12e8b_5115,11617.462183679685
00e12e8b_5116,11617.626514422933
00e12e8b_5117,11617.979312424975
00e12e8b_5118,11617.94683298128
00e12e8b_5119,11617.943282065173
00e12e8b_5120,11617.542050180093
00e12e8b_5121,11617.657254854445
00e12e8b_5122,11617.620997483149
00e12e8b_5123,11617.60209982766
00e12e8b_5124,11617.629669697782
00e12e8b_5125,11617.653889485542
00e12e8b_5126,11618.016881976562
00e12e8b_5127,11617.928105506226
00e12e8b_5128,11618.103334634301
00e12e8b_5129,11617.861786476942
00e12e8b_5130,11617.95997402545
00e12e8b_5131,11618.164621449432
00e12e8b_5132,11618.07988860966
00e12e8b_5133,11617.933074080765
00e12e8b_5134,11617.480497952767
00e12e8b_5135,11617.500417812991
00e12e8b_5136,11617.6090734514
00e12e8b_5137,11617.524105743418
00e12e8b_5138,11617.301298889686
00e12e8b_5139,11617.008118395861
00e12e8b_5140,11616.989140249752
00e12e8b_5141,11616.622792079414
00e12e8b_5142,11616.109033156632
00e12e8b_5143,11615.465573797812
00e12e8b_5144,11615.096663657072
00e12e8b_5145,11614.946715851058
00e12e8b_5146,11614.90257512847
00e12e8b_5147,11615.06147135146
00e12e8b_5148,11615.30961165533
00e12e8b_5149,11615.560317100302
00e12e8b_5150,11615.634585113416
00e12e8b_5151,11615.9167324641
00e12e8b_5152,11616.431604058007
00e12e8b_5153,11616.982500038876
00e12e8b_5154,11617.224712823854
00e12e8b_5155,11617.030194050742
00e12e8b_5156,11616.83958152763
00e12e8b_5157,11616.75944979254
00e12e8b_5158,11616.9888625026
00e12e8b_5159,11617.22831282886
00e12e8b_5160,11617.315909372468
00e12e8b_5161,11617.339832171105
00e12e8b_5162,11617.387807939302
00e12e8b_5163,11617.53689788262
00e12e8b_5164,11617.66088708511
00e12e8b_5165,11617.685832255442
00e12e8b_5166,11617.714842228886
00e12e8b_5167,11617.76355688528
00e12e8b_5168,11617.86333980564
00e12e8b_5169,11617.813817699986
00e12e8b_5170,11617.626329425775
00e12e8b_5171,11617.738978432528
00e12e8b_5172,11617.63322928467
00e12e8b_5173,11617.617909591163
00e12e8b_5174,11617.195744760344
00e12e8b_5175,11616.980663895287
00e12e8b_5176,11616.771317677856
00e12e8b_5177,11616.70249616068
00e12e8b_5178,11616.761064942679
00e12e8b_5179,11616.794881786584
00e12e8b_5180,11616.853575295952
00e12e8b_5181,11616.874386118556
00e12e8b_5182,11616.796731936947
00e12e8b_5183,11616.57021542587
00e12e8b_5184,11616.948700137093
00e12e8b_5185,11617.01250645903
00e12e8b_5186,11617.142334443119
00e12e8b_5187,11616.724021618835
00e12e8b_5188,11616.748548664958
00e12e8b_5189,11616.976229626709
00e12e8b_5190,11617.205314264216
00e12e8b_5191,11617.124569218204
00e12e8b_5192,11616.864817414511
00e12e8b_5193,11616.512734145372
00e12e8b_5194,11616.670287630359
00e12e8b_5195,11616.871221994317
00e12e8b_5196,11616.88989782663
00e12e8b_5197,11616.867287783864
00e12e8b_5198,11616.76384399143
00e12e8b_5199,11616.933044373416
00e12e8b_5200,11617.330201535466
00e12e8b_5201,11617.28584808462
00e12e8b_5202,11617.154141450985
00e12e8b_5203,11616.53260647926
00e12e8b_5204,11616.392223829527
00e12e8b_5205,11616.250236247239
00e12e8b_5206,11616.106865874279
00e12e8b_5207,11615.860398122635
00e12e8b_5208,11615.418301955846
00e12e8b_5209,11614.8934494509
00e12e8b_5210,11614.434541566492
00e12e8b_5211,11614.22276734189
00e12e8b_5212,11614.162275847824
00e12e8b_5213,11614.097544284916
00e12e8b_5214,11614.01950701322
00e12e8b_5215,11613.65577303379
00e12e8b_5216,11613.04336839024
00e12e8b_5217,11611.383599194834
00e12e8b_5218,11609.11750793409
00e12e8b_5219,11606.725960062564
00e12e8b_5220,11605.384356348935
00e12e8b_5221,11603.744484098725
00e12e8b_5222,11603.953105602792
00e12e8b_5223,11603.532114389236
00e12e8b_5224,11604.270043132989
00e12e8b_5225,11603.440622291417
00e12e8b_5226,11604.019510967866
00e12e8b_5227,11604.667045377291
00e12e8b_5228,11605.284282514682
00e12e8b_5229,11605.171880411717
00e12e8b_5230,11605.179056435825
00e12e8b_5231,11605.360761097336
00e12e8b_5232,11605.37093224421
00e12e8b_5233,11606.350523155614
00e12e8b_5234,11607.818036950935
00e12e8b_5235,11609.400804764266
00e12e8b_5236,11609.831435981518
00e12e8b_5237,11609.836969835684
00e12e8b_5238,11609.101434027614
00e12e8b_5239,11607.72892569354
00e12e8b_5240,11606.491133185345
00e12e8b_5241,11605.047875518472
00e12e8b_5242,11604.360849369516
00e12e8b_5243,11604.73159410423
00e12e8b_5244,11605.469008930537
00e12e8b_5245,11606.712495529651
00e12e8b_5246,11607.640889527109
00e12e8b_5247,11609.856462462223
00e12e8b_5248,11611.744608506851
00e12e8b_5249,11612.970427416583
00e12e8b_5250,11613.910386143716
00e12e8b_5251,11614.197280500632
00e12e8b_5252,11614.151533877077
00e12e8b_5253,11613.70228126712
00e12e8b_5254,11613.676840601955
00e12e8b_5255,11613.72258722551
00e12e8b_5256,11614.172816397966
00e12e8b_5257,11614.652721630571
00e12e8b_5258,11615.069801342346
00e12e8b_5259,11615.098489805336
00e12e8b_5260,11615.05047548242
00e12e8b_5261,11615.329057680641
00e12e8b_5262,11615.373705956335
00e12e8b_5263,11614.970298119564
00e12e8b_5264,11614.24615313665
00e12e8b_5265,11614.181718180715
00e12e8b_5266,11614.595102512365
00e12e8b_5267,11614.962884540755
00e12e8b_5268,11614.966579920876
00e12e8b_5269,11615.006133965207
00e12e8b_5270,11615.176415689153
00e12e8b_5271,11615.32604556305
00e12e8b_5272,11615.466642671641
00e12e8b_5273,11615.781718440421
00e12e8b_5274,11615.910647612944
00e12e8b_5275,11615.701783412429
00e12e8b_5276,11615.221974026788
00e12e8b_5277,11614.819938610992
00e12e8b_5278,11614.718616763073
00e12e8b_5279,11614.65711913666
00e12e8b_5280,11614.64686523041
00e12e8b_5281,11614.703480044323
00e12e8b_5282,11614.912133162601
00e12e8b_5283,11615.120786280875
00e12e8b_5284,11615.264686564406
00e12e8b_5285,11615.504301704428
00e12e8b_5286,11615.631144445886
00e12e8b_5287,11615.336649576408
00e12e8b_5288,11614.718903309957
00e12e8b_5289,11614.375585176787
00e12e8b_5290,11614.214446981665
00e12e8b_5291,11614.124738012244
00e12e8b_5292,11613.545382257236
00e12e8b_5293,11613.53698516338
00e12e8b_5294,11613.301410310743
00e12e8b_5295,11613.402711986135
00e12e8b_5296,11612.981460538578
00e12e8b_5297,11613.198336575837
00e12e8b_5298,11613.482121165769
00e12e8b_5299,11614.511118724806
00e12e8b_5300,11615.245358772447
00e12e8b_5301,11615.883859264582
00e12e8b_5302,11616.001731107828
00e12e8b_5303,11616.061957403514
00e12e8b_5304,11616.144573931475
00e12e8b_5305,11616.235021640214
00e12e8b_5306,11616.28124559855
00e12e8b_5307,11616.329256621111
00e12e8b_5308,11616.637699313207
00e12e8b_5309,11616.631347869092
00e12e8b_5310,11616.449361648063
00e12e8b_5311,11615.973418412023
00e12e8b_5312,11615.795830510113
00e12e8b_5313,11615.758360913509
00e12e8b_5314,11615.646591590186
00e12e8b_5315,11615.715994685806
00e12e8b_5316,11615.844555158825
00e12e8b_5317,11616.081757806482
00e12e8b_5318,11616.060132652196
00e12e8b_5319,11616.05459879803
00e12e8b_5320,11616.004165049997
00e12e8b_5321,11616.032037726627
00e12e8b_5322,11615.961684581249
00e12e8b_5323,11616.318858079589
00e12e8b_5324,11616.240523961596
00e12e8b_5325,11616.272446984394
00e12e8b_5326,11615.956530733536
00e12e8b_5327,11616.105067642091
00e12e8b_5328,11616.469835386064
00e12e8b_5329,11617.005038734938
00e12e8b_5330,11617.516830394901
00e12e8b_5331,11617.635526386899
00e12e8b_5332,11617.087930282598
00e12e8b_5333,11616.334954692868
00e12e8b_5334,11615.754809858447
00e12e8b_5335,11615.629896645367
00e12e8b_5336,11615.109595458554
00e12e8b_5337,11615.080906995565
00e12e8b_5338,11615.149083039963
00e12e8b_5339,11615.880642263095
00e12e8b_5340,11616.07514174864
00e12e8b_5341,11616.144271672752
00e12e8b_5342,11616.154015274535
00e12e8b_5343,11616.262387900948
00e12e8b_5344,11616.322879395013
00e12e8b_5345,11616.35331559293
00e12e8b_5346,11616.27860856168
00e12e8b_5347,11616.109998264668
00e12e8b_5348,11616.015705207456
00e12e8b_5349,11615.866870030846
00e12e8b_5350,11615.800001310681
00e12e8b_5351,11615.632602625623
00e12e8b_5352,11615.57291995485
00e12e8b_5353,11615.588193622933
00e12e8b_5354,11615.756486574575
00e12e8b_5355,11615.93147409769
00e12e8b_5356,11616.098652421153
00e12e8b_5357,11616.163075619008
00e12e8b_5358,11616.22443797453
00e12e8b_5359,11616.220713207811
00e12e8b_5360,11616.216023205418
00e12e8b_5361,11616.169799247082
00e12e8b_5362,11616.507354030546
00e12e8b_5363,11616.474275209343
00e12e8b_5364,11616.469255447511
00e12e8b_5365,11616.12809623323
00e12e8b_5366,11616.136009107066
00e12e8b_5367,11615.950902948598
00e12e8b_5368,11615.722741530597
00e12e8b_5369,11615.703169635219
00e12e8b_5370,11615.83881789886
00e12e8b_5371,11616.060329841435
00e12e8b_5372,11616.120341352258
00e12e8b_5373,11616.159545340835
00e12e8b_5374,11616.166059545367
00e12e8b_5375,11616.150785877286
00e12e8b_5376,11616.11158188871
00e12e8b_5377,11616.11158188871
00e12e8b_5378,11616.078678473457
00e12e8b_5379,11616.169126182198
00e12e8b_5380,11616.406516498624
00e12e8b_5381,11616.923855372615
00e12e8b_5382,11617.261066558063
00e12e8b_5383,11617.389995730584
00e12e8b_5384,11617.293445368443
00e12e8b_5385,11617.589029987621
00e12e8b_5386,11617.2049466495
00e12e8b_5387,11616.69722021209
00e12e8b_5388,11615.863720738518
00e12e8b_5389,11616.19920462354
00e12e8b_5390,11616.195675092284
00e12e8b_5391,11616.130943529375
00e12e8b_5392,11615.646273148055
00e12e8b_5393,11615.716605396132
00e12e8b_5394,11615.930796907816
00e12e8b_5395,11616.097882524185
00e12e8b_5396,11616.111717159603
00e12e8b_5397,11616.111852430497
00e12e8b_5398,11616.111852430497
00e12e8b_5399,11616.098017795079
00e12e8b_5400,11615.693674693088
00e12e8b_5401,11615.128032541497
00e12e8b_5402,11614.234248991925
00e12e8b_5403,11612.538657090945
00e12e8b_5404,11611.109963962013
00e12e8b_5405,11610.036594336992
00e12e8b_5406,11610.448771049327
00e12e8b_5407,11610.452840059743
00e12e8b_5408,11610.534288757279
00e12e8b_5409,11610.279099665559
00e12e8b_5410,11610.27503065514
00e12e8b_5411,11610.294443538225
00e12e8b_5412,11610.317925431727
00e12e8b_5413,11610.392795223393
00e12e8b_5414,11610.209070500947
00e12e8b_5415,11611.133611018924
00e12e8b_5416,11611.814440720924
00e12e8b_5417,11612.806242924804
00e12e8b_5418,11613.092425646044
00e12e8b_5419,11613.639979055091
00e12e8b_5420,11613.857733860052
00e12e8b_5421,11613.757226495954
00e12e8b_5422,11612.30084782913
00e12e8b_5423,11611.047019986954
00e12e8b_5424,11609.708808556054
00e12e8b_5425,11609.75731116022
00e12e8b_5426,11609.801581993554
00e12e8b_5427,11609.801581993554
00e12e8b_5428,11609.79735022272
00e12e8b_5429,11609.957593051666
00e12e8b_5430,11610.137574284528
00e12e8b_5431,11609.602645888737
00e12e8b_5432,11608.973997052331
00e12e8b_5433,11608.41919705159
00e12e8b_5434,11607.845582721171
00e12e8b_5435,11607.248206409035
00e12e8b_5436,11606.50020965967
00e12e8b_5437,11606.420014683737
00e12e8b_5438,11606.29705930119
00e12e8b_5439,11606.482439199623
00e12e8b_5440,11606.50409055119
00e12e8b_5441,11605.310080134526
00e12e8b_5442,11604.447064065667
00e12e8b_5443,11603.976838162265
00e12e8b_5444,11604.63377027304
00e12e8b_5445,11605.071179718178
00e12e8b_5446,11604.543230100942
00e12e8b_5447,11604.16761557753
00e12e8b_5448,11600.266247552005
00e12e8b_5449,11597.508245094023
00e12e8b_5450,11594.587861349044
00e12e8b_5451,11594.631423505038
00e12e8b_5452,11594.362329442543
00e12e8b_5453,11594.982200511433
00e12e8b_5454,11595.80277791676
00e12e8b_5455,11596.646527705618
00e12e8b_5456,11596.747471961411
00e12e8b_5457,11596.857095496509
00e12e8b_5458,11592.664549923591
00e12e8b_5459,11589.574785324578
00e12e8b_5460,11585.122017000256
00e12e8b_5461,11586.011665437756
00e12e8b_5462,11585.750923250256
00e12e8b_5463,11586.880267903796
00e12e8b_5464,11586.936304109215
00e12e8b_5465,11586.936304109215
00e12e8b_5466,11586.943140046715
00e12e8b_5467,11586.887103841294
00e12e8b_5468,11586.930235351712
00e12e8b_5469,11586.040586914212
00e12e8b_5470,11585.150938476712
00e12e8b_5471,11584.218158528794
00e12e8b_5472,11584.218158528794
00e12e8b_5473,11585.350319987128
00e12e8b_5474,11586.300073640465
00e12e8b_5475,11587.11255622604
00e12e8b_5476,11588.093744124946
00e12e8b_5477,11589.25327081843
00e12e8b_5478,11590.57355047318
00e12e8b_5479,11589.387642026419
00e12e8b_5480,11587.699861359642
00e12e8b_5481,11589.668498333165
00e12e8b_5482,11593.367019918403
00e12e8b_5483,11597.71992312566
00e12e8b_5484,11595.911417720685
00e12e8b_5485,11593.634637797397
00e12e8b_5486,11591.817594762948
00e12e8b_5487,11590.932613953957
00e12e8b_5488,11590.007293893204
00e12e8b_5489,11588.995088221285
00e12e8b_5490,11589.040952022418
00e12e8b_5491,11589.34667337744
00e12e8b_5492,11589.806582359286
00e12e8b_5493,11592.975080012264
00e12e8b_5494,11596.140013742746
00e12e8b_5495,11598.538257749642
00e12e8b_5496,11598.837241416439
00e12e8b_5497,11598.746030988934
00e12e8b_5498,11599.092461782158
00e12e8b_5499,11599.32094162427
00e12e8b_5500,11599.749899068214
00e12e8b_5501,11600.04663715013
00e12e8b_5502,11600.732164017913
00e12e8b_5503,11601.345329386391
00e12e8b_5504,11601.813548518672
00e12e8b_5505,11601.8398049702
00e12e8b_5506,11601.883768946944
00e12e8b_5507,11601.858467728687
00e12e8b_5508,11601.920682853235
00e12e8b_5509,11601.49706659647
00e12e8b_5510,11601.058524490829
00e12e8b_5511,11600.969239112672
00e12e8b_5512,11601.373068689196
00e12e8b_5513,11601.683396290502
00e12e8b_5514,11601.72430117953
00e12e8b_5515,11601.716215183142
00e12e8b_5516,11601.820788781677
00e12e8b_5517,11601.834826822893
00e12e8b_5518,11601.862699499523
00e12e8b_5519,11601.870249105203
00e12e8b_5520,11601.89555032346
00e12e8b_5521,11601.920851541714
00e12e8b_5522,11601.914094466278
00e12e8b_5523,11601.913959195384
00e12e8b_5524,11601.913823924491
00e12e8b_5525,11601.908799623414
00e12e8b_5526,11601.917976123967
00e12e8b_5527,11601.39050707131
00e12e8b_5528,11600.280240130238
00e12e8b_5529,11599.30248289711
00e12e8b_5530,11598.643878558907
00e12e8b_5531,11599.023922438317
00e12e8b_5532,11599.309022120491
00e12e8b_5533,11600.415800435832
00e12e8b_5534,11601.151047798572
00e12e8b_5535,11601.857940537884
00e12e8b_5536,11602.174625929832
00e12e8b_5537,11602.413229812102
00e12e8b_5538,11602.451478510018
00e12e8b_5539,11602.239615767923
00e12e8b_5540,11601.87403868546
00e12e8b_5541,11601.598186786941
00e12e8b_5542,11601.401740699917
00e12e8b_5543,11601.450217492997
00e12e8b_5544,11601.679682672766
00e12e8b_5545,11601.901844905624
00e12e8b_5546,11602.06964845967
00e12e8b_5547,11602.088040386754
00e12e8b_5548,11602.145169293004
00e12e8b_5549,11602.36255883015
00e12e8b_5550,11602.316500479557
00e12e8b_5551,11602.058667904364
00e12e8b_5552,11601.62906703051
00e12e8b_5553,11601.427268274247
00e12e8b_5554,11601.376574752552
00e12e8b_5555,11601.333301753557
00e12e8b_5556,11601.547493265249
00e12e8b_5557,11601.806517684736
00e12e8b_5558,11602.054374791589
00e12e8b_5559,11602.291765108015
00e12e8b_5560,11602.395488926684
00e12e8b_5561,11602.372212508662
00e12e8b_5562,11602.002214294678
00e12e8b_5563,11601.244495633087
00e12e8b_5564,11600.57229890066
00e12e8b_5565,11600.07174507627
00e12e8b_5566,11600.612169440437
00e12e8b_5567,11601.254465033286
00e12e8b_5568,11601.880711955671
00e12e8b_5569,11601.894154237927
00e12e8b_5570,11601.913801471257
00e12e8b_5571,11601.935989938902
00e12e8b_5572,11601.966475399931
00e12e8b_5573,11602.22586586213
00e12e8b_5574,11602.697781220008
00e12e8b_5575,11603.074872495408
00e12e8b_5576,11603.181666251263
00e12e8b_5577,11602.673946449044
00e12e8b_5578,11602.132774707878
00e12e8b_5579,11601.538429071827
00e12e8b_5580,11601.32102403843
00e12e8b_5581,11601.273990011437
00e12e8b_5582,11601.448977534548
00e12e8b_5583,11601.647709355626
00e12e8b_5584,11601.844429687475
00e12e8b_5585,11601.906644812023
00e12e8b_5586,11601.938934001033
00e12e8b_5587,11601.957185148834
00e12e8b_5588,11601.51527511461
00e12e8b_5589,11601.015838632005
00e12e8b_5590,11600.564579232732
00e12e8b_5591,11600.917203888797
00e12e8b_5592,11601.378602543364
00e12e8b_5593,11601.34995671003
00e12e8b_5594,11600.95300023399
00e12e8b_5595,11600.493869278785
00e12e8b_5596,11600.52251511212
00e12e8b_5597,11600.95885960899
00e12e8b_5598,11601.425917715154
00e12e8b_5599,11601.842834666511
00e12e8b_5600,11601.8422982758
00e12e8b_5601,11601.459187381652
00e12e8b_5602,11600.9603784136
00e12e8b_5603,11599.913150750343
00e12e8b_5604,11599.24047412697
00e12e8b_5605,11598.687727348326
00e12e8b_5606,11599.011390315756
00e12e8b_5607,11599.339381366628
00e12e8b_5608,11599.339381366628
00e12e8b_5609,11599.108134597429
00e12e8b_5610,11598.852914231711
00e12e8b_5611,11598.980465309965
00e12e8b_5612,11598.984836770396
00e12e8b_5613,11598.963935288413
00e12e8b_5614,11598.817944467804
00e12e8b_5615,11599.04481977657
00e12e8b_5616,11598.880664608769
00e12e8b_5617,11598.824283696791
00e12e8b_5618,11598.602085165168
00e12e8b_5619,11598.820163649048
00e12e8b_5620,11598.961244571865
00e12e8b_5621,11598.955710717697
00e12e8b_5622,11598.968029172538
00e12e8b_5623,11598.956405034309
00e12e8b_5624,11598.76288597254
00e12e8b_5625,11598.954326306965
00e12e8b_5626,11598.899690176715
00e12e8b_5627,11598.97740889044
00e12e8b_5628,11598.746162121242
00e12e8b_5629,11599.01695488439
00e12e8b_5630,11595.985959048194
00e12e8b_5631,11593.021359818667
00e12e8b_5632,11588.74179101032
00e12e8b_5633,11588.203973804333
00e12e8b_5634,11587.354508960221
00e12e8b_5635,11586.673725187924
00e12e8b_5636,11585.712583337603
00e12e8b_5637,11585.691848456767
00e12e8b_5638,11587.297726501807
00e12e8b_5639,11588.259358077683
00e12e8b_5640,11588.489229282206
00e12e8b_5641,11587.812844279426
00e12e8b_5642,11587.642827399599
00e12e8b_5643,11587.850803323614
00e12e8b_5644,11588.060873624514
00e12e8b_5645,11588.068743382437
00e12e8b_5646,11587.866952354258
00e12e8b_5647,11588.421785906075
00e12e8b_5648,11588.614323614718
00e12e8b_5649,11588.569238979302
00e12e8b_5650,11588.04201046203
00e12e8b_5651,11588.140506187972
00e12e8b_5652,11588.644808303223
00e12e8b_5653,11588.640576532389
00e12e8b_5654,11588.531171591996
00e12e8b_5655,11588.566146531388
00e12e8b_5656,11588.559473354304
00e12e8b_5657,11588.59723377097
00e12e8b_5658,11588.03723264722
00e12e8b_5659,11587.81339194719
00e12e8b_5660,11587.58613327841
00e12e8b_5661,11587.931239848976
00e12e8b_5662,11588.123993309424
00e12e8b_5663,11588.21242193799
00e12e8b_5664,11587.645051065638
00e12e8b_5665,11587.188653734253
00e12e8b_5666,11587.014471867775
00e12e8b_5667,11586.979279061137
00e12e8b_5668,11587.241266141411
00e12e8b_5669,11587.869799288203
00e12e8b_5670,11588.104434178784
00e12e8b_5671,11588.052099081096
00e12e8b_5672,11586.505790413665
00e12e8b_5673,11584.988032666151
00e12e8b_5674,11584.923099373138
00e12e8b_5675,11585.756073802122
00e12e8b_5676,11588.193916115093
00e12e8b_5677,11589.306123920827
00e12e8b_5678,11590.541575458099
00e12e8b_5679,11589.221784084599
00e12e8b_5680,11587.97442109652
00e12e8b_5681,11586.654629723018
00e12e8b_5682,11586.654368238698
00e12e8b_5683,11588.192454176198
00e12e8b_5684,11588.283404403863
00e12e8b_5685,11589.603457261685
00e12e8b_5686,11589.387604103931
00e12e8b_5687,11590.620514260183
00e12e8b_5688,11590.838971584599
00e12e8b_5689,11591.05742890902
00e12e8b_5690,11589.515111200684
00e12e8b_5691,11589.296653876268
00e12e8b_5692,11589.078196551847
00e12e8b_5693,11590.583053693714
00e12e8b_5694,11591.26167574033
00e12e8b_5695,11594.026762386804
00e12e8b_5696,11596.730698872207
00e12e8b_5697,11599.12543027314
00e12e8b_5698,11599.655321260376
00e12e8b_5699,11600.30839979807
00e12e8b_5700,11600.936735138797
00e12e8b_5701,11600.959847117963
00e12e8b_5702,11601.398509354365
00e12e8b_5703,11601.43736098449
00e12e8b_5704,11601.851955386366
00e12e8b_5705,11601.84630140144
00e12e8b_5706,11601.846301401436
00e12e8b_5707,11601.854157805084
00e12e8b_5708,11601.854157805084
00e12e8b_5709,11601.870249105203
00e12e8b_5710,11601.860511376779
00e12e8b_5711,11601.83263870015
00e12e8b_5712,11601.804766023519
00e12e8b_5713,11601.802722375429
00e12e8b_5714,11601.830595052059
00e12e8b_5715,11601.892810176607
00e12e8b_5716,11601.926336838163
00e12e8b_5717,11601.944587985961
00e12e8b_5718,11601.894154237927
00e12e8b_5719,11601.874462211788
00e12e8b_5720,11601.833362688434
00e12e8b_5721,11601.925863656079
00e12e8b_5722,11602.080904739507
00e12e8b_5723,11602.56201913768
00e12e8b_5724,11603.101192580683
00e12e8b_5725,11603.623135930255
00e12e8b_5726,11603.698527130628
00e12e8b_5727,11603.637571658553
00e12e8b_5728,11603.408021362817
00e12e8b_5729,11603.334277669812
00e12e8b_5730,11603.239563561343
00e12e8b_5731,11603.339210969387
00e12e8b_5732,11603.387388052719
00e12e8b_5733,11603.399920604803
00e12e8b_5734,11603.381198918281
00e12e8b_5735,11603.381198918281
00e12e8b_5736,11603.416843449531
00e12e8b_5737,11603.42347904431
00e12e8b_5738,11603.393380881198
00e12e8b_5739,11603.370319449046
00e12e8b_5740,11603.357452650023
00e12e8b_5741,11603.387550813137
00e12e8b_5742,11603.410612245287
00e12e8b_5743,11603.391131542303
00e12e8b_5744,11603.461294506144
00e12e8b_5745,11603.5730611356
00e12e8b_5746,11603.670491624136
00e12e8b_5747,11603.519462607046
00e12e8b_5748,11603.160536871217
00e12e8b_5749,11602.706410289278
00e12e8b_5750,11602.234452001692
00e12e8b_5751,11602.171817639159
00e12e8b_5752,11602.419549848259
00e12e8b_5753,11602.875931228557
00e12e8b_5754,11602.96026404691
00e12e8b_5755,11602.67829965794
00e12e8b_5756,11602.258941545
00e12e8b_5757,11601.984592288287
00e12e8b_5758,11601.911304638523
00e12e8b_5759,11601.925139273939
00e12e8b_5760,11602.043557416297
00e12e8b_5761,11602.3375978361
00e12e8b_5762,11602.93412153291
00e12e8b_5763,11603.519801059032
00e12e8b_5764,11603.956885687743
00e12e8b_5765,11603.811855301557
00e12e8b_5766,11603.233291376591
00e12e8b_5767,11602.533354410856
00e12e8b_5768,11602.081861100232
00e12e8b_5769,11601.993374814498
00e12e8b_5770,11601.935106585332
00e12e8b_5771,11602.022787366988
00e12e8b_5772,11602.243647516516
00e12e8b_5773,11602.57502198896
00e12e8b_5774,11603.134643121419
00e12e8b_5775,11603.567672099574
00e12e8b_5776,11604.04971663633
00e12e8b_5777,11604.079399155211
00e12e8b_5778,11604.14522139814
00e12e8b_5779,11604.11809309714
00e12e8b_5780,11604.050918469546
00e12e8b_5781,11603.793550995111
00e12e8b_5782,11603.262465731677
00e12e8b_5783,11602.74671017527
00e12e8b_5784,11602.32896263326
00e12e8b_5785,11602.166367865575
00e12e8b_5786,11602.134929294072
00e12e8b_5787,11602.496607116262
00e12e8b_5788,11603.299246615199
00e12e8b_5789,11604.20354448394
00e12e8b_5790,11604.772353819026
00e12e8b_5791,11604.725213954254
00e12e8b_5792,11604.618582823527
00e12e8b_5793,11604.512553507213
00e12e8b_5794,11604.668332673114
00e12e8b_5795,11604.845197523522
00e12e8b_5796,11604.940269761826
00e12e8b_5797,11604.824975932832
00e12e8b_5798,11604.692967282974
00e12e8b_5799,11604.612611802098
00e12e8b_5800,11604.554892889137
00e12e8b_5801,11604.461013149123
00e12e8b_5802,11604.402552394333
00e12e8b_5803,11604.448906429818
00e12e8b_5804,11604.598838509557
00e12e8b_5805,11604.628324927566
00e12e8b_5806,11604.706802230992
00e12e8b_5807,11604.657997884713
00e12e8b_5808,11604.441820336624
00e12e8b_5809,11604.116267788535
00e12e8b_5810,11603.74937569683
00e12e8b_5811,11603.639788442051
00e12e8b_5812,11603.681868021771
00e12e8b_5813,11603.821636207489
00e12e8b_5814,11603.930384839005
00e12e8b_5815,11603.95533772977
00e12e8b_5816,11603.948473755985
00e12e8b_5817,11603.887739447388
00e12e8b_5818,11603.649481616914
00e12e8b_5819,11603.539318688665
00e12e8b_5820,11603.491304365749
00e12e8b_5821,11603.66765269411
00e12e8b_5822,11603.72838700271
00e12e8b_5823,11603.924600414583
00e12e8b_5824,11604.07560230122
00e12e8b_5825,11604.246022682695
00e12e8b_5826,11604.235603033414
00e12e8b_5827,11604.280199387582
00e12e8b_5828,11604.30287529688
00e12e8b_5829,11604.41288817885
00e12e8b_5830,11604.561931943847
00e12e8b_5831,11603.97827868708
00e12e8b_5832,11603.34172106395
00e12e8b_5833,11602.515908867257
00e12e8b_5834,11602.342711779458
00e12e8b_5835,11602.58753102038
00e12e8b_5836,11603.076360947618
00e12e8b_5837,11603.755800334897
00e12e8b_5838,11604.060966317751
00e12e8b_5839,11604.159861650036
00e12e8b_5840,11604.126658525036
00e12e8b_5841,11604.158071285454
00e12e8b_5842,11604.234568681286
00e12e8b_5843,11604.234718217447
00e12e8b_5844,11604.12295158799
00e12e8b_5845,11604.010557468291
00e12e8b_5846,11603.996071791209
00e12e8b_5847,11604.018021936727
00e12e8b_5848,11604.043127260738
00e12e8b_5849,11604.057612937822
00e12e8b_5850,11604.094595287394
00e12e8b_5851,11604.188896005251
00e12e8b_5852,11604.26554370747
00e12e8b_5853,11604.26554370747
00e12e8b_5854,11604.265521196736
00e12e8b_5855,11604.286154446892
00e12e8b_5856,11604.352172175013
00e12e8b_5857,11604.3469210151
00e12e8b_5858,11604.336664126235
00e12e8b_5859,11604.336664126235
00e12e8b_5860,11604.28853915596
00e12e8b_5861,11603.90411433773
00e12e8b_5862,11603.429351587576
00e12e8b_5863,11602.884592159993
00e12e8b_5864,11602.66256402914
00e12e8b_5865,11602.45925626426
00e12e8b_5866,11602.574064635503
00e12e8b_5867,11603.00088284399
00e12e8b_5868,11603.533871391162
00e12e8b_5869,11603.923534089476
00e12e8b_5870,11604.035175281277
00e12e8b_5871,11604.010710671762
00e12e8b_5872,11603.984981301672
00e12e8b_5873,11603.976580761053
00e12e8b_5874,11604.021177115219
00e12e8b_5875,11603.99107895211
00e12e8b_5876,11603.837082924758
00e12e8b_5877,11603.708202548592
00e12e8b_5878,11603.362286675736
00e12e8b_5879,11602.938342711064
00e12e8b_5880,11602.443139253743
00e12e8b_5881,11602.19506945622
00e12e8b_5882,11602.10023551424
00e12e8b_5883,11602.031434940915
00e12e8b_5884,11601.593561514652
00e12e8b_5885,11601.525045487064
00e12e8b_5886,11597.473125561757
00e12e8b_5887,11592.766526024707
00e12e8b_5888,11588.087474869186
00e12e8b_5889,11587.606425330714
00e12e8b_5890,11588.942212007614
00e12e8b_5891,11589.579098197946
00e12e8b_5892,11591.394872401082
00e12e8b_5893,11592.17374926799
00e12e8b_5894,11592.902346939662
00e12e8b_5895,11593.625567791214
00e12e8b_5896,11594.012292844085
00e12e8b_5897,11594.340823230908
00e12e8b_5898,11592.456355698463
00e12e8b_5899,11592.216194883622
00e12e8b_5900,11592.477603820225
00e12e8b_5901,11593.60912788808
00e12e8b_5902,11593.715554362128
00e12e8b_5903,11593.754454101712
00e12e8b_5904,11593.793353841294
00e12e8b_5905,11593.81049030713
00e12e8b_5906,11593.698232241717
00e12e8b_5907,11594.871196304957
00e12e8b_5908,11596.074180029695
00e12e8b_5909,11598.063414829965
00e12e8b_5910,11600.604008798167
00e12e8b_5911,11603.538897524633
00e12e8b_5912,11606.062154153393
00e12e8b_5913,11607.15331203447
00e12e8b_5914,11607.715278583868
00e12e8b_5915,11608.045218846213
00e12e8b_5916,11607.69079641505
00e12e8b_5917,11606.85984091475
00e12e8b_5918,11603.153154465734
00e12e8b_5919,11602.034589255973
00e12e8b_5920,11601.132244167164
00e12e8b_5921,11602.524839175567
00e12e8b_5922,11601.483451476442
00e12e8b_5923,11601.262970441827
00e12e8b_5924,11600.940906711467
00e12e8b_5925,11600.865761496903
00e12e8b_5926,11602.224936568227
00e12e8b_5927,11603.633151246378
00e12e8b_5928,11605.584609280364
00e12e8b_5929,11610.390998722904
00e12e8b_5930,11616.909108663773
00e12e8b_5931,11623.856737606924
00e12e8b_5932,11626.09759802242
00e12e8b_5933,11624.373222992019
00e12e8b_5934,11621.511644487655
00e12e8b_5935,11613.316947374318
00e12e8b_5936,11606.559877685626
00e12e8b_5937,11599.423295969122
00e12e8b_5938,11598.083262198292
00e12e8b_5939,11597.945864146226
00e12e8b_5940,11598.677375179172
00e12e8b_5941,11600.42365723248
00e12e8b_5942,11602.586384445123
00e12e8b_5943,11605.360494368813
00e12e8b_5944,11605.981990987384
00e12e8b_5945,11606.420430031683
00e12e8b_5946,11606.028562813
00e12e8b_5947,11605.154587329123
00e12e8b_5948,11603.95639646195
00e12e8b_5949,11602.545974585693
00e12e8b_5950,11602.30121551048
00e12e8b_5951,11602.286211091554
00e12e8b_5952,11602.616254431034
00e12e8b_5953,11603.10016895755
00e12e8b_5954,11604.734237828634
00e12e8b_5955,11605.236878468822
00e12e8b_5956,11604.658503215294
00e12e8b_5957,11603.028666115044
00e12e8b_5958,11602.217816931034
00e12e8b_5959,11602.499839858903
00e12e8b_5960,11602.584830021153
00e12e8b_5961,11602.957222487787
00e12e8b_5962,11604.82719951703
00e12e8b_5963,11610.44687439639
00e12e8b_5964,11615.230571373475
00e12e8b_5965,11620.054321576334
00e12e8b_5966,11622.078303992525
00e12e8b_5967,11625.371244879592
00e12e8b_5968,11627.728599240647
00e12e8b_5969,11631.691270337311
00e12e8b_5970,11635.314974454688
00e12e8b_5971,11637.707384631134
00e12e8b_5972,11634.424111947481
00e12e8b_5973,11630.53187022908
00e12e8b_5974,11627.486587568312
00e12e8b_5975,11634.173033103141
00e12e8b_5976,11642.941575520243
00e12e8b_5977,11648.84556123383
00e12e8b_5978,11644.617568060285
00e12e8b_5979,11641.055765382982
00e12e8b_5980,11639.611817220413
00e12e8b_5981,11639.236911950064
00e12e8b_5982,11634.440327200662
00e12e8b_5983,11627.624989406948
00e12e8b_5984,11622.699773437227
00e12e8b_5985,11621.274075814084
00e12e8b_5986,11621.569396943907
00e12e8b_5987,11620.871243343054
00e12e8b_5988,11620.573836534813
00e12e8b_5989,11621.565256982702
00e12e8b_5990,11624.509871727241
00e12e8b_5991,11625.641498651576
00e12e8b_5992,11626.480582846367
00e12e8b_5993,11626.191294163966
00e12e8b_5994,11625.641462514774
00e12e8b_5995,11625.190836239455
00e12e8b_5996,11627.266129820664
00e12e8b_5997,11630.196513223584
00e12e8b_5998,11632.34240065215
00e12e8b_5999,11632.368904866584
00e12e8b_6000,11631.411583707964
00e12e8b_6001,11628.989240973096
00e12e8b_6002,11628.202939611285
00e12e8b_6003,11624.665841425847
00e12e8b_6004,11623.074666985267
00e12e8b_6005,11620.18380867701
00e12e8b_6006,11615.97040461768
00e12e8b_6007,11609.504835520856
00e12e8b_6008,11603.314027259841
00e12e8b_6009,11602.111061494863
00e12e8b_6010,11601.398815014618
00e12e8b_6011,11600.37296878522
00e12e8b_6012,11598.897522289422
00e12e8b_6013,11599.049312077395
00e12e8b_6014,11599.354756046223
00e12e8b_6015,11599.41397487592
00e12e8b_6016,11599.417555605089
00e12e8b_6017,11599.789381063747
00e12e8b_6018,11600.029045064075
00e12e8b_6019,11599.960197407825
00e12e8b_6020,11599.942995525797
00e12e8b_6021,11599.891653675082
00e12e8b_6022,11601.541915649896
00e12e8b_6023,11602.741850923077
00e12e8b_6024,11604.046681918257
00e12e8b_6025,11603.687446144346
00e12e8b_6026,11604.88690471409
00e12e8b_6027,11605.96563357907
00e12e8b_6028,11605.943755791954
00e12e8b_6029,11604.713167316675
00e12e8b_6030,11602.06904595952
00e12e8b_6031,11601.79320637054
00e12e8b_6032,11600.015202977307
00e12e8b_6033,11599.89431430262
00e12e8b_6034,11599.018813038085
00e12e8b_6035,11599.462851871294
00e12e8b_6036,11599.775902070562
00e12e8b_6037,11599.783081201975
00e12e8b_6038,11599.599915048297
00e12e8b_6039,11599.541665760704
00e12e8b_6040,11599.536131906534
00e12e8b_6041,11599.654820367638
00e12e8b_6042,11599.654820367638
00e12e8b_6043,11599.761633441623
00e12e8b_6044,11599.761633441623
00e12e8b_6045,11599.761633441623
00e12e8b_6046,11599.765865212457
00e12e8b_6047,11599.95075761729
00e12e8b_6048,11600.14504244276
00e12e8b_6049,11600.310201635135
00e12e8b_6050,11602.103195297808
00e12e8b_6051,11601.640752005876
00e12e8b_6052,11601.26804493289
00e12e8b_6053,11599.198795212711
00e12e8b_6054,11599.043323657701
00e12e8b_6055,11599.628024900217
00e12e8b_6056,11599.757952100867
00e12e8b_6057,11600.443822791487
00e12e8b_6058,11600.342312946776
00e12e8b_6059,11600.325563798588
00e12e8b_6060,11599.438905170342
00e12e8b_6061,11598.437564474234
00e12e8b_6062,11597.701383578167
00e12e8b_6063,11597.712739071963
00e12e8b_6064,11597.720384644197
00e12e8b_6065,11597.720906493463
00e12e8b_6066,11597.709550999665
00e12e8b_6067,11597.583715728737
00e12e8b_6068,11598.532070551018
00e12e8b_6069,11599.38303595094
00e12e8b_6070,11600.234874885255
00e12e8b_6071,11600.247291299007
00e12e8b_6072,11599.122929814706
00e12e8b_6073,11598.40115792215
00e12e8b_6074,11599.12618059238
00e12e8b_6075,11600.292761477222
00e12e8b_6076,11600.506012010605
00e12e8b_6077,11599.966931229681
00e12e8b_6078,11599.931177877173
00e12e8b_6079,11600.995241581963
00e12e8b_6080,11600.224084945403
00e12e8b_6081,11600.72335611595
00e12e8b_6082,11600.36044771151
00e12e8b_6083,11601.013551360025
00e12e8b_6084,11600.632998271338
00e12e8b_6085,11600.57465295626
00e12e8b_6086,11600.581789050979
00e12e8b_6087,11601.217211879228
00e12e8b_6088,11601.573928245007
00e12e8b_6089,11601.67773873025
00e12e8b_6090,11600.125665465524
00e12e8b_6091,11599.643498622661
00e12e8b_6092,11600.710778376591
00e12e8b_6093,11602.717839449615
00e12e8b_6094,11603.989666137588
00e12e8b_6095,11602.60790743884
00e12e8b_6096,11601.345750667266
00e12e8b_6097,11600.315645221917
00e12e8b_6098,11600.69945169884
00e12e8b_6099,11599.660551959256
00e12e8b_6100,11599.520134747616
00e12e8b_6101,11599.182127984284
00e12e8b_6102,11600.154929580278
00e12e8b_6103,11600.04478740028
00e12e8b_6104,11600.13463115028
00e12e8b_6105,11600.267670447209
00e12e8b_6106,11600.400645707625
00e12e8b_6107,11600.46965612429
00e12e8b_6108,11601.664871742529
00e12e8b_6109,11602.911963540182
00e12e8b_6110,11603.929476571391
00e12e8b_6111,11606.614922037284
00e12e8b_6112,11609.235684587673
00e12e8b_6113,11611.918730281139
00e12e8b_6114,11612.15406913157
00e12e8b_6115,11612.73240534161
00e12e8b_6116,11613.083164218275
00e12e8b_6117,11613.166179150241
00e12e8b_6118,11613.143124552438
00e12e8b_6119,11613.474903848883
00e12e8b_6120,11613.67964550658
00e12e8b_6121,11613.68630773719
00e12e8b_6122,11614.391550861803
00e12e8b_6123,11614.368764403467
00e12e8b_6124,11614.343211018053
00e12e8b_6125,11613.557553301136
00e12e8b_6126,11613.29137739908
00e12e8b_6127,11613.003620809419
00e12e8b_6128,11612.349444400077
00e12e8b_6129,11609.087355114016
00e12e8b_6130,11606.151877966688
00e12e8b_6131,11602.30089811222
00e12e8b_6132,11601.38125208111
00e12e8b_6133,11599.2985016822
00e12e8b_6134,11598.757877917247
00e12e8b_6135,11599.014699424542
00e12e8b_6136,11600.026514399278
00e12e8b_6137,11600.808016024797
00e12e8b_6138,11600.725549989735
00e12e8b_6139,11600.723376945565
00e12e8b_6140,11600.74817368765
00e12e8b_6141,11600.815525839562
00e12e8b_6142,11601.04268588504
00e12e8b_6143,11601.074159120006
00e12e8b_6144,11601.08034401584
00e12e8b_6145,11601.05237205977
00e12e8b_6146,11601.027083720635
00e12e8b_6147,11601.18070671837
00e12e8b_6148,11600.204851486997
00e12e8b_6149,11599.195110982064
00e12e8b_6150,11597.875234141704
00e12e8b_6151,11597.38983666972
00e12e8b_6152,11599.005804379305
00e12e8b_6153,11599.848338070653
00e12e8b_6154,11599.858247733204
00e12e8b_6155,11599.101208157983
00e12e8b_6156,11599.220655580948
00e12e8b_6157,11600.479358445513
00e12e8b_6158,11600.435250372597
00e12e8b_6159,11600.435250372597
00e12e8b_6160,11600.3649079322
00e12e8b_6161,11600.465052210538
00e12e8b_6162,11598.315015694434
00e12e8b_6163,11596.278326767542
00e12e8b_6164,11594.981102052305
00e12e8b_6165,11595.964702316203
00e12e8b_6166,11596.735647829753
00e12e8b_6167,11596.681900647425
00e12e8b_6168,11596.453665378196
00e12e8b_6169,11596.363853113813
00e12e8b_6170,11596.574175916228
00e12e8b_6171,11595.899068364592
00e12e8b_6172,11595.850030234544
00e12e8b_6173,11597.217992822296
00e12e8b_6174,11602.31484232245
00e12e8b_6175,11606.144727429724
00e12e8b_6176,11608.79735066245
00e12e8b_6177,11608.945119009959
00e12e8b_6178,11609.506927715958
00e12e8b_6179,11609.627555930036
00e12e8b_6180,11608.992917134701
00e12e8b_6181,11608.479075955125
00e12e8b_6182,11608.09385441226
00e12e8b_6183,11608.490460977488
00e12e8b_6184,11605.717360958331
00e12e8b_6185,11602.807710222734
00e12e8b_6186,11599.80467030502
00e12e8b_6187,11599.970284227718
00e12e8b_6188,11600.130364296245
00e12e8b_6189,11600.129311552275
00e12e8b_6190,11599.969231483745
00e12e8b_6191,11602.674740874392
00e12e8b_6192,11605.625789678603
00e12e8b_6193,11609.14238808516
00e12e8b_6194,11609.945445484715
00e12e8b_6195,11610.562834022547
00e12e8b_6196,11610.960736862413
00e12e8b_6197,11611.13195846178
00e12e8b_6198,11611.14221236803
00e12e8b_6199,11610.96949985424
00e12e8b_6200,11610.748190418162
00e12e8b_6201,11610.2614457449
00e12e8b_6202,11610.08892160917
00e12e8b_6203,11610.044021715303
00e12e8b_6204,11610.689554755458
00e12e8b_6205,11610.803686554505
00e12e8b_6206,11610.882535722345
00e12e8b_6207,11610.695915324206
00e12e8b_6208,11610.927020174675
00e12e8b_6209,11611.121844805215
00e12e8b_6210,11611.347542182726
00e12e8b_6211,11611.470367692064
00e12e8b_6212,11611.660361521293
00e12e8b_6213,11611.761051613965
00e12e8b_6214,11611.80563545416
00e12e8b_6215,11611.860198226786
00e12e8b_6216,11611.705099125376
00e12e8b_6217,11611.567667911571
00e12e8b_6218,11611.412630536484
00e12e8b_6219,11611.467255035437
00e12e8b_6220,11611.467255035439
00e12e8b_6221,11611.688310138643
00e12e8b_6222,11611.896995450183
00e12e8b_6223,11612.120849527177
00e12e8b_6224,11612.131275729816
00e12e8b_6225,11612.060790412701
00e12e8b_6226,11611.879015819177
00e12e8b_6227,11611.589389489285
00e12e8b_6228,11611.412542882908
00e12e8b_6229,11611.412542882908
00e12e8b_6230,11611.198716688641
00e12e8b_6231,11610.843927378191
00e12e8b_6232,11610.467864545868
00e12e8b_6233,11610.440305543081
00e12e8b_6234,11610.685364351062
00e12e8b_6235,11610.973073859112
00e12e8b_6236,11611.075177132732
00e12e8b_6237,11610.84947975522
00e12e8b_6238,11610.690787937181
00e12e8b_6239,11610.690787937181
00e12e8b_6240,11610.671445258684
00e12e8b_6241,11610.38117907868
00e12e8b_6242,11610.198301176131
00e12e8b_6243,11610.1319864132
00e12e8b_6244,11610.15985908983
00e12e8b_6245,11610.255419529605
00e12e8b_6246,11610.40253437609
00e12e8b_6247,11610.56332109757
00e12e8b_6248,11610.639730765099
00e12e8b_6249,11610.726434984257
00e12e8b_6250,11610.874011599248
00e12e8b_6251,11610.88325937315
00e12e8b_6252,11610.890723841583
00e12e8b_6253,11610.900092550151
00e12e8b_6254,11611.244237961626
00e12e8b_6255,11611.396668632797
00e12e8b_6256,11611.61370850287
00e12e8b_6257,11611.455629226883
00e12e8b_6258,11611.50862612167
00e12e8b_6259,11611.384269733671
00e12e8b_6260,11611.347974160753
00e12e8b_6261,11611.392545021576
00e12e8b_6262,11611.649895697696
00e12e8b_6263,11611.745333384853
00e12e8b_6264,11611.801508303892
00e12e8b_6265,11611.694382574293
00e12e8b_6266,11611.642890199639
00e12e8b_6267,11611.555165253112
00e12e8b_6268,11611.675311816043
00e12e8b_6269,11611.62605841084
00e12e8b_6270,11611.613037577508
00e12e8b_6271,11611.60066778584
00e12e8b_6272,11611.810980701548
00e12e8b_6273,11611.9622015293
00e12e8b_6274,11611.803222930082
00e12e8b_6275,11611.579125255861
00e12e8b_6276,11611.372516003968
00e12e8b_6277,11611.078670104582
00e12e8b_6278,11610.722604521885
00e12e8b_6279,11610.317081044363
00e12e8b_6280,11610.087287496433
00e12e8b_6281,11610.024157726608
00e12e8b_6282,11609.659660888205
00e12e8b_6283,11609.010564322909
00e12e8b_6284,11605.487166178253
00e12e8b_6285,11602.939729543352
00e12e8b_6286,11598.647572297463
00e12e8b_6287,11596.54028914213
00e12e8b_6288,11593.706565409468
00e12e8b_6289,11593.799989888634
00e12e8b_6290,11594.613487437025
00e12e8b_6291,11596.805535884632
00e12e8b_6292,11598.104476510374
00e12e8b_6293,11599.38221165986
00e12e8b_6294,11600.13990227675
00e12e8b_6295,11599.097101771375
00e12e8b_6296,11597.73365776096
00e12e8b_6297,11597.02277626542
00e12e8b_6298,11595.964578447913
00e12e8b_6299,11595.110172079949
00e12e8b_6300,11593.235534849076
00e12e8b_6301,11594.024773539282
00e12e8b_6302,11595.403893583512
00e12e8b_6303,11596.143811777525
00e12e8b_6304,11596.894594303812
00e12e8b_6305,11596.626607501186
00e12e8b_6306,11597.678213388914
00e12e8b_6307,11597.61707934573
00e12e8b_6308,11597.65614184573
00e12e8b_6309,11595.74069824159
00e12e8b_6310,11595.218962268404
00e12e8b_6311,11596.489207266355
00e12e8b_6312,11598.346260123746
00e12e8b_6313,11599.532782263641
00e12e8b_6314,11600.111129567302
00e12e8b_6315,11598.867983976505
00e12e8b_6316,11597.168289175204
00e12e8b_6317,11596.00738264423
00e12e8b_6318,11596.024568712712
00e12e8b_6319,11596.438305872507
00e12e8b_6320,11595.721956401454
00e12e8b_6321,11595.404892351895
00e12e8b_6322,11594.521480780846
00e12e8b_6323,11594.300556032062
00e12e8b_6324,11594.773782262278
00e12e8b_6325,11595.55225849169
00e12e8b_6326,11595.383384696514
00e12e8b_6327,11594.72600363473
00e12e8b_6328,11594.159737745695
00e12e8b_6329,11594.079167016616
00e12e8b_6330,11594.43552676889
00e12e8b_6331,11594.641461550667
00e12e8b_6332,11594.019817553699
00e12e8b_6333,11594.021097568175
00e12e8b_6334,11594.40542789144
00e12e8b_6335,11596.88921953261
00e12e8b_6336,11598.40532912324
00e12e8b_6337,11602.846320961524
00e12e8b_6338,11605.256819479095
00e12e8b_6339,11608.398750402033
00e12e8b_6340,11608.967408783226
00e12e8b_6341,11609.973466931797
00e12e8b_6342,11610.598866580069
00e12e8b_6343,11610.784887954973
00e12e8b_6344,11610.874011599248
00e12e8b_6345,11610.891892734347
00e12e8b_6346,11610.793774014184
00e12e8b_6347,11610.672585156877
00e12e8b_6348,11610.069349582822
00e12e8b_6349,11609.559490166112
00e12e8b_6350,11608.790488099761
00e12e8b_6351,11605.567640672622
00e12e8b_6352,11602.285241363285
00e12e8b_6353,11599.883987339445
00e12e8b_6354,11599.863009675988
00e12e8b_6355,11599.857638582238
00e12e8b_6356,11602.571191526536
00e12e8b_6357,11605.411843399843
00e12e8b_6358,11608.602717392927
00e12e8b_6359,11609.172516473942
00e12e8b_6360,11609.954282091772
00e12e8b_6361,11610.506208929912
00e12e8b_6362,11610.427597632937
00e12e8b_6363,11610.671719535072
00e12e8b_6364,11610.334505094144
00e12e8b_6365,11609.957678885328
00e12e8b_6366,11610.049640227247
00e12e8b_6367,11610.335714595763
00e12e8b_6368,11610.988936068352
00e12e8b_6369,11610.906327102295
00e12e8b_6370,11611.490356146582
00e12e8b_6371,11611.594955083621
00e12e8b_6372,11612.17719405338
00e12e8b_6373,11611.93757519193
00e12e8b_6374,11611.499192596486
00e12e8b_6375,11610.654101289698
00e12e8b_6376,11610.379806713114
00e12e8b_6377,11610.32284594796
00e12e8b_6378,11610.31259204171
00e12e8b_6379,11610.186778516412
00e12e8b_6380,11610.599021085058
00e12e8b_6381,11611.309211957043
00e12e8b_6382,11611.82933604912
00e12e8b_6383,11611.786537191563
